$MeshFormat
2.2 0 8
$EndMeshFormat
$PhysicalNames
9
1 4 "inlet"
1 5 "outlet"
1 6 "bottom"
1 7 "top"
1 8 "left"
1 9 "right"
2 1 "fracture"
2 2 "natural_fracture"
2 3 "matrix"
$EndPhysicalNames
$Nodes
2028
1 0 0 0
2 0.1 0 0
3 49.9 0 0
4 50 0 0
5 0 24.95 0
6 0.1 24.95 0
7 49.9 24.95 0
8 50 24.95 0
9 0 25.05 0
10 0.1 25.05 0
11 49.9 25.05 0
12 50 25.05 0
13 0 50 0
14 0.1 50 0
15 49.9 50 0
16 50 50 0
17 0 74.95 0
18 0.1 74.95 0
19 49.9 74.95 0
20 50 74.95 0
21 0 75.05 0
22 0.1 75.05 0
23 49.9 75.05 0
24 50 75.05 0
25 0 100 0
26 0.1 100 0
27 49.9 100 0
28 50 100 0
29 0 124.95 0
30 0.1 124.95 0
31 49.9 124.95 0
32 50 124.95 0
33 0 125.05 0
34 0.1 125.05 0
35 49.9 125.05 0
36 50 125.05 0
37 0 150 0
38 0.1 150 0
39 49.9 150 0
40 50 150 0
41 0.2177595942306955 0 0
42 0.3713371636063902 0 0
43 0.5712939635775987 0 0
44 0.8310725588415639 0 0
45 1.167621480425505 0 0
46 1.602041780622574 0 0
47 2.160164625924769 0 0
48 2.872898452051423 0 0
49 3.776089194671704 0 0
50 4.909523771044141 0 0
51 6.314616623926604 0 0
52 8.030321838089872 0 0
53 10.08701811272338 0 0
54 12.49865973156656 0 0
55 15.25439582479418 0 0
56 18.31190376551296 0 0
57 21.5953059669258 0 0
58 24.99999999984315 0 0
59 28.40469403278432 0 0
60 31.68809623423083 0 0
61 34.74560417498714 0 0
62 37.50134026825118 0 0
63 39.91298188712974 0 0
64 41.96967816179535 0 0
65 43.68538337598797 0 0
66 45.09047622889232 0 0
67 46.22391080528217 0 0
68 47.12710154791595 0 0
69 47.83983537405296 0 0
70 48.39795821936263 0 0
71 48.83237851956491 0 0
72 49.1689274411525 0 0
73 49.42870603641895 0 0
74 49.62866283639185 0 0
75 49.78224040576862 0 0
76 0.2177595942306955 24.95 0
77 0.3713371636063902 24.95 0
78 0.5712939635775987 24.95 0
79 0.8310725588415639 24.95 0
80 1.167621480425505 24.95 0
81 1.602041780622574 24.95 0
82 2.160164625924769 24.95 0
83 2.872898452051423 24.95 0
84 3.776089194671704 24.95 0
85 4.909523771044141 24.95 0
86 6.314616623926604 24.95 0
87 8.030321838089872 24.95 0
88 10.08701811272338 24.95 0
89 12.49865973156656 24.95 0
90 15.25439582479418 24.95 0
91 18.31190376551296 24.95 0
92 21.5953059669258 24.95 0
93 24.99999999984315 24.95 0
94 28.40469403278432 24.95 0
95 31.68809623423083 24.95 0
96 34.74560417498714 24.95 0
97 37.50134026825118 24.95 0
98 39.91298188712974 24.95 0
99 41.96967816179535 24.95 0
100 43.68538337598797 24.95 0
101 45.09047622889232 24.95 0
102 46.22391080528217 24.95 0
103 47.12710154791595 24.95 0
104 47.83983537405296 24.95 0
105 48.39795821936263 24.95 0
106 48.83237851956491 24.95 0
107 49.1689274411525 24.95 0
108 49.42870603641895 24.95 0
109 49.62866283639185 24.95 0
110 49.78224040576862 24.95 0
111 0.2177595942306955 25.05 0
112 0.3713371636063902 25.05 0
113 0.5712939635775987 25.05 0
114 0.8310725588415639 25.05 0
115 1.167621480425505 25.05 0
116 1.602041780622574 25.05 0
117 2.160164625924769 25.05 0
118 2.872898452051423 25.05 0
119 3.776089194671704 25.05 0
120 4.909523771044141 25.05 0
121 6.314616623926604 25.05 0
122 8.030321838089872 25.05 0
123 10.08701811272338 25.05 0
124 12.49865973156656 25.05 0
125 15.25439582479418 25.05 0
126 18.31190376551296 25.05 0
127 21.5953059669258 25.05 0
128 24.99999999984315 25.05 0
129 28.40469403278432 25.05 0
130 31.68809623423083 25.05 0
131 34.74560417498714 25.05 0
132 37.50134026825118 25.05 0
133 39.91298188712974 25.05 0
134 41.96967816179535 25.05 0
135 43.68538337598797 25.05 0
136 45.09047622889232 25.05 0
137 46.22391080528217 25.05 0
138 47.12710154791595 25.05 0
139 47.83983537405296 25.05 0
140 48.39795821936263 25.05 0
141 48.83237851956491 25.05 0
142 49.1689274411525 25.05 0
143 49.42870603641895 25.05 0
144 49.62866283639185 25.05 0
145 49.78224040576862 25.05 0
146 0.2177595942306955 50 0
147 0.3713371636063902 50 0
148 0.5712939635775987 50 0
149 0.8310725588415639 50 0
150 1.167621480425505 50 0
151 1.602041780622574 50 0
152 2.160164625924769 50 0
153 2.872898452051423 50 0
154 3.776089194671704 50 0
155 4.909523771044141 50 0
156 6.314616623926604 50 0
157 8.030321838089872 50 0
158 10.08701811272338 50 0
159 12.49865973156656 50 0
160 15.25439582479418 50 0
161 18.31190376551296 50 0
162 21.5953059669258 50 0
163 24.99999999984315 50 0
164 28.40469403278432 50 0
165 31.68809623423083 50 0
166 34.74560417498714 50 0
167 37.50134026825118 50 0
168 39.91298188712974 50 0
169 41.96967816179535 50 0
170 43.68538337598797 50 0
171 45.09047622889232 50 0
172 46.22391080528217 50 0
173 47.12710154791595 50 0
174 47.83983537405296 50 0
175 48.39795821936263 50 0
176 48.83237851956491 50 0
177 49.1689274411525 50 0
178 49.42870603641895 50 0
179 49.62866283639185 50 0
180 49.78224040576862 50 0
181 0.2177595942306955 74.95 0
182 0.3713371636063902 74.95 0
183 0.5712939635775987 74.95 0
184 0.8310725588415639 74.95 0
185 1.167621480425505 74.95 0
186 1.602041780622574 74.95 0
187 2.160164625924769 74.95 0
188 2.872898452051423 74.95 0
189 3.776089194671704 74.95 0
190 4.909523771044141 74.95 0
191 6.314616623926604 74.95 0
192 8.030321838089872 74.95 0
193 10.08701811272338 74.95 0
194 12.49865973156656 74.95 0
195 15.25439582479418 74.95 0
196 18.31190376551296 74.95 0
197 21.5953059669258 74.95 0
198 24.99999999984315 74.95 0
199 28.40469403278432 74.95 0
200 31.68809623423083 74.95 0
201 34.74560417498714 74.95 0
202 37.50134026825118 74.95 0
203 39.91298188712974 74.95 0
204 41.96967816179535 74.95 0
205 43.68538337598797 74.95 0
206 45.09047622889232 74.95 0
207 46.22391080528217 74.95 0
208 47.12710154791595 74.95 0
209 47.83983537405296 74.95 0
210 48.39795821936263 74.95 0
211 48.83237851956491 74.95 0
212 49.1689274411525 74.95 0
213 49.42870603641895 74.95 0
214 49.62866283639185 74.95 0
215 49.78224040576862 74.95 0
216 0.2177595942306955 75.05 0
217 0.3713371636063902 75.05 0
218 0.5712939635775987 75.05 0
219 0.8310725588415639 75.05 0
220 1.167621480425505 75.05 0
221 1.602041780622574 75.05 0
222 2.160164625924769 75.05 0
223 2.872898452051423 75.05 0
224 3.776089194671704 75.05 0
225 4.909523771044141 75.05 0
226 6.314616623926604 75.05 0
227 8.030321838089872 75.05 0
228 10.08701811272338 75.05 0
229 12.49865973156656 75.05 0
230 15.25439582479418 75.05 0
231 18.31190376551296 75.05 0
232 21.5953059669258 75.05 0
233 24.99999999984315 75.05 0
234 28.40469403278432 75.05 0
235 31.68809623423083 75.05 0
236 34.74560417498714 75.05 0
237 37.50134026825118 75.05 0
238 39.91298188712974 75.05 0
239 41.96967816179535 75.05 0
240 43.68538337598797 75.05 0
241 45.09047622889232 75.05 0
242 46.22391080528217 75.05 0
243 47.12710154791595 75.05 0
244 47.83983537405296 75.05 0
245 48.39795821936263 75.05 0
246 48.83237851956491 75.05 0
247 49.1689274411525 75.05 0
248 49.42870603641895 75.05 0
249 49.62866283639185 75.05 0
250 49.78224040576862 75.05 0
251 0.2177595942306955 100 0
252 0.3713371636063902 100 0
253 0.5712939635775987 100 0
254 0.8310725588415639 100 0
255 1.167621480425505 100 0
256 1.602041780622574 100 0
257 2.160164625924769 100 0
258 2.872898452051423 100 0
259 3.776089194671704 100 0
260 4.909523771044141 100 0
261 6.314616623926604 100 0
262 8.030321838089872 100 0
263 10.08701811272338 100 0
264 12.49865973156656 100 0
265 15.25439582479418 100 0
266 18.31190376551296 100 0
267 21.5953059669258 100 0
268 24.99999999984315 100 0
269 28.40469403278432 100 0
270 31.68809623423083 100 0
271 34.74560417498714 100 0
272 37.50134026825118 100 0
273 39.91298188712974 100 0
274 41.96967816179535 100 0
275 43.68538337598797 100 0
276 45.09047622889232 100 0
277 46.22391080528217 100 0
278 47.12710154791595 100 0
279 47.83983537405296 100 0
280 48.39795821936263 100 0
281 48.83237851956491 100 0
282 49.1689274411525 100 0
283 49.42870603641895 100 0
284 49.62866283639185 100 0
285 49.78224040576862 100 0
286 0.2177595942306955 124.95 0
287 0.3713371636063902 124.95 0
288 0.5712939635775987 124.95 0
289 0.8310725588415639 124.95 0
290 1.167621480425505 124.95 0
291 1.602041780622574 124.95 0
292 2.160164625924769 124.95 0
293 2.872898452051423 124.95 0
294 3.776089194671704 124.95 0
295 4.909523771044141 124.95 0
296 6.314616623926604 124.95 0
297 8.030321838089872 124.95 0
298 10.08701811272338 124.95 0
299 12.49865973156656 124.95 0
300 15.25439582479418 124.95 0
301 18.31190376551296 124.95 0
302 21.5953059669258 124.95 0
303 24.99999999984315 124.95 0
304 28.40469403278432 124.95 0
305 31.68809623423083 124.95 0
306 34.74560417498714 124.95 0
307 37.50134026825118 124.95 0
308 39.91298188712974 124.95 0
309 41.96967816179535 124.95 0
310 43.68538337598797 124.95 0
311 45.09047622889232 124.95 0
312 46.22391080528217 124.95 0
313 47.12710154791595 124.95 0
314 47.83983537405296 124.95 0
315 48.39795821936263 124.95 0
316 48.83237851956491 124.95 0
317 49.1689274411525 124.95 0
318 49.42870603641895 124.95 0
319 49.62866283639185 124.95 0
320 49.78224040576862 124.95 0
321 0.2177595942306955 125.05 0
322 0.3713371636063902 125.05 0
323 0.5712939635775987 125.05 0
324 0.8310725588415639 125.05 0
325 1.167621480425505 125.05 0
326 1.602041780622574 125.05 0
327 2.160164625924769 125.05 0
328 2.872898452051423 125.05 0
329 3.776089194671704 125.05 0
330 4.909523771044141 125.05 0
331 6.314616623926604 125.05 0
332 8.030321838089872 125.05 0
333 10.08701811272338 125.05 0
334 12.49865973156656 125.05 0
335 15.25439582479418 125.05 0
336 18.31190376551296 125.05 0
337 21.5953059669258 125.05 0
338 24.99999999984315 125.05 0
339 28.40469403278432 125.05 0
340 31.68809623423083 125.05 0
341 34.74560417498714 125.05 0
342 37.50134026825118 125.05 0
343 39.91298188712974 125.05 0
344 41.96967816179535 125.05 0
345 43.68538337598797 125.05 0
346 45.09047622889232 125.05 0
347 46.22391080528217 125.05 0
348 47.12710154791595 125.05 0
349 47.83983537405296 125.05 0
350 48.39795821936263 125.05 0
351 48.83237851956491 125.05 0
352 49.1689274411525 125.05 0
353 49.42870603641895 125.05 0
354 49.62866283639185 125.05 0
355 49.78224040576862 125.05 0
356 0.2177595942306955 150 0
357 0.3713371636063902 150 0
358 0.5712939635775987 150 0
359 0.8310725588415639 150 0
360 1.167621480425505 150 0
361 1.602041780622574 150 0
362 2.160164625924769 150 0
363 2.872898452051423 150 0
364 3.776089194671704 150 0
365 4.909523771044141 150 0
366 6.314616623926604 150 0
367 8.030321838089872 150 0
368 10.08701811272338 150 0
369 12.49865973156656 150 0
370 15.25439582479418 150 0
371 18.31190376551296 150 0
372 21.5953059669258 150 0
373 24.99999999984315 150 0
374 28.40469403278432 150 0
375 31.68809623423083 150 0
376 34.74560417498714 150 0
377 37.50134026825118 150 0
378 39.91298188712974 150 0
379 41.96967816179535 150 0
380 43.68538337598797 150 0
381 45.09047622889232 150 0
382 46.22391080528217 150 0
383 47.12710154791595 150 0
384 47.83983537405296 150 0
385 48.39795821936263 150 0
386 48.83237851956491 150 0
387 49.1689274411525 150 0
388 49.42870603641895 150 0
389 49.62866283639185 150 0
390 49.78224040576862 150 0
391 0 5.418504230574215 0
392 0 9.933924432227474 0
393 0 13.69677458567154 0
394 0 16.83248305067391 0
395 0 19.44557343945295 0
396 0 21.62314877764359 0
397 0 23.43779489525404 0
398 0 26.56220510356233 0
399 0 28.37685121951578 0
400 0 30.55442655543372 0
401 0 33.16751694114467 0
402 0 36.30322540204951 0
403 0 40.0660755501234 0
404 0 44.5814957447603 0
405 0 55.41850423056739 0
406 0 59.93392443221766 0
407 0 63.69677458566034 0
408 0 66.83248305066711 0
409 0 69.44557343945125 0
410 0 71.62314877764481 0
411 0 73.43779489525446 0
412 0 76.56220510355749 0
413 0 78.37685121951039 0
414 0 80.55442655542929 0
415 0 83.16751694114721 0
416 0 86.30322540206737 0
417 0 90.06607555014438 0
418 0 94.58149574477486 0
419 0 105.418504230555 0
420 0 109.9339244321989 0
421 0 113.6967745856396 0
422 0 116.8324830506539 0
423 0 119.445573439443 0
424 0 121.6231487776402 0
425 0 123.4377948952526 0
426 0 126.5622051035455 0
427 0 128.3768512194905 0
428 0 130.5544265554039 0
429 0 133.1675169411062 0
430 0 136.3032254020111 0
431 0 140.0660755500632 0
432 0 144.5814957447117 0
433 0.1 5.418504230574215 0
434 0.1 9.933924432227474 0
435 0.1 13.69677458567154 0
436 0.1 16.83248305067391 0
437 0.1 19.44557343945295 0
438 0.1 21.62314877764359 0
439 0.1 23.43779489525404 0
440 0.1 26.56220510356233 0
441 0.1 28.37685121951578 0
442 0.1 30.55442655543372 0
443 0.1 33.16751694114467 0
444 0.1 36.30322540204951 0
445 0.1 40.0660755501234 0
446 0.1 44.5814957447603 0
447 0.1 55.41850423056739 0
448 0.1 59.93392443221766 0
449 0.1 63.69677458566034 0
450 0.1 66.83248305066711 0
451 0.1 69.44557343945125 0
452 0.1 71.62314877764481 0
453 0.1 73.43779489525446 0
454 0.1 76.56220510355749 0
455 0.1 78.37685121951039 0
456 0.1 80.55442655542929 0
457 0.1 83.16751694114721 0
458 0.1 86.30322540206737 0
459 0.1 90.06607555014438 0
460 0.1 94.58149574477486 0
461 0.1 105.418504230555 0
462 0.1 109.9339244321989 0
463 0.1 113.6967745856396 0
464 0.1 116.8324830506539 0
465 0.1 119.445573439443 0
466 0.1 121.6231487776402 0
467 0.1 123.4377948952526 0
468 0.1 126.5622051035455 0
469 0.1 128.3768512194905 0
470 0.1 130.5544265554039 0
471 0.1 133.1675169411062 0
472 0.1 136.3032254020111 0
473 0.1 140.0660755500632 0
474 0.1 144.5814957447117 0
475 49.9 5.418504230574215 0
476 49.9 9.933924432227474 0
477 49.9 13.69677458567154 0
478 49.9 16.83248305067391 0
479 49.9 19.44557343945295 0
480 49.9 21.62314877764359 0
481 49.9 23.43779489525404 0
482 49.9 26.56220510356233 0
483 49.9 28.37685121951578 0
484 49.9 30.55442655543372 0
485 49.9 33.16751694114467 0
486 49.9 36.30322540204951 0
487 49.9 40.0660755501234 0
488 49.9 44.5814957447603 0
489 49.9 55.41850423056739 0
490 49.9 59.93392443221766 0
491 49.9 63.69677458566034 0
492 49.9 66.83248305066711 0
493 49.9 69.44557343945125 0
494 49.9 71.62314877764481 0
495 49.9 73.43779489525446 0
496 49.9 76.56220510355749 0
497 49.9 78.37685121951039 0
498 49.9 80.55442655542929 0
499 49.9 83.16751694114721 0
500 49.9 86.30322540206737 0
501 49.9 90.06607555014438 0
502 49.9 94.58149574477486 0
503 49.9 105.418504230555 0
504 49.9 109.9339244321989 0
505 49.9 113.6967745856396 0
506 49.9 116.8324830506539 0
507 49.9 119.445573439443 0
508 49.9 121.6231487776402 0
509 49.9 123.4377948952526 0
510 49.9 126.5622051035455 0
511 49.9 128.3768512194905 0
512 49.9 130.5544265554039 0
513 49.9 133.1675169411062 0
514 49.9 136.3032254020111 0
515 49.9 140.0660755500632 0
516 49.9 144.5814957447117 0
517 50 5.418504230574215 0
518 50 9.933924432227474 0
519 50 13.69677458567154 0
520 50 16.83248305067391 0
521 50 19.44557343945295 0
522 50 21.62314877764359 0
523 50 23.43779489525404 0
524 50 26.56220510356233 0
525 50 28.37685121951578 0
526 50 30.55442655543372 0
527 50 33.16751694114467 0
528 50 36.30322540204951 0
529 50 40.0660755501234 0
530 50 44.5814957447603 0
531 50 55.41850423056739 0
532 50 59.93392443221766 0
533 50 63.69677458566034 0
534 50 66.83248305066711 0
535 50 69.44557343945125 0
536 50 71.62314877764481 0
537 50 73.43779489525446 0
538 50 76.56220510355749 0
539 50 78.37685121951039 0
540 50 80.55442655542929 0
541 50 83.16751694114721 0
542 50 86.30322540206737 0
543 50 90.06607555014438 0
544 50 94.58149574477486 0
545 50 105.418504230555 0
546 50 109.9339244321989 0
547 50 113.6967745856396 0
548 50 116.8324830506539 0
549 50 119.445573439443 0
550 50 121.6231487776402 0
551 50 123.4377948952526 0
552 50 126.5622051035455 0
553 50 128.3768512194905 0
554 50 130.5544265554039 0
555 50 133.1675169411062 0
556 50 136.3032254020111 0
557 50 140.0660755500632 0
558 50 144.5814957447117 0
559 0.2177595942306955 5.418504230574216 0
560 0.2177595942306955 9.933924432227476 0
561 0.2177595942306956 13.69677458567154 0
562 0.2177595942306956 16.83248305067391 0
563 0.2177595942306955 19.44557343945295 0
564 0.2177595942306955 21.62314877764359 0
565 0.2177595942306955 23.43779489525405 0
566 0.3713371636063903 5.418504230574215 0
567 0.3713371636063902 9.933924432227474 0
568 0.3713371636063902 13.69677458567154 0
569 0.3713371636063902 16.83248305067391 0
570 0.3713371636063902 19.44557343945295 0
571 0.3713371636063902 21.62314877764359 0
572 0.3713371636063901 23.43779489525404 0
573 0.5712939635775989 5.418504230574215 0
574 0.5712939635775987 9.933924432227476 0
575 0.5712939635775987 13.69677458567154 0
576 0.5712939635775987 16.83248305067391 0
577 0.5712939635775987 19.44557343945295 0
578 0.5712939635775985 21.62314877764359 0
579 0.5712939635775987 23.43779489525405 0
580 0.8310725588415641 5.418504230574215 0
581 0.8310725588415638 9.933924432227474 0
582 0.8310725588415637 13.69677458567154 0
583 0.8310725588415639 16.83248305067391 0
584 0.8310725588415639 19.44557343945295 0
585 0.8310725588415639 21.62314877764359 0
586 0.8310725588415639 23.43779489525404 0
587 1.167621480425505 5.418504230574215 0
588 1.167621480425504 9.933924432227474 0
589 1.167621480425505 13.69677458567154 0
590 1.167621480425504 16.83248305067391 0
591 1.167621480425505 19.44557343945295 0
592 1.167621480425505 21.62314877764359 0
593 1.167621480425505 23.43779489525404 0
594 1.602041780622574 5.418504230574215 0
595 1.602041780622574 9.933924432227474 0
596 1.602041780622574 13.69677458567153 0
597 1.602041780622574 16.83248305067391 0
598 1.602041780622574 19.44557343945295 0
599 1.602041780622574 21.62314877764359 0
600 1.602041780622574 23.43779489525404 0
601 2.160164625924769 5.418504230574215 0
602 2.160164625924769 9.933924432227474 0
603 2.160164625924769 13.69677458567154 0
604 2.160164625924769 16.8324830506739 0
605 2.16016462592477 19.44557343945295 0
606 2.160164625924769 21.62314877764359 0
607 2.16016462592477 23.43779489525405 0
608 2.872898452051422 5.418504230574216 0
609 2.872898452051423 9.933924432227474 0
610 2.872898452051423 13.69677458567154 0
611 2.872898452051423 16.83248305067391 0
612 2.872898452051422 19.44557343945295 0
613 2.872898452051423 21.62314877764359 0
614 2.872898452051422 23.43779489525405 0
615 3.776089194671703 5.418504230574216 0
616 3.776089194671704 9.933924432227476 0
617 3.776089194671703 13.69677458567154 0
618 3.776089194671704 16.83248305067391 0
619 3.776089194671704 19.44557343945295 0
620 3.776089194671704 21.62314877764359 0
621 3.776089194671705 23.43779489525404 0
622 4.90952377104414 5.418504230574215 0
623 4.90952377104414 9.933924432227474 0
624 4.909523771044141 13.69677458567154 0
625 4.90952377104414 16.83248305067391 0
626 4.909523771044141 19.44557343945295 0
627 4.90952377104414 21.62314877764359 0
628 4.90952377104414 23.43779489525404 0
629 6.314616623926603 5.418504230574215 0
630 6.314616623926603 9.933924432227474 0
631 6.314616623926603 13.69677458567154 0
632 6.314616623926604 16.83248305067391 0
633 6.314616623926604 19.44557343945295 0
634 6.314616623926604 21.62314877764359 0
635 6.314616623926604 23.43779489525404 0
636 8.03032183808987 5.418504230574215 0
637 8.030321838089872 9.933924432227474 0
638 8.030321838089874 13.69677458567154 0
639 8.030321838089872 16.83248305067391 0
640 8.030321838089874 19.44557343945295 0
641 8.03032183808987 21.62314877764359 0
642 8.03032183808987 23.43779489525404 0
643 10.08701811272338 5.418504230574215 0
644 10.08701811272338 9.933924432227474 0
645 10.08701811272338 13.69677458567154 0
646 10.08701811272338 16.83248305067391 0
647 10.08701811272338 19.44557343945295 0
648 10.08701811272338 21.62314877764359 0
649 10.08701811272337 23.43779489525404 0
650 12.49865973156656 5.418504230574216 0
651 12.49865973156656 9.933924432227476 0
652 12.49865973156656 13.69677458567154 0
653 12.49865973156656 16.83248305067391 0
654 12.49865973156656 19.44557343945295 0
655 12.49865973156656 21.62314877764359 0
656 12.49865973156656 23.43779489525404 0
657 15.25439582479418 5.418504230574215 0
658 15.25439582479418 9.933924432227474 0
659 15.25439582479418 13.69677458567154 0
660 15.25439582479418 16.83248305067391 0
661 15.25439582479418 19.44557343945295 0
662 15.25439582479418 21.62314877764359 0
663 15.25439582479418 23.43779489525404 0
664 18.31190376551296 5.418504230574215 0
665 18.31190376551296 9.933924432227474 0
666 18.31190376551296 13.69677458567154 0
667 18.31190376551295 16.83248305067391 0
668 18.31190376551296 19.44557343945295 0
669 18.31190376551296 21.62314877764359 0
670 18.31190376551296 23.43779489525404 0
671 21.5953059669258 5.418504230574217 0
672 21.5953059669258 9.933924432227474 0
673 21.59530596692579 13.69677458567154 0
674 21.5953059669258 16.83248305067391 0
675 21.5953059669258 19.44557343945295 0
676 21.5953059669258 21.62314877764359 0
677 21.5953059669258 23.43779489525404 0
678 24.99999999984315 5.418504230574216 0
679 24.99999999984315 9.933924432227474 0
680 24.99999999984315 13.69677458567154 0
681 24.99999999984315 16.83248305067391 0
682 24.99999999984315 19.44557343945295 0
683 24.99999999984316 21.62314877764359 0
684 24.99999999984315 23.43779489525404 0
685 28.40469403278432 5.418504230574216 0
686 28.40469403278433 9.933924432227474 0
687 28.40469403278432 13.69677458567154 0
688 28.40469403278432 16.83248305067391 0
689 28.40469403278432 19.44557343945295 0
690 28.40469403278433 21.62314877764359 0
691 28.40469403278432 23.43779489525404 0
692 31.68809623423083 5.418504230574216 0
693 31.68809623423083 9.933924432227474 0
694 31.68809623423084 13.69677458567154 0
695 31.68809623423083 16.83248305067391 0
696 31.68809623423083 19.44557343945295 0
697 31.68809623423083 21.62314877764359 0
698 31.68809623423083 23.43779489525404 0
699 34.74560417498713 5.418504230574215 0
700 34.74560417498714 9.933924432227474 0
701 34.74560417498714 13.69677458567154 0
702 34.74560417498714 16.83248305067391 0
703 34.74560417498714 19.44557343945295 0
704 34.74560417498714 21.62314877764359 0
705 34.74560417498714 23.43779489525405 0
706 37.50134026825117 5.418504230574216 0
707 37.50134026825118 9.933924432227474 0
708 37.50134026825118 13.69677458567154 0
709 37.50134026825118 16.83248305067391 0
710 37.50134026825118 19.44557343945295 0
711 37.50134026825118 21.62314877764359 0
712 37.5013402682512 23.43779489525404 0
713 39.91298188712975 5.418504230574215 0
714 39.91298188712974 9.933924432227474 0
715 39.91298188712975 13.69677458567154 0
716 39.91298188712975 16.83248305067391 0
717 39.91298188712975 19.44557343945295 0
718 39.91298188712975 21.62314877764359 0
719 39.91298188712975 23.43779489525405 0
720 41.96967816179536 5.418504230574215 0
721 41.96967816179535 9.933924432227474 0
722 41.96967816179536 13.69677458567154 0
723 41.96967816179536 16.83248305067391 0
724 41.96967816179536 19.44557343945295 0
725 41.96967816179535 21.62314877764359 0
726 41.96967816179536 23.43779489525405 0
727 43.68538337598798 5.418504230574214 0
728 43.68538337598797 9.933924432227476 0
729 43.68538337598798 13.69677458567153 0
730 43.68538337598797 16.83248305067391 0
731 43.68538337598797 19.44557343945295 0
732 43.68538337598797 21.62314877764359 0
733 43.68538337598797 23.43779489525404 0
734 45.09047622889232 5.418504230574216 0
735 45.09047622889232 9.933924432227474 0
736 45.09047622889232 13.69677458567153 0
737 45.09047622889232 16.83248305067391 0
738 45.09047622889233 19.44557343945295 0
739 45.09047622889231 21.62314877764358 0
740 45.09047622889233 23.43779489525405 0
741 46.22391080528217 5.418504230574216 0
742 46.22391080528216 9.933924432227474 0
743 46.22391080528217 13.69677458567154 0
744 46.22391080528217 16.83248305067391 0
745 46.22391080528216 19.44557343945295 0
746 46.22391080528216 21.62314877764359 0
747 46.22391080528217 23.43779489525404 0
748 47.12710154791595 5.418504230574215 0
749 47.12710154791596 9.933924432227476 0
750 47.12710154791595 13.69677458567154 0
751 47.12710154791595 16.83248305067391 0
752 47.12710154791595 19.44557343945295 0
753 47.12710154791594 21.62314877764359 0
754 47.12710154791596 23.43779489525405 0
755 47.83983537405295 5.418504230574214 0
756 47.83983537405297 9.933924432227474 0
757 47.83983537405297 13.69677458567154 0
758 47.83983537405296 16.83248305067391 0
759 47.83983537405297 19.44557343945295 0
760 47.83983537405296 21.62314877764359 0
761 47.83983537405296 23.43779489525404 0
762 48.39795821936264 5.418504230574215 0
763 48.39795821936262 9.933924432227474 0
764 48.39795821936263 13.69677458567153 0
765 48.39795821936263 16.83248305067391 0
766 48.39795821936263 19.44557343945295 0
767 48.39795821936263 21.62314877764359 0
768 48.39795821936263 23.43779489525405 0
769 48.83237851956492 5.418504230574215 0
770 48.83237851956491 9.933924432227474 0
771 48.83237851956491 13.69677458567154 0
772 48.83237851956491 16.83248305067391 0
773 48.83237851956491 19.44557343945295 0
774 48.8323785195649 21.62314877764359 0
775 48.8323785195649 23.43779489525404 0
776 49.1689274411525 5.418504230574215 0
777 49.16892744115251 9.933924432227474 0
778 49.1689274411525 13.69677458567154 0
779 49.1689274411525 16.83248305067391 0
780 49.1689274411525 19.44557343945295 0
781 49.1689274411525 21.62314877764359 0
782 49.1689274411525 23.43779489525404 0
783 49.42870603641895 5.418504230574215 0
784 49.42870603641895 9.933924432227474 0
785 49.42870603641896 13.69677458567154 0
786 49.42870603641895 16.83248305067391 0
787 49.42870603641897 19.44557343945295 0
788 49.42870603641896 21.62314877764359 0
789 49.42870603641895 23.43779489525404 0
790 49.62866283639185 5.418504230574215 0
791 49.62866283639185 9.933924432227476 0
792 49.62866283639184 13.69677458567153 0
793 49.62866283639186 16.83248305067391 0
794 49.62866283639185 19.44557343945295 0
795 49.62866283639185 21.62314877764359 0
796 49.62866283639185 23.43779489525404 0
797 49.78224040576863 5.418504230574215 0
798 49.78224040576862 9.933924432227474 0
799 49.78224040576862 13.69677458567154 0
800 49.78224040576863 16.83248305067391 0
801 49.78224040576862 19.44557343945295 0
802 49.78224040576861 21.62314877764359 0
803 49.78224040576862 23.43779489525405 0
804 0.2177595942306955 26.56220510356233 0
805 0.2177595942306955 28.37685121951577 0
806 0.2177595942306955 30.55442655543371 0
807 0.2177595942306955 33.16751694114467 0
808 0.2177595942306955 36.30322540204951 0
809 0.2177595942306955 40.0660755501234 0
810 0.2177595942306954 44.58149574476031 0
811 0.3713371636063901 26.56220510356233 0
812 0.3713371636063903 28.37685121951578 0
813 0.3713371636063903 30.55442655543371 0
814 0.3713371636063902 33.16751694114467 0
815 0.3713371636063901 36.30322540204951 0
816 0.3713371636063903 40.06607555012341 0
817 0.3713371636063901 44.5814957447603 0
818 0.5712939635775985 26.56220510356233 0
819 0.5712939635775987 28.37685121951579 0
820 0.5712939635775985 30.55442655543371 0
821 0.5712939635775985 33.16751694114467 0
822 0.5712939635775985 36.30322540204951 0
823 0.5712939635775987 40.06607555012341 0
824 0.5712939635775985 44.5814957447603 0
825 0.8310725588415638 26.56220510356233 0
826 0.8310725588415639 28.37685121951578 0
827 0.8310725588415637 30.55442655543371 0
828 0.8310725588415639 33.16751694114467 0
829 0.8310725588415638 36.30322540204951 0
830 0.8310725588415638 40.0660755501234 0
831 0.8310725588415638 44.5814957447603 0
832 1.167621480425505 26.56220510356233 0
833 1.167621480425505 28.37685121951579 0
834 1.167621480425505 30.55442655543371 0
835 1.167621480425505 33.16751694114467 0
836 1.167621480425505 36.30322540204951 0
837 1.167621480425505 40.0660755501234 0
838 1.167621480425505 44.5814957447603 0
839 1.602041780622574 26.56220510356233 0
840 1.602041780622574 28.37685121951578 0
841 1.602041780622574 30.55442655543371 0
842 1.602041780622574 33.16751694114467 0
843 1.602041780622574 36.30322540204951 0
844 1.602041780622574 40.0660755501234 0
845 1.602041780622574 44.5814957447603 0
846 2.160164625924769 26.56220510356233 0
847 2.160164625924769 28.37685121951579 0
848 2.160164625924769 30.55442655543373 0
849 2.160164625924769 33.16751694114467 0
850 2.16016462592477 36.30322540204951 0
851 2.160164625924769 40.0660755501234 0
852 2.160164625924769 44.5814957447603 0
853 2.872898452051423 26.56220510356233 0
854 2.872898452051423 28.37685121951578 0
855 2.872898452051422 30.55442655543371 0
856 2.872898452051422 33.16751694114467 0
857 2.872898452051423 36.30322540204951 0
858 2.872898452051423 40.0660755501234 0
859 2.872898452051423 44.5814957447603 0
860 3.776089194671704 26.56220510356232 0
861 3.776089194671704 28.37685121951579 0
862 3.776089194671704 30.55442655543371 0
863 3.776089194671704 33.16751694114467 0
864 3.776089194671703 36.30322540204951 0
865 3.776089194671705 40.0660755501234 0
866 3.776089194671703 44.5814957447603 0
867 4.909523771044141 26.56220510356233 0
868 4.909523771044141 28.37685121951578 0
869 4.90952377104414 30.55442655543373 0
870 4.90952377104414 33.16751694114467 0
871 4.909523771044141 36.30322540204951 0
872 4.90952377104414 40.0660755501234 0
873 4.909523771044141 44.5814957447603 0
874 6.314616623926605 26.56220510356233 0
875 6.314616623926605 28.37685121951578 0
876 6.314616623926604 30.55442655543371 0
877 6.314616623926604 33.16751694114467 0
878 6.314616623926603 36.30322540204951 0
879 6.314616623926603 40.0660755501234 0
880 6.314616623926605 44.5814957447603 0
881 8.030321838089874 26.56220510356233 0
882 8.03032183808987 28.37685121951579 0
883 8.030321838089874 30.55442655543372 0
884 8.030321838089874 33.16751694114467 0
885 8.030321838089874 36.30322540204951 0
886 8.030321838089872 40.0660755501234 0
887 8.030321838089874 44.5814957447603 0
888 10.08701811272337 26.56220510356233 0
889 10.08701811272338 28.37685121951579 0
890 10.08701811272338 30.55442655543372 0
891 10.08701811272338 33.16751694114467 0
892 10.08701811272338 36.30322540204951 0
893 10.08701811272338 40.0660755501234 0
894 10.08701811272338 44.5814957447603 0
895 12.49865973156656 26.56220510356232 0
896 12.49865973156656 28.37685121951577 0
897 12.49865973156656 30.55442655543371 0
898 12.49865973156656 33.16751694114467 0
899 12.49865973156656 36.30322540204951 0
900 12.49865973156656 40.0660755501234 0
901 12.49865973156656 44.5814957447603 0
902 15.25439582479418 26.56220510356232 0
903 15.25439582479418 28.37685121951579 0
904 15.25439582479417 30.55442655543371 0
905 15.25439582479418 33.16751694114467 0
906 15.25439582479418 36.30322540204951 0
907 15.25439582479418 40.0660755501234 0
908 15.25439582479417 44.5814957447603 0
909 18.31190376551295 26.56220510356232 0
910 18.31190376551295 28.37685121951578 0
911 18.31190376551296 30.55442655543371 0
912 18.31190376551296 33.16751694114467 0
913 18.31190376551295 36.3032254020495 0
914 18.31190376551296 40.0660755501234 0
915 18.31190376551296 44.5814957447603 0
916 21.5953059669258 26.56220510356232 0
917 21.5953059669258 28.37685121951579 0
918 21.59530596692579 30.55442655543372 0
919 21.59530596692579 33.16751694114467 0
920 21.5953059669258 36.30322540204951 0
921 21.5953059669258 40.0660755501234 0
922 21.5953059669258 44.5814957447603 0
923 24.99999999984316 26.56220510356232 0
924 24.99999999984315 28.37685121951578 0
925 24.99999999984315 30.55442655543371 0
926 24.99999999984315 33.16751694114467 0
927 24.99999999984315 36.30322540204951 0
928 24.99999999984315 40.0660755501234 0
929 24.99999999984315 44.5814957447603 0
930 28.40469403278432 26.56220510356232 0
931 28.40469403278432 28.37685121951578 0
932 28.40469403278432 30.55442655543371 0
933 28.40469403278433 33.16751694114467 0
934 28.40469403278432 36.30322540204951 0
935 28.40469403278432 40.0660755501234 0
936 28.40469403278433 44.5814957447603 0
937 31.68809623423083 26.56220510356233 0
938 31.68809623423083 28.37685121951578 0
939 31.68809623423083 30.55442655543373 0
940 31.68809623423084 33.16751694114467 0
941 31.68809623423083 36.30322540204951 0
942 31.68809623423083 40.0660755501234 0
943 31.68809623423083 44.5814957447603 0
944 34.74560417498712 26.56220510356232 0
945 34.74560417498714 28.37685121951579 0
946 34.74560417498714 30.55442655543371 0
947 34.74560417498714 33.16751694114467 0
948 34.74560417498714 36.30322540204951 0
949 34.74560417498714 40.0660755501234 0
950 34.74560417498714 44.5814957447603 0
951 37.50134026825118 26.56220510356232 0
952 37.50134026825118 28.37685121951579 0
953 37.50134026825119 30.55442655543373 0
954 37.50134026825118 33.16751694114467 0
955 37.50134026825118 36.30322540204951 0
956 37.50134026825118 40.0660755501234 0
957 37.50134026825118 44.5814957447603 0
958 39.91298188712975 26.56220510356232 0
959 39.91298188712975 28.37685121951578 0
960 39.91298188712975 30.55442655543371 0
961 39.91298188712975 33.16751694114467 0
962 39.91298188712975 36.30322540204951 0
963 39.91298188712975 40.0660755501234 0
964 39.91298188712973 44.5814957447603 0
965 41.96967816179534 26.56220510356233 0
966 41.96967816179535 28.37685121951578 0
967 41.96967816179536 30.55442655543371 0
968 41.96967816179535 33.16751694114467 0
969 41.96967816179536 36.30322540204951 0
970 41.96967816179535 40.0660755501234 0
971 41.96967816179535 44.58149574476031 0
972 43.68538337598798 26.56220510356233 0
973 43.68538337598797 28.37685121951578 0
974 43.68538337598799 30.55442655543373 0
975 43.68538337598798 33.16751694114467 0
976 43.68538337598798 36.30322540204951 0
977 43.68538337598798 40.0660755501234 0
978 43.68538337598799 44.5814957447603 0
979 45.09047622889231 26.56220510356233 0
980 45.09047622889233 28.37685121951577 0
981 45.09047622889232 30.55442655543371 0
982 45.09047622889232 33.16751694114467 0
983 45.09047622889232 36.30322540204951 0
984 45.09047622889232 40.06607555012341 0
985 45.09047622889232 44.5814957447603 0
986 46.22391080528217 26.56220510356233 0
987 46.22391080528217 28.37685121951578 0
988 46.22391080528218 30.55442655543371 0
989 46.22391080528217 33.16751694114467 0
990 46.22391080528216 36.30322540204951 0
991 46.22391080528216 40.06607555012339 0
992 46.22391080528216 44.5814957447603 0
993 47.12710154791595 26.56220510356233 0
994 47.12710154791593 28.37685121951578 0
995 47.12710154791595 30.55442655543371 0
996 47.12710154791596 33.16751694114467 0
997 47.12710154791595 36.30322540204951 0
998 47.12710154791595 40.0660755501234 0
999 47.12710154791596 44.58149574476031 0
1000 47.83983537405296 26.56220510356233 0
1001 47.83983537405297 28.37685121951578 0
1002 47.83983537405295 30.55442655543371 0
1003 47.83983537405295 33.16751694114467 0
1004 47.83983537405297 36.30322540204951 0
1005 47.83983537405295 40.0660755501234 0
1006 47.83983537405296 44.58149574476031 0
1007 48.39795821936263 26.56220510356233 0
1008 48.39795821936262 28.37685121951578 0
1009 48.39795821936262 30.55442655543371 0
1010 48.39795821936263 33.16751694114466 0
1011 48.39795821936263 36.30322540204951 0
1012 48.39795821936263 40.0660755501234 0
1013 48.39795821936264 44.5814957447603 0
1014 48.83237851956492 26.56220510356233 0
1015 48.83237851956489 28.37685121951578 0
1016 48.83237851956491 30.55442655543371 0
1017 48.83237851956489 33.16751694114467 0
1018 48.83237851956491 36.3032254020495 0
1019 48.8323785195649 40.0660755501234 0
1020 48.83237851956491 44.5814957447603 0
1021 49.1689274411525 26.56220510356233 0
1022 49.16892744115248 28.37685121951578 0
1023 49.16892744115249 30.55442655543371 0
1024 49.1689274411525 33.16751694114466 0
1025 49.1689274411525 36.30322540204951 0
1026 49.1689274411525 40.0660755501234 0
1027 49.16892744115249 44.5814957447603 0
1028 49.42870603641894 26.56220510356233 0
1029 49.42870603641896 28.37685121951578 0
1030 49.42870603641897 30.55442655543371 0
1031 49.42870603641896 33.16751694114467 0
1032 49.42870603641897 36.30322540204951 0
1033 49.42870603641895 40.0660755501234 0
1034 49.42870603641895 44.5814957447603 0
1035 49.62866283639184 26.56220510356233 0
1036 49.62866283639185 28.37685121951578 0
1037 49.62866283639186 30.55442655543371 0
1038 49.62866283639185 33.16751694114466 0
1039 49.62866283639185 36.30322540204951 0
1040 49.62866283639187 40.06607555012341 0
1041 49.62866283639184 44.5814957447603 0
1042 49.78224040576863 26.56220510356233 0
1043 49.78224040576861 28.37685121951578 0
1044 49.78224040576863 30.55442655543371 0
1045 49.78224040576862 33.16751694114466 0
1046 49.78224040576861 36.30322540204951 0
1047 49.78224040576862 40.0660755501234 0
1048 49.78224040576861 44.58149574476031 0
1049 0.2177595942306955 55.41850423056741 0
1050 0.2177595942306955 59.93392443221767 0
1051 0.2177595942306955 63.69677458566034 0
1052 0.2177595942306955 66.83248305066709 0
1053 0.2177595942306956 69.44557343945125 0
1054 0.2177595942306955 71.62314877764481 0
1055 0.2177595942306955 73.43779489525446 0
1056 0.3713371636063902 55.41850423056739 0
1057 0.3713371636063902 59.93392443221765 0
1058 0.3713371636063902 63.69677458566034 0
1059 0.3713371636063902 66.83248305066711 0
1060 0.3713371636063902 69.44557343945125 0
1061 0.3713371636063902 71.62314877764481 0
1062 0.3713371636063902 73.43779489525446 0
1063 0.5712939635775987 55.4185042305674 0
1064 0.5712939635775985 59.93392443221766 0
1065 0.5712939635775987 63.69677458566034 0
1066 0.5712939635775985 66.83248305066709 0
1067 0.5712939635775985 69.44557343945125 0
1068 0.5712939635775985 71.62314877764481 0
1069 0.5712939635775985 73.43779489525446 0
1070 0.8310725588415636 55.41850423056739 0
1071 0.8310725588415639 59.93392443221765 0
1072 0.8310725588415639 63.69677458566034 0
1073 0.8310725588415639 66.83248305066711 0
1074 0.8310725588415638 69.44557343945124 0
1075 0.8310725588415638 71.62314877764481 0
1076 0.8310725588415639 73.43779489525446 0
1077 1.167621480425505 55.4185042305674 0
1078 1.167621480425505 59.93392443221765 0
1079 1.167621480425504 63.69677458566034 0
1080 1.167621480425505 66.83248305066711 0
1081 1.167621480425505 69.44557343945125 0
1082 1.167621480425505 71.62314877764481 0
1083 1.167621480425505 73.43779489525446 0
1084 1.602041780622574 55.41850423056739 0
1085 1.602041780622574 59.93392443221765 0
1086 1.602041780622574 63.69677458566034 0
1087 1.602041780622574 66.83248305066711 0
1088 1.602041780622574 69.44557343945125 0
1089 1.602041780622574 71.62314877764481 0
1090 1.602041780622574 73.43779489525446 0
1091 2.160164625924769 55.4185042305674 0
1092 2.160164625924769 59.93392443221767 0
1093 2.160164625924769 63.69677458566034 0
1094 2.160164625924769 66.83248305066711 0
1095 2.160164625924769 69.44557343945125 0
1096 2.160164625924769 71.62314877764481 0
1097 2.160164625924769 73.43779489525446 0
1098 2.872898452051423 55.41850423056739 0
1099 2.872898452051422 59.93392443221767 0
1100 2.872898452051423 63.69677458566034 0
1101 2.872898452051423 66.83248305066712 0
1102 2.872898452051423 69.44557343945125 0
1103 2.872898452051423 71.62314877764481 0
1104 2.872898452051423 73.43779489525446 0
1105 3.776089194671704 55.41850423056739 0
1106 3.776089194671704 59.93392443221766 0
1107 3.776089194671704 63.69677458566034 0
1108 3.776089194671705 66.83248305066709 0
1109 3.776089194671704 69.44557343945125 0
1110 3.776089194671705 71.62314877764481 0
1111 3.776089194671705 73.43779489525446 0
1112 4.909523771044138 55.41850423056739 0
1113 4.90952377104414 59.93392443221767 0
1114 4.90952377104414 63.69677458566034 0
1115 4.909523771044141 66.83248305066711 0
1116 4.909523771044141 69.44557343945124 0
1117 4.90952377104414 71.62314877764481 0
1118 4.90952377104414 73.43779489525446 0
1119 6.314616623926604 55.41850423056739 0
1120 6.314616623926604 59.93392443221767 0
1121 6.314616623926604 63.69677458566034 0
1122 6.314616623926603 66.83248305066712 0
1123 6.314616623926604 69.44557343945124 0
1124 6.314616623926604 71.62314877764481 0
1125 6.314616623926604 73.43779489525446 0
1126 8.03032183808987 55.41850423056739 0
1127 8.030321838089874 59.93392443221765 0
1128 8.03032183808987 63.69677458566034 0
1129 8.030321838089872 66.83248305066711 0
1130 8.03032183808987 69.44557343945125 0
1131 8.030321838089872 71.62314877764481 0
1132 8.030321838089874 73.43779489525446 0
1133 10.08701811272338 55.41850423056739 0
1134 10.08701811272338 59.93392443221765 0
1135 10.08701811272338 63.69677458566034 0
1136 10.08701811272338 66.83248305066711 0
1137 10.08701811272338 69.44557343945125 0
1138 10.08701811272338 71.62314877764481 0
1139 10.08701811272338 73.43779489525446 0
1140 12.49865973156656 55.41850423056739 0
1141 12.49865973156656 59.93392443221765 0
1142 12.49865973156656 63.69677458566034 0
1143 12.49865973156656 66.83248305066711 0
1144 12.49865973156656 69.44557343945125 0
1145 12.49865973156656 71.62314877764481 0
1146 12.49865973156656 73.43779489525446 0
1147 15.25439582479418 55.41850423056739 0
1148 15.25439582479418 59.93392443221764 0
1149 15.25439582479418 63.69677458566034 0
1150 15.25439582479418 66.83248305066709 0
1151 15.25439582479417 69.44557343945125 0
1152 15.25439582479418 71.62314877764481 0
1153 15.25439582479418 73.43779489525446 0
1154 18.31190376551296 55.41850423056739 0
1155 18.31190376551296 59.93392443221766 0
1156 18.31190376551296 63.69677458566034 0
1157 18.31190376551296 66.83248305066711 0
1158 18.31190376551296 69.44557343945127 0
1159 18.31190376551296 71.62314877764481 0
1160 18.31190376551296 73.43779489525446 0
1161 21.5953059669258 55.41850423056739 0
1162 21.5953059669258 59.93392443221765 0
1163 21.5953059669258 63.69677458566034 0
1164 21.5953059669258 66.83248305066709 0
1165 21.5953059669258 69.44557343945125 0
1166 21.5953059669258 71.62314877764481 0
1167 21.5953059669258 73.43779489525446 0
1168 24.99999999984315 55.41850423056739 0
1169 24.99999999984315 59.93392443221765 0
1170 24.99999999984315 63.69677458566034 0
1171 24.99999999984316 66.83248305066711 0
1172 24.99999999984315 69.44557343945125 0
1173 24.99999999984315 71.62314877764481 0
1174 24.99999999984315 73.43779489525446 0
1175 28.40469403278432 55.41850423056739 0
1176 28.40469403278433 59.93392443221764 0
1177 28.40469403278432 63.69677458566034 0
1178 28.40469403278433 66.83248305066711 0
1179 28.40469403278433 69.44557343945125 0
1180 28.40469403278432 71.62314877764481 0
1181 28.40469403278432 73.43779489525446 0
1182 31.68809623423083 55.41850423056739 0
1183 31.68809623423083 59.93392443221766 0
1184 31.68809623423083 63.69677458566034 0
1185 31.68809623423083 66.83248305066711 0
1186 31.68809623423083 69.44557343945125 0
1187 31.68809623423083 71.62314877764481 0
1188 31.68809623423083 73.43779489525446 0
1189 34.74560417498714 55.41850423056739 0
1190 34.74560417498714 59.93392443221766 0
1191 34.74560417498714 63.69677458566034 0
1192 34.74560417498714 66.83248305066711 0
1193 34.74560417498714 69.44557343945125 0
1194 34.74560417498714 71.62314877764481 0
1195 34.74560417498714 73.43779489525446 0
1196 37.50134026825118 55.41850423056739 0
1197 37.50134026825118 59.93392443221766 0
1198 37.50134026825117 63.69677458566034 0
1199 37.50134026825118 66.83248305066711 0
1200 37.50134026825118 69.44557343945127 0
1201 37.50134026825118 71.62314877764481 0
1202 37.50134026825118 73.43779489525446 0
1203 39.91298188712974 55.4185042305674 0
1204 39.91298188712973 59.93392443221766 0
1205 39.91298188712975 63.69677458566034 0
1206 39.91298188712975 66.83248305066711 0
1207 39.91298188712975 69.44557343945125 0
1208 39.91298188712975 71.62314877764481 0
1209 39.91298188712975 73.43779489525446 0
1210 41.96967816179535 55.41850423056739 0
1211 41.96967816179535 59.93392443221767 0
1212 41.96967816179535 63.69677458566034 0
1213 41.96967816179535 66.83248305066711 0
1214 41.96967816179536 69.44557343945125 0
1215 41.96967816179535 71.62314877764481 0
1216 41.96967816179536 73.43779489525446 0
1217 43.68538337598799 55.41850423056739 0
1218 43.68538337598797 59.93392443221764 0
1219 43.68538337598797 63.69677458566034 0
1220 43.68538337598797 66.83248305066711 0
1221 43.68538337598797 69.44557343945127 0
1222 43.68538337598797 71.62314877764481 0
1223 43.68538337598797 73.43779489525446 0
1224 45.09047622889232 55.41850423056739 0
1225 45.09047622889232 59.93392443221765 0
1226 45.09047622889232 63.69677458566034 0
1227 45.09047622889232 66.83248305066711 0
1228 45.09047622889232 69.44557343945125 0
1229 45.09047622889232 71.62314877764481 0
1230 45.09047622889232 73.43779489525446 0
1231 46.22391080528216 55.41850423056739 0
1232 46.22391080528217 59.93392443221767 0
1233 46.22391080528217 63.69677458566034 0
1234 46.22391080528216 66.83248305066711 0
1235 46.22391080528215 69.44557343945125 0
1236 46.22391080528217 71.62314877764481 0
1237 46.22391080528217 73.43779489525444 0
1238 47.12710154791596 55.4185042305674 0
1239 47.12710154791595 59.93392443221766 0
1240 47.12710154791595 63.69677458566034 0
1241 47.12710154791595 66.83248305066711 0
1242 47.12710154791594 69.44557343945125 0
1243 47.12710154791595 71.62314877764481 0
1244 47.12710154791595 73.43779489525446 0
1245 47.83983537405297 55.41850423056739 0
1246 47.83983537405295 59.93392443221765 0
1247 47.83983537405297 63.69677458566034 0
1248 47.83983537405295 66.83248305066711 0
1249 47.83983537405297 69.44557343945125 0
1250 47.83983537405296 71.62314877764481 0
1251 47.83983537405297 73.43779489525446 0
1252 48.39795821936261 55.41850423056739 0
1253 48.39795821936263 59.93392443221766 0
1254 48.39795821936263 63.69677458566034 0
1255 48.39795821936262 66.83248305066711 0
1256 48.39795821936262 69.44557343945125 0
1257 48.39795821936262 71.62314877764481 0
1258 48.39795821936263 73.43779489525446 0
1259 48.83237851956489 55.41850423056739 0
1260 48.83237851956491 59.93392443221766 0
1261 48.83237851956491 63.69677458566034 0
1262 48.83237851956489 66.83248305066711 0
1263 48.83237851956491 69.44557343945127 0
1264 48.8323785195649 71.62314877764481 0
1265 48.8323785195649 73.43779489525446 0
1266 49.16892744115248 55.4185042305674 0
1267 49.1689274411525 59.93392443221766 0
1268 49.16892744115249 63.69677458566034 0
1269 49.16892744115248 66.83248305066709 0
1270 49.16892744115248 69.44557343945125 0
1271 49.1689274411525 71.6231487776448 0
1272 49.1689274411525 73.43779489525446 0
1273 49.42870603641895 55.41850423056739 0
1274 49.42870603641895 59.93392443221766 0
1275 49.42870603641895 63.69677458566034 0
1276 49.42870603641895 66.83248305066711 0
1277 49.42870603641896 69.44557343945125 0
1278 49.42870603641896 71.62314877764481 0
1279 49.42870603641896 73.43779489525446 0
1280 49.62866283639183 55.41850423056739 0
1281 49.62866283639185 59.93392443221766 0
1282 49.62866283639184 63.69677458566034 0
1283 49.62866283639186 66.83248305066711 0
1284 49.62866283639186 69.44557343945125 0
1285 49.62866283639185 71.62314877764481 0
1286 49.62866283639185 73.43779489525446 0
1287 49.78224040576862 55.41850423056739 0
1288 49.78224040576862 59.93392443221765 0
1289 49.78224040576862 63.69677458566034 0
1290 49.78224040576862 66.83248305066711 0
1291 49.78224040576862 69.44557343945125 0
1292 49.78224040576862 71.62314877764481 0
1293 49.78224040576861 73.43779489525444 0
1294 0.2177595942306955 76.56220510355749 0
1295 0.2177595942306955 78.37685121951036 0
1296 0.2177595942306955 80.5544265554293 0
1297 0.2177595942306955 83.16751694114723 0
1298 0.2177595942306955 86.30322540206737 0
1299 0.2177595942306955 90.06607555014438 0
1300 0.2177595942306955 94.58149574477486 0
1301 0.3713371636063902 76.5622051035575 0
1302 0.3713371636063903 78.37685121951037 0
1303 0.3713371636063903 80.55442655542929 0
1304 0.3713371636063902 83.16751694114721 0
1305 0.3713371636063901 86.30322540206735 0
1306 0.3713371636063902 90.06607555014438 0
1307 0.3713371636063902 94.58149574477486 0
1308 0.5712939635775987 76.56220510355749 0
1309 0.5712939635775983 78.37685121951036 0
1310 0.5712939635775987 80.55442655542929 0
1311 0.5712939635775985 83.16751694114721 0
1312 0.5712939635775985 86.30322540206737 0
1313 0.5712939635775987 90.06607555014438 0
1314 0.5712939635775987 94.58149574477486 0
1315 0.8310725588415639 76.56220510355747 0
1316 0.8310725588415639 78.37685121951039 0
1317 0.8310725588415639 80.55442655542929 0
1318 0.8310725588415636 83.1675169411472 0
1319 0.8310725588415638 86.30322540206737 0
1320 0.8310725588415638 90.06607555014438 0
1321 0.8310725588415638 94.58149574477486 0
1322 1.167621480425505 76.56220510355749 0
1323 1.167621480425505 78.37685121951036 0
1324 1.167621480425504 80.5544265554293 0
1325 1.167621480425505 83.16751694114721 0
1326 1.167621480425504 86.30322540206737 0
1327 1.167621480425505 90.06607555014438 0
1328 1.167621480425505 94.58149574477486 0
1329 1.602041780622574 76.56220510355747 0
1330 1.602041780622574 78.37685121951036 0
1331 1.602041780622574 80.55442655542927 0
1332 1.602041780622574 83.16751694114721 0
1333 1.602041780622574 86.30322540206735 0
1334 1.602041780622574 90.06607555014438 0
1335 1.602041780622574 94.58149574477486 0
1336 2.160164625924769 76.56220510355747 0
1337 2.16016462592477 78.37685121951037 0
1338 2.160164625924769 80.55442655542929 0
1339 2.160164625924769 83.1675169411472 0
1340 2.160164625924769 86.30322540206737 0
1341 2.160164625924769 90.06607555014438 0
1342 2.160164625924769 94.58149574477486 0
1343 2.872898452051422 76.56220510355749 0
1344 2.872898452051422 78.37685121951036 0
1345 2.872898452051423 80.55442655542929 0
1346 2.872898452051422 83.16751694114721 0
1347 2.872898452051422 86.30322540206737 0
1348 2.872898452051423 90.06607555014438 0
1349 2.872898452051422 94.58149574477486 0
1350 3.776089194671705 76.56220510355747 0
1351 3.776089194671703 78.37685121951039 0
1352 3.776089194671703 80.55442655542929 0
1353 3.776089194671703 83.16751694114721 0
1354 3.776089194671703 86.30322540206737 0
1355 3.776089194671704 90.06607555014438 0
1356 3.776089194671704 94.58149574477486 0
1357 4.90952377104414 76.56220510355749 0
1358 4.909523771044142 78.37685121951037 0
1359 4.909523771044141 80.55442655542929 0
1360 4.90952377104414 83.1675169411472 0
1361 4.90952377104414 86.30322540206737 0
1362 4.90952377104414 90.06607555014438 0
1363 4.909523771044141 94.58149574477486 0
1364 6.314616623926604 76.5622051035575 0
1365 6.314616623926605 78.37685121951036 0
1366 6.314616623926604 80.5544265554293 0
1367 6.314616623926606 83.16751694114723 0
1368 6.314616623926605 86.30322540206737 0
1369 6.314616623926604 90.06607555014438 0
1370 6.314616623926604 94.58149574477486 0
1371 8.030321838089874 76.56220510355747 0
1372 8.030321838089872 78.37685121951036 0
1373 8.030321838089876 80.55442655542929 0
1374 8.03032183808987 83.16751694114721 0
1375 8.030321838089874 86.30322540206737 0
1376 8.030321838089872 90.06607555014438 0
1377 8.030321838089874 94.58149574477486 0
1378 10.08701811272338 76.56220510355747 0
1379 10.08701811272338 78.37685121951036 0
1380 10.08701811272338 80.55442655542929 0
1381 10.08701811272338 83.16751694114724 0
1382 10.08701811272337 86.30322540206737 0
1383 10.08701811272338 90.06607555014438 0
1384 10.08701811272338 94.58149574477486 0
1385 12.49865973156656 76.5622051035575 0
1386 12.49865973156656 78.37685121951036 0
1387 12.49865973156656 80.55442655542929 0
1388 12.49865973156656 83.16751694114723 0
1389 12.49865973156656 86.30322540206737 0
1390 12.49865973156656 90.06607555014438 0
1391 12.49865973156656 94.58149574477486 0
1392 15.25439582479418 76.56220510355747 0
1393 15.25439582479418 78.37685121951036 0
1394 15.25439582479418 80.55442655542929 0
1395 15.25439582479418 83.16751694114721 0
1396 15.25439582479418 86.30322540206737 0
1397 15.25439582479417 90.06607555014438 0
1398 15.25439582479418 94.58149574477486 0
1399 18.31190376551296 76.56220510355749 0
1400 18.31190376551295 78.37685121951037 0
1401 18.31190376551296 80.55442655542929 0
1402 18.31190376551295 83.16751694114724 0
1403 18.31190376551296 86.30322540206737 0
1404 18.31190376551296 90.06607555014438 0
1405 18.31190376551296 94.58149574477486 0
1406 21.5953059669258 76.5622051035575 0
1407 21.59530596692579 78.37685121951036 0
1408 21.5953059669258 80.55442655542929 0
1409 21.59530596692579 83.16751694114723 0
1410 21.5953059669258 86.30322540206735 0
1411 21.5953059669258 90.06607555014438 0
1412 21.5953059669258 94.58149574477486 0
1413 24.99999999984315 76.5622051035575 0
1414 24.99999999984315 78.37685121951036 0
1415 24.99999999984315 80.5544265554293 0
1416 24.99999999984315 83.16751694114721 0
1417 24.99999999984315 86.30322540206737 0
1418 24.99999999984315 90.06607555014438 0
1419 24.99999999984315 94.58149574477486 0
1420 28.40469403278432 76.56220510355749 0
1421 28.40469403278432 78.37685121951036 0
1422 28.40469403278432 80.5544265554293 0
1423 28.40469403278433 83.16751694114721 0
1424 28.40469403278432 86.30322540206737 0
1425 28.40469403278432 90.06607555014436 0
1426 28.40469403278432 94.58149574477486 0
1427 31.68809623423083 76.56220510355749 0
1428 31.68809623423083 78.37685121951036 0
1429 31.68809623423084 80.55442655542929 0
1430 31.68809623423083 83.16751694114721 0
1431 31.68809623423083 86.30322540206737 0
1432 31.68809623423083 90.06607555014438 0
1433 31.68809623423083 94.58149574477486 0
1434 34.74560417498714 76.56220510355747 0
1435 34.74560417498714 78.37685121951036 0
1436 34.74560417498714 80.5544265554293 0
1437 34.74560417498714 83.16751694114721 0
1438 34.74560417498714 86.30322540206737 0
1439 34.74560417498714 90.06607555014438 0
1440 34.74560417498714 94.58149574477486 0
1441 37.50134026825118 76.5622051035575 0
1442 37.50134026825119 78.37685121951036 0
1443 37.50134026825118 80.55442655542929 0
1444 37.50134026825117 83.16751694114721 0
1445 37.50134026825118 86.30322540206735 0
1446 37.50134026825118 90.06607555014438 0
1447 37.50134026825118 94.58149574477486 0
1448 39.91298188712975 76.5622051035575 0
1449 39.91298188712973 78.37685121951036 0
1450 39.91298188712974 80.55442655542929 0
1451 39.91298188712973 83.16751694114721 0
1452 39.91298188712975 86.30322540206737 0
1453 39.91298188712975 90.06607555014438 0
1454 39.91298188712975 94.58149574477486 0
1455 41.96967816179535 76.56220510355747 0
1456 41.96967816179535 78.37685121951036 0
1457 41.96967816179536 80.55442655542929 0
1458 41.96967816179535 83.16751694114721 0
1459 41.96967816179534 86.30322540206737 0
1460 41.96967816179535 90.06607555014438 0
1461 41.96967816179535 94.58149574477484 0
1462 43.68538337598799 76.56220510355747 0
1463 43.68538337598797 78.37685121951036 0
1464 43.68538337598796 80.55442655542929 0
1465 43.68538337598797 83.16751694114721 0
1466 43.68538337598797 86.30322540206737 0
1467 43.68538337598798 90.06607555014438 0
1468 43.68538337598797 94.58149574477484 0
1469 45.09047622889232 76.5622051035575 0
1470 45.09047622889233 78.37685121951037 0
1471 45.09047622889232 80.55442655542929 0
1472 45.09047622889232 83.16751694114723 0
1473 45.09047622889233 86.30322540206737 0
1474 45.09047622889233 90.06607555014438 0
1475 45.09047622889232 94.58149574477486 0
1476 46.22391080528216 76.56220510355749 0
1477 46.22391080528217 78.37685121951036 0
1478 46.22391080528215 80.55442655542929 0
1479 46.22391080528217 83.16751694114723 0
1480 46.22391080528216 86.30322540206737 0
1481 46.22391080528216 90.06607555014438 0
1482 46.22391080528217 94.58149574477484 0
1483 47.12710154791595 76.56220510355749 0
1484 47.12710154791597 78.37685121951037 0
1485 47.12710154791593 80.5544265554293 0
1486 47.12710154791595 83.16751694114721 0
1487 47.12710154791596 86.30322540206735 0
1488 47.12710154791595 90.06607555014438 0
1489 47.12710154791595 94.58149574477484 0
1490 47.83983537405297 76.56220510355749 0
1491 47.83983537405296 78.37685121951036 0
1492 47.83983537405295 80.55442655542929 0
1493 47.83983537405296 83.16751694114721 0
1494 47.83983537405297 86.30322540206737 0
1495 47.83983537405296 90.06607555014438 0
1496 47.83983537405295 94.58149574477486 0
1497 48.39795821936264 76.5622051035575 0
1498 48.39795821936261 78.37685121951036 0
1499 48.39795821936263 80.55442655542929 0
1500 48.39795821936262 83.16751694114723 0
1501 48.39795821936264 86.30322540206737 0
1502 48.39795821936263 90.06607555014438 0
1503 48.39795821936263 94.58149574477486 0
1504 48.83237851956491 76.56220510355749 0
1505 48.83237851956491 78.37685121951036 0
1506 48.8323785195649 80.55442655542929 0
1507 48.83237851956491 83.16751694114721 0
1508 48.83237851956492 86.30322540206735 0
1509 48.83237851956491 90.06607555014438 0
1510 48.83237851956491 94.58149574477484 0
1511 49.16892744115251 76.56220510355749 0
1512 49.16892744115248 78.37685121951036 0
1513 49.1689274411525 80.55442655542929 0
1514 49.1689274411525 83.16751694114721 0
1515 49.16892744115249 86.30322540206738 0
1516 49.16892744115249 90.06607555014438 0
1517 49.16892744115251 94.58149574477486 0
1518 49.42870603641896 76.56220510355747 0
1519 49.42870603641895 78.37685121951036 0
1520 49.42870603641894 80.55442655542929 0
1521 49.42870603641895 83.16751694114721 0
1522 49.42870603641895 86.30322540206737 0
1523 49.42870603641895 90.06607555014438 0
1524 49.42870603641896 94.58149574477486 0
1525 49.62866283639185 76.56220510355749 0
1526 49.62866283639185 78.37685121951036 0
1527 49.62866283639185 80.5544265554293 0
1528 49.62866283639185 83.16751694114723 0
1529 49.62866283639185 86.30322540206737 0
1530 49.62866283639185 90.06607555014436 0
1531 49.62866283639185 94.58149574477486 0
1532 49.78224040576863 76.56220510355749 0
1533 49.78224040576863 78.37685121951036 0
1534 49.78224040576861 80.55442655542929 0
1535 49.78224040576863 83.16751694114723 0
1536 49.78224040576863 86.30322540206735 0
1537 49.78224040576862 90.06607555014438 0
1538 49.78224040576861 94.58149574477484 0
1539 0.2177595942306955 105.418504230555 0
1540 0.2177595942306954 109.9339244321989 0
1541 0.2177595942306955 113.6967745856396 0
1542 0.2177595942306955 116.8324830506539 0
1543 0.2177595942306956 119.445573439443 0
1544 0.2177595942306955 121.6231487776402 0
1545 0.2177595942306955 123.4377948952526 0
1546 0.3713371636063903 105.418504230555 0
1547 0.3713371636063904 109.9339244321988 0
1548 0.3713371636063902 113.6967745856396 0
1549 0.3713371636063902 116.832483050654 0
1550 0.3713371636063902 119.445573439443 0
1551 0.3713371636063901 121.6231487776402 0
1552 0.3713371636063902 123.4377948952526 0
1553 0.5712939635775985 105.418504230555 0
1554 0.5712939635775987 109.9339244321989 0
1555 0.5712939635775985 113.6967745856396 0
1556 0.5712939635775987 116.832483050654 0
1557 0.5712939635775985 119.445573439443 0
1558 0.5712939635775987 121.6231487776402 0
1559 0.5712939635775987 123.4377948952526 0
1560 0.8310725588415642 105.418504230555 0
1561 0.8310725588415638 109.9339244321988 0
1562 0.8310725588415638 113.6967745856396 0
1563 0.8310725588415638 116.832483050654 0
1564 0.8310725588415639 119.445573439443 0
1565 0.8310725588415638 121.6231487776403 0
1566 0.8310725588415638 123.4377948952526 0
1567 1.167621480425505 105.418504230555 0
1568 1.167621480425505 109.9339244321989 0
1569 1.167621480425505 113.6967745856396 0
1570 1.167621480425505 116.832483050654 0
1571 1.167621480425505 119.445573439443 0
1572 1.167621480425505 121.6231487776402 0
1573 1.167621480425505 123.4377948952526 0
1574 1.602041780622574 105.4185042305551 0
1575 1.602041780622574 109.9339244321988 0
1576 1.602041780622574 113.6967745856396 0
1577 1.602041780622574 116.832483050654 0
1578 1.602041780622574 119.445573439443 0
1579 1.602041780622574 121.6231487776402 0
1580 1.602041780622574 123.4377948952526 0
1581 2.160164625924769 105.418504230555 0
1582 2.160164625924769 109.9339244321988 0
1583 2.16016462592477 113.6967745856396 0
1584 2.160164625924769 116.832483050654 0
1585 2.16016462592477 119.445573439443 0
1586 2.160164625924769 121.6231487776402 0
1587 2.16016462592477 123.4377948952526 0
1588 2.872898452051422 105.418504230555 0
1589 2.872898452051421 109.9339244321989 0
1590 2.872898452051422 113.6967745856396 0
1591 2.872898452051423 116.8324830506539 0
1592 2.872898452051423 119.445573439443 0
1593 2.872898452051422 121.6231487776402 0
1594 2.872898452051423 123.4377948952526 0
1595 3.776089194671704 105.418504230555 0
1596 3.776089194671704 109.9339244321989 0
1597 3.776089194671705 113.6967745856396 0
1598 3.776089194671704 116.832483050654 0
1599 3.776089194671704 119.445573439443 0
1600 3.776089194671703 121.6231487776403 0
1601 3.776089194671705 123.4377948952526 0
1602 4.90952377104414 105.418504230555 0
1603 4.90952377104414 109.9339244321989 0
1604 4.90952377104414 113.6967745856396 0
1605 4.909523771044141 116.832483050654 0
1606 4.90952377104414 119.445573439443 0
1607 4.90952377104414 121.6231487776403 0
1608 4.90952377104414 123.4377948952526 0
1609 6.314616623926604 105.418504230555 0
1610 6.314616623926604 109.9339244321989 0
1611 6.314616623926604 113.6967745856396 0
1612 6.314616623926603 116.832483050654 0
1613 6.314616623926604 119.445573439443 0
1614 6.314616623926605 121.6231487776402 0
1615 6.314616623926604 123.4377948952525 0
1616 8.030321838089872 105.418504230555 0
1617 8.030321838089874 109.9339244321989 0
1618 8.030321838089872 113.6967745856396 0
1619 8.030321838089872 116.832483050654 0
1620 8.030321838089872 119.445573439443 0
1621 8.030321838089876 121.6231487776402 0
1622 8.03032183808987 123.4377948952526 0
1623 10.08701811272338 105.418504230555 0
1624 10.08701811272338 109.9339244321988 0
1625 10.08701811272338 113.6967745856396 0
1626 10.08701811272338 116.832483050654 0
1627 10.08701811272338 119.445573439443 0
1628 10.08701811272338 121.6231487776403 0
1629 10.08701811272338 123.4377948952526 0
1630 12.49865973156656 105.418504230555 0
1631 12.49865973156656 109.9339244321989 0
1632 12.49865973156656 113.6967745856396 0
1633 12.49865973156657 116.8324830506539 0
1634 12.49865973156656 119.445573439443 0
1635 12.49865973156656 121.6231487776402 0
1636 12.49865973156656 123.4377948952526 0
1637 15.25439582479418 105.418504230555 0
1638 15.25439582479418 109.9339244321988 0
1639 15.25439582479418 113.6967745856396 0
1640 15.25439582479418 116.832483050654 0
1641 15.25439582479418 119.445573439443 0
1642 15.25439582479418 121.6231487776402 0
1643 15.25439582479418 123.4377948952526 0
1644 18.31190376551296 105.418504230555 0
1645 18.31190376551296 109.9339244321988 0
1646 18.31190376551296 113.6967745856396 0
1647 18.31190376551296 116.832483050654 0
1648 18.31190376551296 119.445573439443 0
1649 18.31190376551295 121.6231487776403 0
1650 18.31190376551296 123.4377948952526 0
1651 21.5953059669258 105.418504230555 0
1652 21.59530596692579 109.9339244321989 0
1653 21.5953059669258 113.6967745856396 0
1654 21.5953059669258 116.832483050654 0
1655 21.5953059669258 119.445573439443 0
1656 21.5953059669258 121.6231487776402 0
1657 21.5953059669258 123.4377948952526 0
1658 24.99999999984315 105.418504230555 0
1659 24.99999999984315 109.9339244321989 0
1660 24.99999999984315 113.6967745856396 0
1661 24.99999999984315 116.832483050654 0
1662 24.99999999984315 119.445573439443 0
1663 24.99999999984316 121.6231487776402 0
1664 24.99999999984315 123.4377948952526 0
1665 28.40469403278432 105.418504230555 0
1666 28.40469403278433 109.9339244321989 0
1667 28.40469403278432 113.6967745856396 0
1668 28.40469403278432 116.832483050654 0
1669 28.40469403278432 119.445573439443 0
1670 28.40469403278432 121.6231487776402 0
1671 28.40469403278432 123.4377948952526 0
1672 31.68809623423083 105.418504230555 0
1673 31.68809623423083 109.9339244321989 0
1674 31.68809623423083 113.6967745856396 0
1675 31.68809623423084 116.832483050654 0
1676 31.68809623423083 119.445573439443 0
1677 31.68809623423083 121.6231487776402 0
1678 31.68809623423084 123.4377948952526 0
1679 34.74560417498714 105.418504230555 0
1680 34.74560417498714 109.9339244321989 0
1681 34.74560417498714 113.6967745856396 0
1682 34.74560417498714 116.8324830506539 0
1683 34.74560417498714 119.445573439443 0
1684 34.74560417498714 121.6231487776402 0
1685 34.74560417498714 123.4377948952525 0
1686 37.50134026825118 105.418504230555 0
1687 37.50134026825118 109.9339244321989 0
1688 37.50134026825118 113.6967745856396 0
1689 37.50134026825118 116.832483050654 0
1690 37.50134026825118 119.445573439443 0
1691 37.50134026825118 121.6231487776403 0
1692 37.50134026825118 123.4377948952526 0
1693 39.91298188712974 105.418504230555 0
1694 39.91298188712975 109.9339244321989 0
1695 39.91298188712975 113.6967745856396 0
1696 39.91298188712975 116.832483050654 0
1697 39.91298188712973 119.445573439443 0
1698 39.91298188712975 121.6231487776402 0
1699 39.91298188712975 123.4377948952526 0
1700 41.96967816179534 105.418504230555 0
1701 41.96967816179535 109.9339244321989 0
1702 41.96967816179535 113.6967745856396 0
1703 41.96967816179535 116.832483050654 0
1704 41.96967816179534 119.445573439443 0
1705 41.96967816179534 121.6231487776402 0
1706 41.96967816179536 123.4377948952526 0
1707 43.68538337598797 105.418504230555 0
1708 43.685383375988 109.9339244321989 0
1709 43.68538337598797 113.6967745856396 0
1710 43.68538337598797 116.832483050654 0
1711 43.68538337598797 119.445573439443 0
1712 43.68538337598797 121.6231487776402 0
1713 43.68538337598797 123.4377948952526 0
1714 45.09047622889232 105.418504230555 0
1715 45.09047622889232 109.9339244321989 0
1716 45.09047622889233 113.6967745856396 0
1717 45.09047622889232 116.832483050654 0
1718 45.09047622889232 119.445573439443 0
1719 45.09047622889233 121.6231487776402 0
1720 45.09047622889232 123.4377948952526 0
1721 46.22391080528218 105.418504230555 0
1722 46.22391080528216 109.9339244321988 0
1723 46.22391080528216 113.6967745856396 0
1724 46.22391080528217 116.832483050654 0
1725 46.22391080528217 119.445573439443 0
1726 46.22391080528217 121.6231487776402 0
1727 46.22391080528216 123.4377948952526 0
1728 47.12710154791594 105.418504230555 0
1729 47.12710154791596 109.9339244321989 0
1730 47.12710154791596 113.6967745856396 0
1731 47.12710154791595 116.832483050654 0
1732 47.12710154791593 119.445573439443 0
1733 47.12710154791595 121.6231487776402 0
1734 47.12710154791595 123.4377948952526 0
1735 47.83983537405297 105.418504230555 0
1736 47.83983537405295 109.9339244321989 0
1737 47.83983537405296 113.6967745856396 0
1738 47.83983537405296 116.832483050654 0
1739 47.83983537405297 119.445573439443 0
1740 47.83983537405296 121.6231487776402 0
1741 47.83983537405296 123.4377948952526 0
1742 48.39795821936262 105.418504230555 0
1743 48.39795821936263 109.9339244321989 0
1744 48.39795821936262 113.6967745856396 0
1745 48.39795821936264 116.832483050654 0
1746 48.39795821936263 119.445573439443 0
1747 48.39795821936262 121.6231487776402 0
1748 48.39795821936262 123.4377948952526 0
1749 48.83237851956491 105.418504230555 0
1750 48.83237851956491 109.9339244321989 0
1751 48.83237851956491 113.6967745856396 0
1752 48.83237851956491 116.832483050654 0
1753 48.83237851956491 119.445573439443 0
1754 48.83237851956491 121.6231487776402 0
1755 48.83237851956491 123.4377948952526 0
1756 49.1689274411525 105.418504230555 0
1757 49.1689274411525 109.9339244321989 0
1758 49.1689274411525 113.6967745856396 0
1759 49.16892744115248 116.832483050654 0
1760 49.1689274411525 119.445573439443 0
1761 49.1689274411525 121.6231487776402 0
1762 49.1689274411525 123.4377948952526 0
1763 49.42870603641897 105.418504230555 0
1764 49.42870603641896 109.9339244321989 0
1765 49.42870603641896 113.6967745856396 0
1766 49.42870603641897 116.832483050654 0
1767 49.42870603641896 119.445573439443 0
1768 49.42870603641896 121.6231487776402 0
1769 49.42870603641895 123.4377948952526 0
1770 49.62866283639186 105.418504230555 0
1771 49.62866283639185 109.9339244321989 0
1772 49.62866283639184 113.6967745856396 0
1773 49.62866283639186 116.832483050654 0
1774 49.62866283639185 119.445573439443 0
1775 49.62866283639185 121.6231487776402 0
1776 49.62866283639185 123.4377948952526 0
1777 49.78224040576861 105.418504230555 0
1778 49.78224040576862 109.9339244321989 0
1779 49.78224040576862 113.6967745856396 0
1780 49.78224040576862 116.832483050654 0
1781 49.78224040576862 119.445573439443 0
1782 49.78224040576861 121.6231487776402 0
1783 49.78224040576861 123.4377948952526 0
1784 0.2177595942306955 126.5622051035455 0
1785 0.2177595942306955 128.3768512194905 0
1786 0.2177595942306955 130.5544265554039 0
1787 0.2177595942306955 133.1675169411062 0
1788 0.2177595942306955 136.303225402011 0
1789 0.2177595942306955 140.0660755500633 0
1790 0.2177595942306955 144.5814957447117 0
1791 0.3713371636063902 126.5622051035455 0
1792 0.3713371636063903 128.3768512194905 0
1793 0.3713371636063902 130.5544265554039 0
1794 0.3713371636063904 133.1675169411062 0
1795 0.3713371636063902 136.303225402011 0
1796 0.3713371636063902 140.0660755500632 0
1797 0.3713371636063902 144.5814957447117 0
1798 0.5712939635775989 126.5622051035455 0
1799 0.5712939635775985 128.3768512194905 0
1800 0.5712939635775987 130.5544265554039 0
1801 0.5712939635775985 133.1675169411062 0
1802 0.5712939635775985 136.3032254020111 0
1803 0.5712939635775985 140.0660755500632 0
1804 0.5712939635775985 144.5814957447117 0
1805 0.8310725588415639 126.5622051035455 0
1806 0.8310725588415637 128.3768512194905 0
1807 0.8310725588415638 130.5544265554039 0
1808 0.8310725588415638 133.1675169411062 0
1809 0.8310725588415637 136.3032254020111 0
1810 0.8310725588415638 140.0660755500632 0
1811 0.8310725588415639 144.5814957447117 0
1812 1.167621480425504 126.5622051035455 0
1813 1.167621480425505 128.3768512194905 0
1814 1.167621480425504 130.5544265554039 0
1815 1.167621480425504 133.1675169411062 0
1816 1.167621480425505 136.303225402011 0
1817 1.167621480425505 140.0660755500632 0
1818 1.167621480425505 144.5814957447117 0
1819 1.602041780622574 126.5622051035455 0
1820 1.602041780622574 128.3768512194904 0
1821 1.602041780622574 130.5544265554039 0
1822 1.602041780622574 133.1675169411062 0
1823 1.602041780622574 136.3032254020111 0
1824 1.602041780622574 140.0660755500632 0
1825 1.602041780622574 144.5814957447117 0
1826 2.160164625924768 126.5622051035455 0
1827 2.160164625924769 128.3768512194905 0
1828 2.160164625924769 130.5544265554039 0
1829 2.160164625924769 133.1675169411062 0
1830 2.160164625924769 136.303225402011 0
1831 2.160164625924769 140.0660755500632 0
1832 2.160164625924769 144.5814957447117 0
1833 2.872898452051423 126.5622051035455 0
1834 2.872898452051423 128.3768512194905 0
1835 2.872898452051422 130.5544265554039 0
1836 2.872898452051423 133.1675169411062 0
1837 2.872898452051423 136.3032254020111 0
1838 2.872898452051423 140.0660755500632 0
1839 2.872898452051423 144.5814957447117 0
1840 3.776089194671704 126.5622051035455 0
1841 3.776089194671704 128.3768512194905 0
1842 3.776089194671704 130.5544265554039 0
1843 3.776089194671704 133.1675169411062 0
1844 3.776089194671703 136.3032254020111 0
1845 3.776089194671703 140.0660755500632 0
1846 3.776089194671704 144.5814957447117 0
1847 4.909523771044141 126.5622051035455 0
1848 4.909523771044141 128.3768512194905 0
1849 4.909523771044141 130.5544265554039 0
1850 4.90952377104414 133.1675169411062 0
1851 4.909523771044141 136.3032254020111 0
1852 4.909523771044141 140.0660755500633 0
1853 4.909523771044141 144.5814957447117 0
1854 6.314616623926604 126.5622051035455 0
1855 6.314616623926603 128.3768512194905 0
1856 6.314616623926604 130.5544265554039 0
1857 6.314616623926603 133.1675169411062 0
1858 6.314616623926603 136.3032254020111 0
1859 6.314616623926604 140.0660755500633 0
1860 6.314616623926603 144.5814957447117 0
1861 8.03032183808987 126.5622051035455 0
1862 8.030321838089874 128.3768512194905 0
1863 8.03032183808987 130.5544265554039 0
1864 8.030321838089874 133.1675169411062 0
1865 8.030321838089868 136.303225402011 0
1866 8.03032183808987 140.0660755500632 0
1867 8.030321838089872 144.5814957447117 0
1868 10.08701811272338 126.5622051035455 0
1869 10.08701811272338 128.3768512194905 0
1870 10.08701811272338 130.5544265554039 0
1871 10.08701811272338 133.1675169411062 0
1872 10.08701811272338 136.3032254020111 0
1873 10.08701811272338 140.0660755500633 0
1874 10.08701811272338 144.5814957447117 0
1875 12.49865973156656 126.5622051035455 0
1876 12.49865973156656 128.3768512194905 0
1877 12.49865973156656 130.5544265554039 0
1878 12.49865973156656 133.1675169411062 0
1879 12.49865973156656 136.3032254020111 0
1880 12.49865973156656 140.0660755500632 0
1881 12.49865973156656 144.5814957447117 0
1882 15.25439582479418 126.5622051035455 0
1883 15.25439582479417 128.3768512194905 0
1884 15.25439582479418 130.5544265554039 0
1885 15.25439582479417 133.1675169411062 0
1886 15.25439582479418 136.3032254020111 0
1887 15.25439582479418 140.0660755500632 0
1888 15.25439582479418 144.5814957447117 0
1889 18.31190376551296 126.5622051035455 0
1890 18.31190376551296 128.3768512194905 0
1891 18.31190376551295 130.5544265554039 0
1892 18.31190376551296 133.1675169411062 0
1893 18.31190376551296 136.303225402011 0
1894 18.31190376551296 140.0660755500632 0
1895 18.31190376551296 144.5814957447117 0
1896 21.59530596692579 126.5622051035455 0
1897 21.5953059669258 128.3768512194905 0
1898 21.59530596692579 130.5544265554039 0
1899 21.5953059669258 133.1675169411062 0
1900 21.59530596692579 136.303225402011 0
1901 21.5953059669258 140.0660755500633 0
1902 21.5953059669258 144.5814957447117 0
1903 24.99999999984315 126.5622051035455 0
1904 24.99999999984315 128.3768512194905 0
1905 24.99999999984316 130.5544265554039 0
1906 24.99999999984315 133.1675169411062 0
1907 24.99999999984316 136.303225402011 0
1908 24.99999999984315 140.0660755500632 0
1909 24.99999999984315 144.5814957447117 0
1910 28.40469403278432 126.5622051035455 0
1911 28.40469403278432 128.3768512194905 0
1912 28.40469403278432 130.5544265554039 0
1913 28.40469403278432 133.1675169411062 0
1914 28.40469403278432 136.3032254020111 0
1915 28.40469403278432 140.0660755500632 0
1916 28.40469403278432 144.5814957447117 0
1917 31.68809623423083 126.5622051035455 0
1918 31.68809623423084 128.3768512194905 0
1919 31.68809623423083 130.5544265554039 0
1920 31.68809623423083 133.1675169411062 0
1921 31.68809623423083 136.3032254020111 0
1922 31.68809623423083 140.0660755500632 0
1923 31.68809623423083 144.5814957447117 0
1924 34.74560417498714 126.5622051035455 0
1925 34.74560417498714 128.3768512194905 0
1926 34.74560417498714 130.5544265554039 0
1927 34.74560417498714 133.1675169411062 0
1928 34.74560417498713 136.303225402011 0
1929 34.74560417498714 140.0660755500632 0
1930 34.74560417498714 144.5814957447117 0
1931 37.50134026825118 126.5622051035455 0
1932 37.50134026825119 128.3768512194905 0
1933 37.50134026825118 130.5544265554039 0
1934 37.50134026825118 133.1675169411062 0
1935 37.50134026825117 136.3032254020111 0
1936 37.50134026825118 140.0660755500632 0
1937 37.50134026825117 144.5814957447117 0
1938 39.91298188712973 126.5622051035455 0
1939 39.91298188712974 128.3768512194904 0
1940 39.91298188712975 130.5544265554039 0
1941 39.91298188712974 133.1675169411062 0
1942 39.91298188712975 136.3032254020111 0
1943 39.91298188712975 140.0660755500632 0
1944 39.91298188712975 144.5814957447117 0
1945 41.96967816179536 126.5622051035455 0
1946 41.96967816179536 128.3768512194905 0
1947 41.96967816179534 130.5544265554039 0
1948 41.96967816179535 133.1675169411062 0
1949 41.96967816179535 136.3032254020111 0
1950 41.96967816179535 140.0660755500632 0
1951 41.96967816179534 144.5814957447117 0
1952 43.68538337598797 126.5622051035455 0
1953 43.68538337598799 128.3768512194905 0
1954 43.68538337598796 130.5544265554039 0
1955 43.68538337598797 133.1675169411062 0
1956 43.68538337598797 136.3032254020111 0
1957 43.68538337598798 140.0660755500632 0
1958 43.68538337598795 144.5814957447117 0
1959 45.09047622889231 126.5622051035455 0
1960 45.09047622889232 128.3768512194905 0
1961 45.09047622889233 130.554426555404 0
1962 45.09047622889231 133.1675169411062 0
1963 45.09047622889232 136.3032254020111 0
1964 45.09047622889232 140.0660755500632 0
1965 45.09047622889234 144.5814957447117 0
1966 46.22391080528215 126.5622051035455 0
1967 46.22391080528215 128.3768512194905 0
1968 46.22391080528217 130.5544265554039 0
1969 46.22391080528216 133.1675169411062 0
1970 46.22391080528218 136.3032254020111 0
1971 46.22391080528217 140.0660755500632 0
1972 46.22391080528216 144.5814957447117 0
1973 47.12710154791596 126.5622051035455 0
1974 47.12710154791595 128.3768512194905 0
1975 47.12710154791596 130.554426555404 0
1976 47.12710154791594 133.1675169411062 0
1977 47.12710154791595 136.303225402011 0
1978 47.12710154791593 140.0660755500632 0
1979 47.12710154791594 144.5814957447117 0
1980 47.83983537405295 126.5622051035455 0
1981 47.83983537405296 128.3768512194905 0
1982 47.83983537405297 130.5544265554039 0
1983 47.83983537405295 133.1675169411062 0
1984 47.83983537405295 136.3032254020111 0
1985 47.83983537405297 140.0660755500633 0
1986 47.83983537405296 144.5814957447117 0
1987 48.39795821936261 126.5622051035455 0
1988 48.39795821936263 128.3768512194905 0
1989 48.39795821936263 130.554426555404 0
1990 48.39795821936262 133.1675169411062 0
1991 48.39795821936264 136.3032254020111 0
1992 48.39795821936265 140.0660755500633 0
1993 48.39795821936262 144.5814957447117 0
1994 48.8323785195649 126.5622051035455 0
1995 48.8323785195649 128.3768512194904 0
1996 48.83237851956489 130.554426555404 0
1997 48.8323785195649 133.1675169411062 0
1998 48.8323785195649 136.303225402011 0
1999 48.83237851956489 140.0660755500632 0
2000 48.83237851956491 144.5814957447118 0
2001 49.16892744115248 126.5622051035455 0
2002 49.16892744115249 128.3768512194905 0
2003 49.1689274411525 130.554426555404 0
2004 49.16892744115251 133.1675169411062 0
2005 49.1689274411525 136.3032254020111 0
2006 49.1689274411525 140.0660755500632 0
2007 49.16892744115252 144.5814957447117 0
2008 49.42870603641896 126.5622051035455 0
2009 49.42870603641895 128.3768512194905 0
2010 49.42870603641894 130.5544265554039 0
2011 49.42870603641894 133.1675169411062 0
2012 49.42870603641895 136.3032254020111 0
2013 49.42870603641896 140.0660755500632 0
2014 49.42870603641895 144.5814957447118 0
2015 49.62866283639184 126.5622051035455 0
2016 49.62866283639185 128.3768512194905 0
2017 49.62866283639187 130.554426555404 0
2018 49.62866283639183 133.1675169411062 0
2019 49.62866283639185 136.303225402011 0
2020 49.62866283639185 140.0660755500632 0
2021 49.62866283639185 144.5814957447117 0
2022 49.78224040576863 126.5622051035455 0
2023 49.78224040576862 128.3768512194905 0
2024 49.78224040576863 130.554426555404 0
2025 49.78224040576863 133.1675169411062 0
2026 49.78224040576862 136.3032254020111 0
2027 49.78224040576862 140.0660755500632 0
2028 49.78224040576862 144.5814957447118 0
$EndNodes
$Elements
2116
1 1 2 4 100 1 2
2 1 2 6 101 2 41
3 1 2 6 101 41 42
4 1 2 6 101 42 43
5 1 2 6 101 43 44
6 1 2 6 101 44 45
7 1 2 6 101 45 46
8 1 2 6 101 46 47
9 1 2 6 101 47 48
10 1 2 6 101 48 49
11 1 2 6 101 49 50
12 1 2 6 101 50 51
13 1 2 6 101 51 52
14 1 2 6 101 52 53
15 1 2 6 101 53 54
16 1 2 6 101 54 55
17 1 2 6 101 55 56
18 1 2 6 101 56 57
19 1 2 6 101 57 58
20 1 2 6 101 58 59
21 1 2 6 101 59 60
22 1 2 6 101 60 61
23 1 2 6 101 61 62
24 1 2 6 101 62 63
25 1 2 6 101 63 64
26 1 2 6 101 64 65
27 1 2 6 101 65 66
28 1 2 6 101 66 67
29 1 2 6 101 67 68
30 1 2 6 101 68 69
31 1 2 6 101 69 70
32 1 2 6 101 70 71
33 1 2 6 101 71 72
34 1 2 6 101 72 73
35 1 2 6 101 73 74
36 1 2 6 101 74 75
37 1 2 6 101 75 3
38 1 2 6 102 3 4
39 1 2 7 127 37 38
40 1 2 7 128 38 356
41 1 2 7 128 356 357
42 1 2 7 128 357 358
43 1 2 7 128 358 359
44 1 2 7 128 359 360
45 1 2 7 128 360 361
46 1 2 7 128 361 362
47 1 2 7 128 362 363
48 1 2 7 128 363 364
49 1 2 7 128 364 365
50 1 2 7 128 365 366
51 1 2 7 128 366 367
52 1 2 7 128 367 368
53 1 2 7 128 368 369
54 1 2 7 128 369 370
55 1 2 7 128 370 371
56 1 2 7 128 371 372
57 1 2 7 128 372 373
58 1 2 7 128 373 374
59 1 2 7 128 374 375
60 1 2 7 128 375 376
61 1 2 7 128 376 377
62 1 2 7 128 377 378
63 1 2 7 128 378 379
64 1 2 7 128 379 380
65 1 2 7 128 380 381
66 1 2 7 128 381 382
67 1 2 7 128 382 383
68 1 2 7 128 383 384
69 1 2 7 128 384 385
70 1 2 7 128 385 386
71 1 2 7 128 386 387
72 1 2 7 128 387 388
73 1 2 7 128 388 389
74 1 2 7 128 389 390
75 1 2 7 128 390 39
76 1 2 5 129 39 40
77 1 2 8 300 1 391
78 1 2 8 300 391 392
79 1 2 8 300 392 393
80 1 2 8 300 393 394
81 1 2 8 300 394 395
82 1 2 8 300 395 396
83 1 2 8 300 396 397
84 1 2 8 300 397 5
85 1 2 8 301 5 9
86 1 2 8 302 9 398
87 1 2 8 302 398 399
88 1 2 8 302 399 400
89 1 2 8 302 400 401
90 1 2 8 302 401 402
91 1 2 8 302 402 403
92 1 2 8 302 403 404
93 1 2 8 302 404 13
94 1 2 8 303 13 405
95 1 2 8 303 405 406
96 1 2 8 303 406 407
97 1 2 8 303 407 408
98 1 2 8 303 408 409
99 1 2 8 303 409 410
100 1 2 8 303 410 411
101 1 2 8 303 411 17
102 1 2 8 304 17 21
103 1 2 8 305 21 412
104 1 2 8 305 412 413
105 1 2 8 305 413 414
106 1 2 8 305 414 415
107 1 2 8 305 415 416
108 1 2 8 305 416 417
109 1 2 8 305 417 418
110 1 2 8 305 418 25
111 1 2 8 306 25 419
112 1 2 8 306 419 420
113 1 2 8 306 420 421
114 1 2 8 306 421 422
115 1 2 8 306 422 423
116 1 2 8 306 423 424
117 1 2 8 306 424 425
118 1 2 8 306 425 29
119 1 2 8 307 29 33
120 1 2 8 308 33 426
121 1 2 8 308 426 427
122 1 2 8 308 427 428
123 1 2 8 308 428 429
124 1 2 8 308 429 430
125 1 2 8 308 430 431
126 1 2 8 308 431 432
127 1 2 8 308 432 37
128 1 2 9 327 4 517
129 1 2 9 327 517 518
130 1 2 9 327 518 519
131 1 2 9 327 519 520
132 1 2 9 327 520 521
133 1 2 9 327 521 522
134 1 2 9 327 522 523
135 1 2 9 327 523 8
136 1 2 9 328 8 12
137 1 2 9 329 12 524
138 1 2 9 329 524 525
139 1 2 9 329 525 526
140 1 2 9 329 526 527
141 1 2 9 329 527 528
142 1 2 9 329 528 529
143 1 2 9 329 529 530
144 1 2 9 329 530 16
145 1 2 9 330 16 531
146 1 2 9 330 531 532
147 1 2 9 330 532 533
148 1 2 9 330 533 534
149 1 2 9 330 534 535
150 1 2 9 330 535 536
151 1 2 9 330 536 537
152 1 2 9 330 537 20
153 1 2 9 331 20 24
154 1 2 9 332 24 538
155 1 2 9 332 538 539
156 1 2 9 332 539 540
157 1 2 9 332 540 541
158 1 2 9 332 541 542
159 1 2 9 332 542 543
160 1 2 9 332 543 544
161 1 2 9 332 544 28
162 1 2 9 333 28 545
163 1 2 9 333 545 546
164 1 2 9 333 546 547
165 1 2 9 333 547 548
166 1 2 9 333 548 549
167 1 2 9 333 549 550
168 1 2 9 333 550 551
169 1 2 9 333 551 32
170 1 2 9 334 32 36
171 1 2 9 335 36 552
172 1 2 9 335 552 553
173 1 2 9 335 553 554
174 1 2 9 335 554 555
175 1 2 9 335 555 556
176 1 2 9 335 556 557
177 1 2 9 335 557 558
178 1 2 9 335 558 40
179 3 2 1 1 1 2 433 391
180 3 2 1 1 391 433 434 392
181 3 2 1 1 392 434 435 393
182 3 2 1 1 393 435 436 394
183 3 2 1 1 394 436 437 395
184 3 2 1 1 395 437 438 396
185 3 2 1 1 396 438 439 397
186 3 2 1 1 397 439 6 5
187 3 2 3 2 2 41 559 433
188 3 2 3 2 433 559 560 434
189 3 2 3 2 434 560 561 435
190 3 2 3 2 435 561 562 436
191 3 2 3 2 436 562 563 437
192 3 2 3 2 437 563 564 438
193 3 2 3 2 438 564 565 439
194 3 2 3 2 439 565 76 6
195 3 2 3 2 41 42 566 559
196 3 2 3 2 559 566 567 560
197 3 2 3 2 560 567 568 561
198 3 2 3 2 561 568 569 562
199 3 2 3 2 562 569 570 563
200 3 2 3 2 563 570 571 564
201 3 2 3 2 564 571 572 565
202 3 2 3 2 565 572 77 76
203 3 2 3 2 42 43 573 566
204 3 2 3 2 566 573 574 567
205 3 2 3 2 567 574 575 568
206 3 2 3 2 568 575 576 569
207 3 2 3 2 569 576 577 570
208 3 2 3 2 570 577 578 571
209 3 2 3 2 571 578 579 572
210 3 2 3 2 572 579 78 77
211 3 2 3 2 43 44 580 573
212 3 2 3 2 573 580 581 574
213 3 2 3 2 574 581 582 575
214 3 2 3 2 575 582 583 576
215 3 2 3 2 576 583 584 577
216 3 2 3 2 577 584 585 578
217 3 2 3 2 578 585 586 579
218 3 2 3 2 579 586 79 78
219 3 2 3 2 44 45 587 580
220 3 2 3 2 580 587 588 581
221 3 2 3 2 581 588 589 582
222 3 2 3 2 582 589 590 583
223 3 2 3 2 583 590 591 584
224 3 2 3 2 584 591 592 585
225 3 2 3 2 585 592 593 586
226 3 2 3 2 586 593 80 79
227 3 2 3 2 45 46 594 587
228 3 2 3 2 587 594 595 588
229 3 2 3 2 588 595 596 589
230 3 2 3 2 589 596 597 590
231 3 2 3 2 590 597 598 591
232 3 2 3 2 591 598 599 592
233 3 2 3 2 592 599 600 593
234 3 2 3 2 593 600 81 80
235 3 2 3 2 46 47 601 594
236 3 2 3 2 594 601 602 595
237 3 2 3 2 595 602 603 596
238 3 2 3 2 596 603 604 597
239 3 2 3 2 597 604 605 598
240 3 2 3 2 598 605 606 599
241 3 2 3 2 599 606 607 600
242 3 2 3 2 600 607 82 81
243 3 2 3 2 47 48 608 601
244 3 2 3 2 601 608 609 602
245 3 2 3 2 602 609 610 603
246 3 2 3 2 603 610 611 604
247 3 2 3 2 604 611 612 605
248 3 2 3 2 605 612 613 606
249 3 2 3 2 606 613 614 607
250 3 2 3 2 607 614 83 82
251 3 2 3 2 48 49 615 608
252 3 2 3 2 608 615 616 609
253 3 2 3 2 609 616 617 610
254 3 2 3 2 610 617 618 611
255 3 2 3 2 611 618 619 612
256 3 2 3 2 612 619 620 613
257 3 2 3 2 613 620 621 614
258 3 2 3 2 614 621 84 83
259 3 2 3 2 49 50 622 615
260 3 2 3 2 615 622 623 616
261 3 2 3 2 616 623 624 617
262 3 2 3 2 617 624 625 618
263 3 2 3 2 618 625 626 619
264 3 2 3 2 619 626 627 620
265 3 2 3 2 620 627 628 621
266 3 2 3 2 621 628 85 84
267 3 2 3 2 50 51 629 622
268 3 2 3 2 622 629 630 623
269 3 2 3 2 623 630 631 624
270 3 2 3 2 624 631 632 625
271 3 2 3 2 625 632 633 626
272 3 2 3 2 626 633 634 627
273 3 2 3 2 627 634 635 628
274 3 2 3 2 628 635 86 85
275 3 2 3 2 51 52 636 629
276 3 2 3 2 629 636 637 630
277 3 2 3 2 630 637 638 631
278 3 2 3 2 631 638 639 632
279 3 2 3 2 632 639 640 633
280 3 2 3 2 633 640 641 634
281 3 2 3 2 634 641 642 635
282 3 2 3 2 635 642 87 86
283 3 2 3 2 52 53 643 636
284 3 2 3 2 636 643 644 637
285 3 2 3 2 637 644 645 638
286 3 2 3 2 638 645 646 639
287 3 2 3 2 639 646 647 640
288 3 2 3 2 640 647 648 641
289 3 2 3 2 641 648 649 642
290 3 2 3 2 642 649 88 87
291 3 2 3 2 53 54 650 643
292 3 2 3 2 643 650 651 644
293 3 2 3 2 644 651 652 645
294 3 2 3 2 645 652 653 646
295 3 2 3 2 646 653 654 647
296 3 2 3 2 647 654 655 648
297 3 2 3 2 648 655 656 649
298 3 2 3 2 649 656 89 88
299 3 2 3 2 54 55 657 650
300 3 2 3 2 650 657 658 651
301 3 2 3 2 651 658 659 652
302 3 2 3 2 652 659 660 653
303 3 2 3 2 653 660 661 654
304 3 2 3 2 654 661 662 655
305 3 2 3 2 655 662 663 656
306 3 2 3 2 656 663 90 89
307 3 2 3 2 55 56 664 657
308 3 2 3 2 657 664 665 658
309 3 2 3 2 658 665 666 659
310 3 2 3 2 659 666 667 660
311 3 2 3 2 660 667 668 661
312 3 2 3 2 661 668 669 662
313 3 2 3 2 662 669 670 663
314 3 2 3 2 663 670 91 90
315 3 2 3 2 56 57 671 664
316 3 2 3 2 664 671 672 665
317 3 2 3 2 665 672 673 666
318 3 2 3 2 666 673 674 667
319 3 2 3 2 667 674 675 668
320 3 2 3 2 668 675 676 669
321 3 2 3 2 669 676 677 670
322 3 2 3 2 670 677 92 91
323 3 2 3 2 57 58 678 671
324 3 2 3 2 671 678 679 672
325 3 2 3 2 672 679 680 673
326 3 2 3 2 673 680 681 674
327 3 2 3 2 674 681 682 675
328 3 2 3 2 675 682 683 676
329 3 2 3 2 676 683 684 677
330 3 2 3 2 677 684 93 92
331 3 2 3 2 58 59 685 678
332 3 2 3 2 678 685 686 679
333 3 2 3 2 679 686 687 680
334 3 2 3 2 680 687 688 681
335 3 2 3 2 681 688 689 682
336 3 2 3 2 682 689 690 683
337 3 2 3 2 683 690 691 684
338 3 2 3 2 684 691 94 93
339 3 2 3 2 59 60 692 685
340 3 2 3 2 685 692 693 686
341 3 2 3 2 686 693 694 687
342 3 2 3 2 687 694 695 688
343 3 2 3 2 688 695 696 689
344 3 2 3 2 689 696 697 690
345 3 2 3 2 690 697 698 691
346 3 2 3 2 691 698 95 94
347 3 2 3 2 60 61 699 692
348 3 2 3 2 692 699 700 693
349 3 2 3 2 693 700 701 694
350 3 2 3 2 694 701 702 695
351 3 2 3 2 695 702 703 696
352 3 2 3 2 696 703 704 697
353 3 2 3 2 697 704 705 698
354 3 2 3 2 698 705 96 95
355 3 2 3 2 61 62 706 699
356 3 2 3 2 699 706 707 700
357 3 2 3 2 700 707 708 701
358 3 2 3 2 701 708 709 702
359 3 2 3 2 702 709 710 703
360 3 2 3 2 703 710 711 704
361 3 2 3 2 704 711 712 705
362 3 2 3 2 705 712 97 96
363 3 2 3 2 62 63 713 706
364 3 2 3 2 706 713 714 707
365 3 2 3 2 707 714 715 708
366 3 2 3 2 708 715 716 709
367 3 2 3 2 709 716 717 710
368 3 2 3 2 710 717 718 711
369 3 2 3 2 711 718 719 712
370 3 2 3 2 712 719 98 97
371 3 2 3 2 63 64 720 713
372 3 2 3 2 713 720 721 714
373 3 2 3 2 714 721 722 715
374 3 2 3 2 715 722 723 716
375 3 2 3 2 716 723 724 717
376 3 2 3 2 717 724 725 718
377 3 2 3 2 718 725 726 719
378 3 2 3 2 719 726 99 98
379 3 2 3 2 64 65 727 720
380 3 2 3 2 720 727 728 721
381 3 2 3 2 721 728 729 722
382 3 2 3 2 722 729 730 723
383 3 2 3 2 723 730 731 724
384 3 2 3 2 724 731 732 725
385 3 2 3 2 725 732 733 726
386 3 2 3 2 726 733 100 99
387 3 2 3 2 65 66 734 727
388 3 2 3 2 727 734 735 728
389 3 2 3 2 728 735 736 729
390 3 2 3 2 729 736 737 730
391 3 2 3 2 730 737 738 731
392 3 2 3 2 731 738 739 732
393 3 2 3 2 732 739 740 733
394 3 2 3 2 733 740 101 100
395 3 2 3 2 66 67 741 734
396 3 2 3 2 734 741 742 735
397 3 2 3 2 735 742 743 736
398 3 2 3 2 736 743 744 737
399 3 2 3 2 737 744 745 738
400 3 2 3 2 738 745 746 739
401 3 2 3 2 739 746 747 740
402 3 2 3 2 740 747 102 101
403 3 2 3 2 67 68 748 741
404 3 2 3 2 741 748 749 742
405 3 2 3 2 742 749 750 743
406 3 2 3 2 743 750 751 744
407 3 2 3 2 744 751 752 745
408 3 2 3 2 745 752 753 746
409 3 2 3 2 746 753 754 747
410 3 2 3 2 747 754 103 102
411 3 2 3 2 68 69 755 748
412 3 2 3 2 748 755 756 749
413 3 2 3 2 749 756 757 750
414 3 2 3 2 750 757 758 751
415 3 2 3 2 751 758 759 752
416 3 2 3 2 752 759 760 753
417 3 2 3 2 753 760 761 754
418 3 2 3 2 754 761 104 103
419 3 2 3 2 69 70 762 755
420 3 2 3 2 755 762 763 756
421 3 2 3 2 756 763 764 757
422 3 2 3 2 757 764 765 758
423 3 2 3 2 758 765 766 759
424 3 2 3 2 759 766 767 760
425 3 2 3 2 760 767 768 761
426 3 2 3 2 761 768 105 104
427 3 2 3 2 70 71 769 762
428 3 2 3 2 762 769 770 763
429 3 2 3 2 763 770 771 764
430 3 2 3 2 764 771 772 765
431 3 2 3 2 765 772 773 766
432 3 2 3 2 766 773 774 767
433 3 2 3 2 767 774 775 768
434 3 2 3 2 768 775 106 105
435 3 2 3 2 71 72 776 769
436 3 2 3 2 769 776 777 770
437 3 2 3 2 770 777 778 771
438 3 2 3 2 771 778 779 772
439 3 2 3 2 772 779 780 773
440 3 2 3 2 773 780 781 774
441 3 2 3 2 774 781 782 775
442 3 2 3 2 775 782 107 106
443 3 2 3 2 72 73 783 776
444 3 2 3 2 776 783 784 777
445 3 2 3 2 777 784 785 778
446 3 2 3 2 778 785 786 779
447 3 2 3 2 779 786 787 780
448 3 2 3 2 780 787 788 781
449 3 2 3 2 781 788 789 782
450 3 2 3 2 782 789 108 107
451 3 2 3 2 73 74 790 783
452 3 2 3 2 783 790 791 784
453 3 2 3 2 784 791 792 785
454 3 2 3 2 785 792 793 786
455 3 2 3 2 786 793 794 787
456 3 2 3 2 787 794 795 788
457 3 2 3 2 788 795 796 789
458 3 2 3 2 789 796 109 108
459 3 2 3 2 74 75 797 790
460 3 2 3 2 790 797 798 791
461 3 2 3 2 791 798 799 792
462 3 2 3 2 792 799 800 793
463 3 2 3 2 793 800 801 794
464 3 2 3 2 794 801 802 795
465 3 2 3 2 795 802 803 796
466 3 2 3 2 796 803 110 109
467 3 2 3 2 75 3 475 797
468 3 2 3 2 797 475 476 798
469 3 2 3 2 798 476 477 799
470 3 2 3 2 799 477 478 800
471 3 2 3 2 800 478 479 801
472 3 2 3 2 801 479 480 802
473 3 2 3 2 802 480 481 803
474 3 2 3 2 803 481 7 110
475 3 2 3 3 3 4 517 475
476 3 2 3 3 475 517 518 476
477 3 2 3 3 476 518 519 477
478 3 2 3 3 477 519 520 478
479 3 2 3 3 478 520 521 479
480 3 2 3 3 479 521 522 480
481 3 2 3 3 480 522 523 481
482 3 2 3 3 481 523 8 7
483 3 2 1 4 5 6 10 9
484 3 2 2 5 6 76 111 10
485 3 2 2 5 76 77 112 111
486 3 2 2 5 77 78 113 112
487 3 2 2 5 78 79 114 113
488 3 2 2 5 79 80 115 114
489 3 2 2 5 80 81 116 115
490 3 2 2 5 81 82 117 116
491 3 2 2 5 82 83 118 117
492 3 2 2 5 83 84 119 118
493 3 2 2 5 84 85 120 119
494 3 2 2 5 85 86 121 120
495 3 2 2 5 86 87 122 121
496 3 2 2 5 87 88 123 122
497 3 2 2 5 88 89 124 123
498 3 2 2 5 89 90 125 124
499 3 2 2 5 90 91 126 125
500 3 2 2 5 91 92 127 126
501 3 2 2 5 92 93 128 127
502 3 2 2 5 93 94 129 128
503 3 2 2 5 94 95 130 129
504 3 2 2 5 95 96 131 130
505 3 2 2 5 96 97 132 131
506 3 2 2 5 97 98 133 132
507 3 2 2 5 98 99 134 133
508 3 2 2 5 99 100 135 134
509 3 2 2 5 100 101 136 135
510 3 2 2 5 101 102 137 136
511 3 2 2 5 102 103 138 137
512 3 2 2 5 103 104 139 138
513 3 2 2 5 104 105 140 139
514 3 2 2 5 105 106 141 140
515 3 2 2 5 106 107 142 141
516 3 2 2 5 107 108 143 142
517 3 2 2 5 108 109 144 143
518 3 2 2 5 109 110 145 144
519 3 2 2 5 110 7 11 145
520 3 2 2 6 7 8 12 11
521 3 2 1 7 9 10 440 398
522 3 2 1 7 398 440 441 399
523 3 2 1 7 399 441 442 400
524 3 2 1 7 400 442 443 401
525 3 2 1 7 401 443 444 402
526 3 2 1 7 402 444 445 403
527 3 2 1 7 403 445 446 404
528 3 2 1 7 404 446 14 13
529 3 2 3 8 10 111 804 440
530 3 2 3 8 440 804 805 441
531 3 2 3 8 441 805 806 442
532 3 2 3 8 442 806 807 443
533 3 2 3 8 443 807 808 444
534 3 2 3 8 444 808 809 445
535 3 2 3 8 445 809 810 446
536 3 2 3 8 446 810 146 14
537 3 2 3 8 111 112 811 804
538 3 2 3 8 804 811 812 805
539 3 2 3 8 805 812 813 806
540 3 2 3 8 806 813 814 807
541 3 2 3 8 807 814 815 808
542 3 2 3 8 808 815 816 809
543 3 2 3 8 809 816 817 810
544 3 2 3 8 810 817 147 146
545 3 2 3 8 112 113 818 811
546 3 2 3 8 811 818 819 812
547 3 2 3 8 812 819 820 813
548 3 2 3 8 813 820 821 814
549 3 2 3 8 814 821 822 815
550 3 2 3 8 815 822 823 816
551 3 2 3 8 816 823 824 817
552 3 2 3 8 817 824 148 147
553 3 2 3 8 113 114 825 818
554 3 2 3 8 818 825 826 819
555 3 2 3 8 819 826 827 820
556 3 2 3 8 820 827 828 821
557 3 2 3 8 821 828 829 822
558 3 2 3 8 822 829 830 823
559 3 2 3 8 823 830 831 824
560 3 2 3 8 824 831 149 148
561 3 2 3 8 114 115 832 825
562 3 2 3 8 825 832 833 826
563 3 2 3 8 826 833 834 827
564 3 2 3 8 827 834 835 828
565 3 2 3 8 828 835 836 829
566 3 2 3 8 829 836 837 830
567 3 2 3 8 830 837 838 831
568 3 2 3 8 831 838 150 149
569 3 2 3 8 115 116 839 832
570 3 2 3 8 832 839 840 833
571 3 2 3 8 833 840 841 834
572 3 2 3 8 834 841 842 835
573 3 2 3 8 835 842 843 836
574 3 2 3 8 836 843 844 837
575 3 2 3 8 837 844 845 838
576 3 2 3 8 838 845 151 150
577 3 2 3 8 116 117 846 839
578 3 2 3 8 839 846 847 840
579 3 2 3 8 840 847 848 841
580 3 2 3 8 841 848 849 842
581 3 2 3 8 842 849 850 843
582 3 2 3 8 843 850 851 844
583 3 2 3 8 844 851 852 845
584 3 2 3 8 845 852 152 151
585 3 2 3 8 117 118 853 846
586 3 2 3 8 846 853 854 847
587 3 2 3 8 847 854 855 848
588 3 2 3 8 848 855 856 849
589 3 2 3 8 849 856 857 850
590 3 2 3 8 850 857 858 851
591 3 2 3 8 851 858 859 852
592 3 2 3 8 852 859 153 152
593 3 2 3 8 118 119 860 853
594 3 2 3 8 853 860 861 854
595 3 2 3 8 854 861 862 855
596 3 2 3 8 855 862 863 856
597 3 2 3 8 856 863 864 857
598 3 2 3 8 857 864 865 858
599 3 2 3 8 858 865 866 859
600 3 2 3 8 859 866 154 153
601 3 2 3 8 119 120 867 860
602 3 2 3 8 860 867 868 861
603 3 2 3 8 861 868 869 862
604 3 2 3 8 862 869 870 863
605 3 2 3 8 863 870 871 864
606 3 2 3 8 864 871 872 865
607 3 2 3 8 865 872 873 866
608 3 2 3 8 866 873 155 154
609 3 2 3 8 120 121 874 867
610 3 2 3 8 867 874 875 868
611 3 2 3 8 868 875 876 869
612 3 2 3 8 869 876 877 870
613 3 2 3 8 870 877 878 871
614 3 2 3 8 871 878 879 872
615 3 2 3 8 872 879 880 873
616 3 2 3 8 873 880 156 155
617 3 2 3 8 121 122 881 874
618 3 2 3 8 874 881 882 875
619 3 2 3 8 875 882 883 876
620 3 2 3 8 876 883 884 877
621 3 2 3 8 877 884 885 878
622 3 2 3 8 878 885 886 879
623 3 2 3 8 879 886 887 880
624 3 2 3 8 880 887 157 156
625 3 2 3 8 122 123 888 881
626 3 2 3 8 881 888 889 882
627 3 2 3 8 882 889 890 883
628 3 2 3 8 883 890 891 884
629 3 2 3 8 884 891 892 885
630 3 2 3 8 885 892 893 886
631 3 2 3 8 886 893 894 887
632 3 2 3 8 887 894 158 157
633 3 2 3 8 123 124 895 888
634 3 2 3 8 888 895 896 889
635 3 2 3 8 889 896 897 890
636 3 2 3 8 890 897 898 891
637 3 2 3 8 891 898 899 892
638 3 2 3 8 892 899 900 893
639 3 2 3 8 893 900 901 894
640 3 2 3 8 894 901 159 158
641 3 2 3 8 124 125 902 895
642 3 2 3 8 895 902 903 896
643 3 2 3 8 896 903 904 897
644 3 2 3 8 897 904 905 898
645 3 2 3 8 898 905 906 899
646 3 2 3 8 899 906 907 900
647 3 2 3 8 900 907 908 901
648 3 2 3 8 901 908 160 159
649 3 2 3 8 125 126 909 902
650 3 2 3 8 902 909 910 903
651 3 2 3 8 903 910 911 904
652 3 2 3 8 904 911 912 905
653 3 2 3 8 905 912 913 906
654 3 2 3 8 906 913 914 907
655 3 2 3 8 907 914 915 908
656 3 2 3 8 908 915 161 160
657 3 2 3 8 126 127 916 909
658 3 2 3 8 909 916 917 910
659 3 2 3 8 910 917 918 911
660 3 2 3 8 911 918 919 912
661 3 2 3 8 912 919 920 913
662 3 2 3 8 913 920 921 914
663 3 2 3 8 914 921 922 915
664 3 2 3 8 915 922 162 161
665 3 2 3 8 127 128 923 916
666 3 2 3 8 916 923 924 917
667 3 2 3 8 917 924 925 918
668 3 2 3 8 918 925 926 919
669 3 2 3 8 919 926 927 920
670 3 2 3 8 920 927 928 921
671 3 2 3 8 921 928 929 922
672 3 2 3 8 922 929 163 162
673 3 2 3 8 128 129 930 923
674 3 2 3 8 923 930 931 924
675 3 2 3 8 924 931 932 925
676 3 2 3 8 925 932 933 926
677 3 2 3 8 926 933 934 927
678 3 2 3 8 927 934 935 928
679 3 2 3 8 928 935 936 929
680 3 2 3 8 929 936 164 163
681 3 2 3 8 129 130 937 930
682 3 2 3 8 930 937 938 931
683 3 2 3 8 931 938 939 932
684 3 2 3 8 932 939 940 933
685 3 2 3 8 933 940 941 934
686 3 2 3 8 934 941 942 935
687 3 2 3 8 935 942 943 936
688 3 2 3 8 936 943 165 164
689 3 2 3 8 130 131 944 937
690 3 2 3 8 937 944 945 938
691 3 2 3 8 938 945 946 939
692 3 2 3 8 939 946 947 940
693 3 2 3 8 940 947 948 941
694 3 2 3 8 941 948 949 942
695 3 2 3 8 942 949 950 943
696 3 2 3 8 943 950 166 165
697 3 2 3 8 131 132 951 944
698 3 2 3 8 944 951 952 945
699 3 2 3 8 945 952 953 946
700 3 2 3 8 946 953 954 947
701 3 2 3 8 947 954 955 948
702 3 2 3 8 948 955 956 949
703 3 2 3 8 949 956 957 950
704 3 2 3 8 950 957 167 166
705 3 2 3 8 132 133 958 951
706 3 2 3 8 951 958 959 952
707 3 2 3 8 952 959 960 953
708 3 2 3 8 953 960 961 954
709 3 2 3 8 954 961 962 955
710 3 2 3 8 955 962 963 956
711 3 2 3 8 956 963 964 957
712 3 2 3 8 957 964 168 167
713 3 2 3 8 133 134 965 958
714 3 2 3 8 958 965 966 959
715 3 2 3 8 959 966 967 960
716 3 2 3 8 960 967 968 961
717 3 2 3 8 961 968 969 962
718 3 2 3 8 962 969 970 963
719 3 2 3 8 963 970 971 964
720 3 2 3 8 964 971 169 168
721 3 2 3 8 134 135 972 965
722 3 2 3 8 965 972 973 966
723 3 2 3 8 966 973 974 967
724 3 2 3 8 967 974 975 968
725 3 2 3 8 968 975 976 969
726 3 2 3 8 969 976 977 970
727 3 2 3 8 970 977 978 971
728 3 2 3 8 971 978 170 169
729 3 2 3 8 135 136 979 972
730 3 2 3 8 972 979 980 973
731 3 2 3 8 973 980 981 974
732 3 2 3 8 974 981 982 975
733 3 2 3 8 975 982 983 976
734 3 2 3 8 976 983 984 977
735 3 2 3 8 977 984 985 978
736 3 2 3 8 978 985 171 170
737 3 2 3 8 136 137 986 979
738 3 2 3 8 979 986 987 980
739 3 2 3 8 980 987 988 981
740 3 2 3 8 981 988 989 982
741 3 2 3 8 982 989 990 983
742 3 2 3 8 983 990 991 984
743 3 2 3 8 984 991 992 985
744 3 2 3 8 985 992 172 171
745 3 2 3 8 137 138 993 986
746 3 2 3 8 986 993 994 987
747 3 2 3 8 987 994 995 988
748 3 2 3 8 988 995 996 989
749 3 2 3 8 989 996 997 990
750 3 2 3 8 990 997 998 991
751 3 2 3 8 991 998 999 992
752 3 2 3 8 992 999 173 172
753 3 2 3 8 138 139 1000 993
754 3 2 3 8 993 1000 1001 994
755 3 2 3 8 994 1001 1002 995
756 3 2 3 8 995 1002 1003 996
757 3 2 3 8 996 1003 1004 997
758 3 2 3 8 997 1004 1005 998
759 3 2 3 8 998 1005 1006 999
760 3 2 3 8 999 1006 174 173
761 3 2 3 8 139 140 1007 1000
762 3 2 3 8 1000 1007 1008 1001
763 3 2 3 8 1001 1008 1009 1002
764 3 2 3 8 1002 1009 1010 1003
765 3 2 3 8 1003 1010 1011 1004
766 3 2 3 8 1004 1011 1012 1005
767 3 2 3 8 1005 1012 1013 1006
768 3 2 3 8 1006 1013 175 174
769 3 2 3 8 140 141 1014 1007
770 3 2 3 8 1007 1014 1015 1008
771 3 2 3 8 1008 1015 1016 1009
772 3 2 3 8 1009 1016 1017 1010
773 3 2 3 8 1010 1017 1018 1011
774 3 2 3 8 1011 1018 1019 1012
775 3 2 3 8 1012 1019 1020 1013
776 3 2 3 8 1013 1020 176 175
777 3 2 3 8 141 142 1021 1014
778 3 2 3 8 1014 1021 1022 1015
779 3 2 3 8 1015 1022 1023 1016
780 3 2 3 8 1016 1023 1024 1017
781 3 2 3 8 1017 1024 1025 1018
782 3 2 3 8 1018 1025 1026 1019
783 3 2 3 8 1019 1026 1027 1020
784 3 2 3 8 1020 1027 177 176
785 3 2 3 8 142 143 1028 1021
786 3 2 3 8 1021 1028 1029 1022
787 3 2 3 8 1022 1029 1030 1023
788 3 2 3 8 1023 1030 1031 1024
789 3 2 3 8 1024 1031 1032 1025
790 3 2 3 8 1025 1032 1033 1026
791 3 2 3 8 1026 1033 1034 1027
792 3 2 3 8 1027 1034 178 177
793 3 2 3 8 143 144 1035 1028
794 3 2 3 8 1028 1035 1036 1029
795 3 2 3 8 1029 1036 1037 1030
796 3 2 3 8 1030 1037 1038 1031
797 3 2 3 8 1031 1038 1039 1032
798 3 2 3 8 1032 1039 1040 1033
799 3 2 3 8 1033 1040 1041 1034
800 3 2 3 8 1034 1041 179 178
801 3 2 3 8 144 145 1042 1035
802 3 2 3 8 1035 1042 1043 1036
803 3 2 3 8 1036 1043 1044 1037
804 3 2 3 8 1037 1044 1045 1038
805 3 2 3 8 1038 1045 1046 1039
806 3 2 3 8 1039 1046 1047 1040
807 3 2 3 8 1040 1047 1048 1041
808 3 2 3 8 1041 1048 180 179
809 3 2 3 8 145 11 482 1042
810 3 2 3 8 1042 482 483 1043
811 3 2 3 8 1043 483 484 1044
812 3 2 3 8 1044 484 485 1045
813 3 2 3 8 1045 485 486 1046
814 3 2 3 8 1046 486 487 1047
815 3 2 3 8 1047 487 488 1048
816 3 2 3 8 1048 488 15 180
817 3 2 3 9 11 12 524 482
818 3 2 3 9 482 524 525 483
819 3 2 3 9 483 525 526 484
820 3 2 3 9 484 526 527 485
821 3 2 3 9 485 527 528 486
822 3 2 3 9 486 528 529 487
823 3 2 3 9 487 529 530 488
824 3 2 3 9 488 530 16 15
825 3 2 1 10 13 14 447 405
826 3 2 1 10 405 447 448 406
827 3 2 1 10 406 448 449 407
828 3 2 1 10 407 449 450 408
829 3 2 1 10 408 450 451 409
830 3 2 1 10 409 451 452 410
831 3 2 1 10 410 452 453 411
832 3 2 1 10 411 453 18 17
833 3 2 3 11 14 146 1049 447
834 3 2 3 11 447 1049 1050 448
835 3 2 3 11 448 1050 1051 449
836 3 2 3 11 449 1051 1052 450
837 3 2 3 11 450 1052 1053 451
838 3 2 3 11 451 1053 1054 452
839 3 2 3 11 452 1054 1055 453
840 3 2 3 11 453 1055 181 18
841 3 2 3 11 146 147 1056 1049
842 3 2 3 11 1049 1056 1057 1050
843 3 2 3 11 1050 1057 1058 1051
844 3 2 3 11 1051 1058 1059 1052
845 3 2 3 11 1052 1059 1060 1053
846 3 2 3 11 1053 1060 1061 1054
847 3 2 3 11 1054 1061 1062 1055
848 3 2 3 11 1055 1062 182 181
849 3 2 3 11 147 148 1063 1056
850 3 2 3 11 1056 1063 1064 1057
851 3 2 3 11 1057 1064 1065 1058
852 3 2 3 11 1058 1065 1066 1059
853 3 2 3 11 1059 1066 1067 1060
854 3 2 3 11 1060 1067 1068 1061
855 3 2 3 11 1061 1068 1069 1062
856 3 2 3 11 1062 1069 183 182
857 3 2 3 11 148 149 1070 1063
858 3 2 3 11 1063 1070 1071 1064
859 3 2 3 11 1064 1071 1072 1065
860 3 2 3 11 1065 1072 1073 1066
861 3 2 3 11 1066 1073 1074 1067
862 3 2 3 11 1067 1074 1075 1068
863 3 2 3 11 1068 1075 1076 1069
864 3 2 3 11 1069 1076 184 183
865 3 2 3 11 149 150 1077 1070
866 3 2 3 11 1070 1077 1078 1071
867 3 2 3 11 1071 1078 1079 1072
868 3 2 3 11 1072 1079 1080 1073
869 3 2 3 11 1073 1080 1081 1074
870 3 2 3 11 1074 1081 1082 1075
871 3 2 3 11 1075 1082 1083 1076
872 3 2 3 11 1076 1083 185 184
873 3 2 3 11 150 151 1084 1077
874 3 2 3 11 1077 1084 1085 1078
875 3 2 3 11 1078 1085 1086 1079
876 3 2 3 11 1079 1086 1087 1080
877 3 2 3 11 1080 1087 1088 1081
878 3 2 3 11 1081 1088 1089 1082
879 3 2 3 11 1082 1089 1090 1083
880 3 2 3 11 1083 1090 186 185
881 3 2 3 11 151 152 1091 1084
882 3 2 3 11 1084 1091 1092 1085
883 3 2 3 11 1085 1092 1093 1086
884 3 2 3 11 1086 1093 1094 1087
885 3 2 3 11 1087 1094 1095 1088
886 3 2 3 11 1088 1095 1096 1089
887 3 2 3 11 1089 1096 1097 1090
888 3 2 3 11 1090 1097 187 186
889 3 2 3 11 152 153 1098 1091
890 3 2 3 11 1091 1098 1099 1092
891 3 2 3 11 1092 1099 1100 1093
892 3 2 3 11 1093 1100 1101 1094
893 3 2 3 11 1094 1101 1102 1095
894 3 2 3 11 1095 1102 1103 1096
895 3 2 3 11 1096 1103 1104 1097
896 3 2 3 11 1097 1104 188 187
897 3 2 3 11 153 154 1105 1098
898 3 2 3 11 1098 1105 1106 1099
899 3 2 3 11 1099 1106 1107 1100
900 3 2 3 11 1100 1107 1108 1101
901 3 2 3 11 1101 1108 1109 1102
902 3 2 3 11 1102 1109 1110 1103
903 3 2 3 11 1103 1110 1111 1104
904 3 2 3 11 1104 1111 189 188
905 3 2 3 11 154 155 1112 1105
906 3 2 3 11 1105 1112 1113 1106
907 3 2 3 11 1106 1113 1114 1107
908 3 2 3 11 1107 1114 1115 1108
909 3 2 3 11 1108 1115 1116 1109
910 3 2 3 11 1109 1116 1117 1110
911 3 2 3 11 1110 1117 1118 1111
912 3 2 3 11 1111 1118 190 189
913 3 2 3 11 155 156 1119 1112
914 3 2 3 11 1112 1119 1120 1113
915 3 2 3 11 1113 1120 1121 1114
916 3 2 3 11 1114 1121 1122 1115
917 3 2 3 11 1115 1122 1123 1116
918 3 2 3 11 1116 1123 1124 1117
919 3 2 3 11 1117 1124 1125 1118
920 3 2 3 11 1118 1125 191 190
921 3 2 3 11 156 157 1126 1119
922 3 2 3 11 1119 1126 1127 1120
923 3 2 3 11 1120 1127 1128 1121
924 3 2 3 11 1121 1128 1129 1122
925 3 2 3 11 1122 1129 1130 1123
926 3 2 3 11 1123 1130 1131 1124
927 3 2 3 11 1124 1131 1132 1125
928 3 2 3 11 1125 1132 192 191
929 3 2 3 11 157 158 1133 1126
930 3 2 3 11 1126 1133 1134 1127
931 3 2 3 11 1127 1134 1135 1128
932 3 2 3 11 1128 1135 1136 1129
933 3 2 3 11 1129 1136 1137 1130
934 3 2 3 11 1130 1137 1138 1131
935 3 2 3 11 1131 1138 1139 1132
936 3 2 3 11 1132 1139 193 192
937 3 2 3 11 158 159 1140 1133
938 3 2 3 11 1133 1140 1141 1134
939 3 2 3 11 1134 1141 1142 1135
940 3 2 3 11 1135 1142 1143 1136
941 3 2 3 11 1136 1143 1144 1137
942 3 2 3 11 1137 1144 1145 1138
943 3 2 3 11 1138 1145 1146 1139
944 3 2 3 11 1139 1146 194 193
945 3 2 3 11 159 160 1147 1140
946 3 2 3 11 1140 1147 1148 1141
947 3 2 3 11 1141 1148 1149 1142
948 3 2 3 11 1142 1149 1150 1143
949 3 2 3 11 1143 1150 1151 1144
950 3 2 3 11 1144 1151 1152 1145
951 3 2 3 11 1145 1152 1153 1146
952 3 2 3 11 1146 1153 195 194
953 3 2 3 11 160 161 1154 1147
954 3 2 3 11 1147 1154 1155 1148
955 3 2 3 11 1148 1155 1156 1149
956 3 2 3 11 1149 1156 1157 1150
957 3 2 3 11 1150 1157 1158 1151
958 3 2 3 11 1151 1158 1159 1152
959 3 2 3 11 1152 1159 1160 1153
960 3 2 3 11 1153 1160 196 195
961 3 2 3 11 161 162 1161 1154
962 3 2 3 11 1154 1161 1162 1155
963 3 2 3 11 1155 1162 1163 1156
964 3 2 3 11 1156 1163 1164 1157
965 3 2 3 11 1157 1164 1165 1158
966 3 2 3 11 1158 1165 1166 1159
967 3 2 3 11 1159 1166 1167 1160
968 3 2 3 11 1160 1167 197 196
969 3 2 3 11 162 163 1168 1161
970 3 2 3 11 1161 1168 1169 1162
971 3 2 3 11 1162 1169 1170 1163
972 3 2 3 11 1163 1170 1171 1164
973 3 2 3 11 1164 1171 1172 1165
974 3 2 3 11 1165 1172 1173 1166
975 3 2 3 11 1166 1173 1174 1167
976 3 2 3 11 1167 1174 198 197
977 3 2 3 11 163 164 1175 1168
978 3 2 3 11 1168 1175 1176 1169
979 3 2 3 11 1169 1176 1177 1170
980 3 2 3 11 1170 1177 1178 1171
981 3 2 3 11 1171 1178 1179 1172
982 3 2 3 11 1172 1179 1180 1173
983 3 2 3 11 1173 1180 1181 1174
984 3 2 3 11 1174 1181 199 198
985 3 2 3 11 164 165 1182 1175
986 3 2 3 11 1175 1182 1183 1176
987 3 2 3 11 1176 1183 1184 1177
988 3 2 3 11 1177 1184 1185 1178
989 3 2 3 11 1178 1185 1186 1179
990 3 2 3 11 1179 1186 1187 1180
991 3 2 3 11 1180 1187 1188 1181
992 3 2 3 11 1181 1188 200 199
993 3 2 3 11 165 166 1189 1182
994 3 2 3 11 1182 1189 1190 1183
995 3 2 3 11 1183 1190 1191 1184
996 3 2 3 11 1184 1191 1192 1185
997 3 2 3 11 1185 1192 1193 1186
998 3 2 3 11 1186 1193 1194 1187
999 3 2 3 11 1187 1194 1195 1188
1000 3 2 3 11 1188 1195 201 200
1001 3 2 3 11 166 167 1196 1189
1002 3 2 3 11 1189 1196 1197 1190
1003 3 2 3 11 1190 1197 1198 1191
1004 3 2 3 11 1191 1198 1199 1192
1005 3 2 3 11 1192 1199 1200 1193
1006 3 2 3 11 1193 1200 1201 1194
1007 3 2 3 11 1194 1201 1202 1195
1008 3 2 3 11 1195 1202 202 201
1009 3 2 3 11 167 168 1203 1196
1010 3 2 3 11 1196 1203 1204 1197
1011 3 2 3 11 1197 1204 1205 1198
1012 3 2 3 11 1198 1205 1206 1199
1013 3 2 3 11 1199 1206 1207 1200
1014 3 2 3 11 1200 1207 1208 1201
1015 3 2 3 11 1201 1208 1209 1202
1016 3 2 3 11 1202 1209 203 202
1017 3 2 3 11 168 169 1210 1203
1018 3 2 3 11 1203 1210 1211 1204
1019 3 2 3 11 1204 1211 1212 1205
1020 3 2 3 11 1205 1212 1213 1206
1021 3 2 3 11 1206 1213 1214 1207
1022 3 2 3 11 1207 1214 1215 1208
1023 3 2 3 11 1208 1215 1216 1209
1024 3 2 3 11 1209 1216 204 203
1025 3 2 3 11 169 170 1217 1210
1026 3 2 3 11 1210 1217 1218 1211
1027 3 2 3 11 1211 1218 1219 1212
1028 3 2 3 11 1212 1219 1220 1213
1029 3 2 3 11 1213 1220 1221 1214
1030 3 2 3 11 1214 1221 1222 1215
1031 3 2 3 11 1215 1222 1223 1216
1032 3 2 3 11 1216 1223 205 204
1033 3 2 3 11 170 171 1224 1217
1034 3 2 3 11 1217 1224 1225 1218
1035 3 2 3 11 1218 1225 1226 1219
1036 3 2 3 11 1219 1226 1227 1220
1037 3 2 3 11 1220 1227 1228 1221
1038 3 2 3 11 1221 1228 1229 1222
1039 3 2 3 11 1222 1229 1230 1223
1040 3 2 3 11 1223 1230 206 205
1041 3 2 3 11 171 172 1231 1224
1042 3 2 3 11 1224 1231 1232 1225
1043 3 2 3 11 1225 1232 1233 1226
1044 3 2 3 11 1226 1233 1234 1227
1045 3 2 3 11 1227 1234 1235 1228
1046 3 2 3 11 1228 1235 1236 1229
1047 3 2 3 11 1229 1236 1237 1230
1048 3 2 3 11 1230 1237 207 206
1049 3 2 3 11 172 173 1238 1231
1050 3 2 3 11 1231 1238 1239 1232
1051 3 2 3 11 1232 1239 1240 1233
1052 3 2 3 11 1233 1240 1241 1234
1053 3 2 3 11 1234 1241 1242 1235
1054 3 2 3 11 1235 1242 1243 1236
1055 3 2 3 11 1236 1243 1244 1237
1056 3 2 3 11 1237 1244 208 207
1057 3 2 3 11 173 174 1245 1238
1058 3 2 3 11 1238 1245 1246 1239
1059 3 2 3 11 1239 1246 1247 1240
1060 3 2 3 11 1240 1247 1248 1241
1061 3 2 3 11 1241 1248 1249 1242
1062 3 2 3 11 1242 1249 1250 1243
1063 3 2 3 11 1243 1250 1251 1244
1064 3 2 3 11 1244 1251 209 208
1065 3 2 3 11 174 175 1252 1245
1066 3 2 3 11 1245 1252 1253 1246
1067 3 2 3 11 1246 1253 1254 1247
1068 3 2 3 11 1247 1254 1255 1248
1069 3 2 3 11 1248 1255 1256 1249
1070 3 2 3 11 1249 1256 1257 1250
1071 3 2 3 11 1250 1257 1258 1251
1072 3 2 3 11 1251 1258 210 209
1073 3 2 3 11 175 176 1259 1252
1074 3 2 3 11 1252 1259 1260 1253
1075 3 2 3 11 1253 1260 1261 1254
1076 3 2 3 11 1254 1261 1262 1255
1077 3 2 3 11 1255 1262 1263 1256
1078 3 2 3 11 1256 1263 1264 1257
1079 3 2 3 11 1257 1264 1265 1258
1080 3 2 3 11 1258 1265 211 210
1081 3 2 3 11 176 177 1266 1259
1082 3 2 3 11 1259 1266 1267 1260
1083 3 2 3 11 1260 1267 1268 1261
1084 3 2 3 11 1261 1268 1269 1262
1085 3 2 3 11 1262 1269 1270 1263
1086 3 2 3 11 1263 1270 1271 1264
1087 3 2 3 11 1264 1271 1272 1265
1088 3 2 3 11 1265 1272 212 211
1089 3 2 3 11 177 178 1273 1266
1090 3 2 3 11 1266 1273 1274 1267
1091 3 2 3 11 1267 1274 1275 1268
1092 3 2 3 11 1268 1275 1276 1269
1093 3 2 3 11 1269 1276 1277 1270
1094 3 2 3 11 1270 1277 1278 1271
1095 3 2 3 11 1271 1278 1279 1272
1096 3 2 3 11 1272 1279 213 212
1097 3 2 3 11 178 179 1280 1273
1098 3 2 3 11 1273 1280 1281 1274
1099 3 2 3 11 1274 1281 1282 1275
1100 3 2 3 11 1275 1282 1283 1276
1101 3 2 3 11 1276 1283 1284 1277
1102 3 2 3 11 1277 1284 1285 1278
1103 3 2 3 11 1278 1285 1286 1279
1104 3 2 3 11 1279 1286 214 213
1105 3 2 3 11 179 180 1287 1280
1106 3 2 3 11 1280 1287 1288 1281
1107 3 2 3 11 1281 1288 1289 1282
1108 3 2 3 11 1282 1289 1290 1283
1109 3 2 3 11 1283 1290 1291 1284
1110 3 2 3 11 1284 1291 1292 1285
1111 3 2 3 11 1285 1292 1293 1286
1112 3 2 3 11 1286 1293 215 214
1113 3 2 3 11 180 15 489 1287
1114 3 2 3 11 1287 489 490 1288
1115 3 2 3 11 1288 490 491 1289
1116 3 2 3 11 1289 491 492 1290
1117 3 2 3 11 1290 492 493 1291
1118 3 2 3 11 1291 493 494 1292
1119 3 2 3 11 1292 494 495 1293
1120 3 2 3 11 1293 495 19 215
1121 3 2 1 12 15 16 531 489
1122 3 2 1 12 489 531 532 490
1123 3 2 1 12 490 532 533 491
1124 3 2 1 12 491 533 534 492
1125 3 2 1 12 492 534 535 493
1126 3 2 1 12 493 535 536 494
1127 3 2 1 12 494 536 537 495
1128 3 2 1 12 495 537 20 19
1129 3 2 1 13 17 18 22 21
1130 3 2 2 14 18 181 216 22
1131 3 2 2 14 181 182 217 216
1132 3 2 2 14 182 183 218 217
1133 3 2 2 14 183 184 219 218
1134 3 2 2 14 184 185 220 219
1135 3 2 2 14 185 186 221 220
1136 3 2 2 14 186 187 222 221
1137 3 2 2 14 187 188 223 222
1138 3 2 2 14 188 189 224 223
1139 3 2 2 14 189 190 225 224
1140 3 2 2 14 190 191 226 225
1141 3 2 2 14 191 192 227 226
1142 3 2 2 14 192 193 228 227
1143 3 2 2 14 193 194 229 228
1144 3 2 2 14 194 195 230 229
1145 3 2 2 14 195 196 231 230
1146 3 2 2 14 196 197 232 231
1147 3 2 2 14 197 198 233 232
1148 3 2 2 14 198 199 234 233
1149 3 2 2 14 199 200 235 234
1150 3 2 2 14 200 201 236 235
1151 3 2 2 14 201 202 237 236
1152 3 2 2 14 202 203 238 237
1153 3 2 2 14 203 204 239 238
1154 3 2 2 14 204 205 240 239
1155 3 2 2 14 205 206 241 240
1156 3 2 2 14 206 207 242 241
1157 3 2 2 14 207 208 243 242
1158 3 2 2 14 208 209 244 243
1159 3 2 2 14 209 210 245 244
1160 3 2 2 14 210 211 246 245
1161 3 2 2 14 211 212 247 246
1162 3 2 2 14 212 213 248 247
1163 3 2 2 14 213 214 249 248
1164 3 2 2 14 214 215 250 249
1165 3 2 2 14 215 19 23 250
1166 3 2 1 15 19 20 24 23
1167 3 2 1 16 21 22 454 412
1168 3 2 1 16 412 454 455 413
1169 3 2 1 16 413 455 456 414
1170 3 2 1 16 414 456 457 415
1171 3 2 1 16 415 457 458 416
1172 3 2 1 16 416 458 459 417
1173 3 2 1 16 417 459 460 418
1174 3 2 1 16 418 460 26 25
1175 3 2 3 17 22 216 1294 454
1176 3 2 3 17 454 1294 1295 455
1177 3 2 3 17 455 1295 1296 456
1178 3 2 3 17 456 1296 1297 457
1179 3 2 3 17 457 1297 1298 458
1180 3 2 3 17 458 1298 1299 459
1181 3 2 3 17 459 1299 1300 460
1182 3 2 3 17 460 1300 251 26
1183 3 2 3 17 216 217 1301 1294
1184 3 2 3 17 1294 1301 1302 1295
1185 3 2 3 17 1295 1302 1303 1296
1186 3 2 3 17 1296 1303 1304 1297
1187 3 2 3 17 1297 1304 1305 1298
1188 3 2 3 17 1298 1305 1306 1299
1189 3 2 3 17 1299 1306 1307 1300
1190 3 2 3 17 1300 1307 252 251
1191 3 2 3 17 217 218 1308 1301
1192 3 2 3 17 1301 1308 1309 1302
1193 3 2 3 17 1302 1309 1310 1303
1194 3 2 3 17 1303 1310 1311 1304
1195 3 2 3 17 1304 1311 1312 1305
1196 3 2 3 17 1305 1312 1313 1306
1197 3 2 3 17 1306 1313 1314 1307
1198 3 2 3 17 1307 1314 253 252
1199 3 2 3 17 218 219 1315 1308
1200 3 2 3 17 1308 1315 1316 1309
1201 3 2 3 17 1309 1316 1317 1310
1202 3 2 3 17 1310 1317 1318 1311
1203 3 2 3 17 1311 1318 1319 1312
1204 3 2 3 17 1312 1319 1320 1313
1205 3 2 3 17 1313 1320 1321 1314
1206 3 2 3 17 1314 1321 254 253
1207 3 2 3 17 219 220 1322 1315
1208 3 2 3 17 1315 1322 1323 1316
1209 3 2 3 17 1316 1323 1324 1317
1210 3 2 3 17 1317 1324 1325 1318
1211 3 2 3 17 1318 1325 1326 1319
1212 3 2 3 17 1319 1326 1327 1320
1213 3 2 3 17 1320 1327 1328 1321
1214 3 2 3 17 1321 1328 255 254
1215 3 2 3 17 220 221 1329 1322
1216 3 2 3 17 1322 1329 1330 1323
1217 3 2 3 17 1323 1330 1331 1324
1218 3 2 3 17 1324 1331 1332 1325
1219 3 2 3 17 1325 1332 1333 1326
1220 3 2 3 17 1326 1333 1334 1327
1221 3 2 3 17 1327 1334 1335 1328
1222 3 2 3 17 1328 1335 256 255
1223 3 2 3 17 221 222 1336 1329
1224 3 2 3 17 1329 1336 1337 1330
1225 3 2 3 17 1330 1337 1338 1331
1226 3 2 3 17 1331 1338 1339 1332
1227 3 2 3 17 1332 1339 1340 1333
1228 3 2 3 17 1333 1340 1341 1334
1229 3 2 3 17 1334 1341 1342 1335
1230 3 2 3 17 1335 1342 257 256
1231 3 2 3 17 222 223 1343 1336
1232 3 2 3 17 1336 1343 1344 1337
1233 3 2 3 17 1337 1344 1345 1338
1234 3 2 3 17 1338 1345 1346 1339
1235 3 2 3 17 1339 1346 1347 1340
1236 3 2 3 17 1340 1347 1348 1341
1237 3 2 3 17 1341 1348 1349 1342
1238 3 2 3 17 1342 1349 258 257
1239 3 2 3 17 223 224 1350 1343
1240 3 2 3 17 1343 1350 1351 1344
1241 3 2 3 17 1344 1351 1352 1345
1242 3 2 3 17 1345 1352 1353 1346
1243 3 2 3 17 1346 1353 1354 1347
1244 3 2 3 17 1347 1354 1355 1348
1245 3 2 3 17 1348 1355 1356 1349
1246 3 2 3 17 1349 1356 259 258
1247 3 2 3 17 224 225 1357 1350
1248 3 2 3 17 1350 1357 1358 1351
1249 3 2 3 17 1351 1358 1359 1352
1250 3 2 3 17 1352 1359 1360 1353
1251 3 2 3 17 1353 1360 1361 1354
1252 3 2 3 17 1354 1361 1362 1355
1253 3 2 3 17 1355 1362 1363 1356
1254 3 2 3 17 1356 1363 260 259
1255 3 2 3 17 225 226 1364 1357
1256 3 2 3 17 1357 1364 1365 1358
1257 3 2 3 17 1358 1365 1366 1359
1258 3 2 3 17 1359 1366 1367 1360
1259 3 2 3 17 1360 1367 1368 1361
1260 3 2 3 17 1361 1368 1369 1362
1261 3 2 3 17 1362 1369 1370 1363
1262 3 2 3 17 1363 1370 261 260
1263 3 2 3 17 226 227 1371 1364
1264 3 2 3 17 1364 1371 1372 1365
1265 3 2 3 17 1365 1372 1373 1366
1266 3 2 3 17 1366 1373 1374 1367
1267 3 2 3 17 1367 1374 1375 1368
1268 3 2 3 17 1368 1375 1376 1369
1269 3 2 3 17 1369 1376 1377 1370
1270 3 2 3 17 1370 1377 262 261
1271 3 2 3 17 227 228 1378 1371
1272 3 2 3 17 1371 1378 1379 1372
1273 3 2 3 17 1372 1379 1380 1373
1274 3 2 3 17 1373 1380 1381 1374
1275 3 2 3 17 1374 1381 1382 1375
1276 3 2 3 17 1375 1382 1383 1376
1277 3 2 3 17 1376 1383 1384 1377
1278 3 2 3 17 1377 1384 263 262
1279 3 2 3 17 228 229 1385 1378
1280 3 2 3 17 1378 1385 1386 1379
1281 3 2 3 17 1379 1386 1387 1380
1282 3 2 3 17 1380 1387 1388 1381
1283 3 2 3 17 1381 1388 1389 1382
1284 3 2 3 17 1382 1389 1390 1383
1285 3 2 3 17 1383 1390 1391 1384
1286 3 2 3 17 1384 1391 264 263
1287 3 2 3 17 229 230 1392 1385
1288 3 2 3 17 1385 1392 1393 1386
1289 3 2 3 17 1386 1393 1394 1387
1290 3 2 3 17 1387 1394 1395 1388
1291 3 2 3 17 1388 1395 1396 1389
1292 3 2 3 17 1389 1396 1397 1390
1293 3 2 3 17 1390 1397 1398 1391
1294 3 2 3 17 1391 1398 265 264
1295 3 2 3 17 230 231 1399 1392
1296 3 2 3 17 1392 1399 1400 1393
1297 3 2 3 17 1393 1400 1401 1394
1298 3 2 3 17 1394 1401 1402 1395
1299 3 2 3 17 1395 1402 1403 1396
1300 3 2 3 17 1396 1403 1404 1397
1301 3 2 3 17 1397 1404 1405 1398
1302 3 2 3 17 1398 1405 266 265
1303 3 2 3 17 231 232 1406 1399
1304 3 2 3 17 1399 1406 1407 1400
1305 3 2 3 17 1400 1407 1408 1401
1306 3 2 3 17 1401 1408 1409 1402
1307 3 2 3 17 1402 1409 1410 1403
1308 3 2 3 17 1403 1410 1411 1404
1309 3 2 3 17 1404 1411 1412 1405
1310 3 2 3 17 1405 1412 267 266
1311 3 2 3 17 232 233 1413 1406
1312 3 2 3 17 1406 1413 1414 1407
1313 3 2 3 17 1407 1414 1415 1408
1314 3 2 3 17 1408 1415 1416 1409
1315 3 2 3 17 1409 1416 1417 1410
1316 3 2 3 17 1410 1417 1418 1411
1317 3 2 3 17 1411 1418 1419 1412
1318 3 2 3 17 1412 1419 268 267
1319 3 2 3 17 233 234 1420 1413
1320 3 2 3 17 1413 1420 1421 1414
1321 3 2 3 17 1414 1421 1422 1415
1322 3 2 3 17 1415 1422 1423 1416
1323 3 2 3 17 1416 1423 1424 1417
1324 3 2 3 17 1417 1424 1425 1418
1325 3 2 3 17 1418 1425 1426 1419
1326 3 2 3 17 1419 1426 269 268
1327 3 2 3 17 234 235 1427 1420
1328 3 2 3 17 1420 1427 1428 1421
1329 3 2 3 17 1421 1428 1429 1422
1330 3 2 3 17 1422 1429 1430 1423
1331 3 2 3 17 1423 1430 1431 1424
1332 3 2 3 17 1424 1431 1432 1425
1333 3 2 3 17 1425 1432 1433 1426
1334 3 2 3 17 1426 1433 270 269
1335 3 2 3 17 235 236 1434 1427
1336 3 2 3 17 1427 1434 1435 1428
1337 3 2 3 17 1428 1435 1436 1429
1338 3 2 3 17 1429 1436 1437 1430
1339 3 2 3 17 1430 1437 1438 1431
1340 3 2 3 17 1431 1438 1439 1432
1341 3 2 3 17 1432 1439 1440 1433
1342 3 2 3 17 1433 1440 271 270
1343 3 2 3 17 236 237 1441 1434
1344 3 2 3 17 1434 1441 1442 1435
1345 3 2 3 17 1435 1442 1443 1436
1346 3 2 3 17 1436 1443 1444 1437
1347 3 2 3 17 1437 1444 1445 1438
1348 3 2 3 17 1438 1445 1446 1439
1349 3 2 3 17 1439 1446 1447 1440
1350 3 2 3 17 1440 1447 272 271
1351 3 2 3 17 237 238 1448 1441
1352 3 2 3 17 1441 1448 1449 1442
1353 3 2 3 17 1442 1449 1450 1443
1354 3 2 3 17 1443 1450 1451 1444
1355 3 2 3 17 1444 1451 1452 1445
1356 3 2 3 17 1445 1452 1453 1446
1357 3 2 3 17 1446 1453 1454 1447
1358 3 2 3 17 1447 1454 273 272
1359 3 2 3 17 238 239 1455 1448
1360 3 2 3 17 1448 1455 1456 1449
1361 3 2 3 17 1449 1456 1457 1450
1362 3 2 3 17 1450 1457 1458 1451
1363 3 2 3 17 1451 1458 1459 1452
1364 3 2 3 17 1452 1459 1460 1453
1365 3 2 3 17 1453 1460 1461 1454
1366 3 2 3 17 1454 1461 274 273
1367 3 2 3 17 239 240 1462 1455
1368 3 2 3 17 1455 1462 1463 1456
1369 3 2 3 17 1456 1463 1464 1457
1370 3 2 3 17 1457 1464 1465 1458
1371 3 2 3 17 1458 1465 1466 1459
1372 3 2 3 17 1459 1466 1467 1460
1373 3 2 3 17 1460 1467 1468 1461
1374 3 2 3 17 1461 1468 275 274
1375 3 2 3 17 240 241 1469 1462
1376 3 2 3 17 1462 1469 1470 1463
1377 3 2 3 17 1463 1470 1471 1464
1378 3 2 3 17 1464 1471 1472 1465
1379 3 2 3 17 1465 1472 1473 1466
1380 3 2 3 17 1466 1473 1474 1467
1381 3 2 3 17 1467 1474 1475 1468
1382 3 2 3 17 1468 1475 276 275
1383 3 2 3 17 241 242 1476 1469
1384 3 2 3 17 1469 1476 1477 1470
1385 3 2 3 17 1470 1477 1478 1471
1386 3 2 3 17 1471 1478 1479 1472
1387 3 2 3 17 1472 1479 1480 1473
1388 3 2 3 17 1473 1480 1481 1474
1389 3 2 3 17 1474 1481 1482 1475
1390 3 2 3 17 1475 1482 277 276
1391 3 2 3 17 242 243 1483 1476
1392 3 2 3 17 1476 1483 1484 1477
1393 3 2 3 17 1477 1484 1485 1478
1394 3 2 3 17 1478 1485 1486 1479
1395 3 2 3 17 1479 1486 1487 1480
1396 3 2 3 17 1480 1487 1488 1481
1397 3 2 3 17 1481 1488 1489 1482
1398 3 2 3 17 1482 1489 278 277
1399 3 2 3 17 243 244 1490 1483
1400 3 2 3 17 1483 1490 1491 1484
1401 3 2 3 17 1484 1491 1492 1485
1402 3 2 3 17 1485 1492 1493 1486
1403 3 2 3 17 1486 1493 1494 1487
1404 3 2 3 17 1487 1494 1495 1488
1405 3 2 3 17 1488 1495 1496 1489
1406 3 2 3 17 1489 1496 279 278
1407 3 2 3 17 244 245 1497 1490
1408 3 2 3 17 1490 1497 1498 1491
1409 3 2 3 17 1491 1498 1499 1492
1410 3 2 3 17 1492 1499 1500 1493
1411 3 2 3 17 1493 1500 1501 1494
1412 3 2 3 17 1494 1501 1502 1495
1413 3 2 3 17 1495 1502 1503 1496
1414 3 2 3 17 1496 1503 280 279
1415 3 2 3 17 245 246 1504 1497
1416 3 2 3 17 1497 1504 1505 1498
1417 3 2 3 17 1498 1505 1506 1499
1418 3 2 3 17 1499 1506 1507 1500
1419 3 2 3 17 1500 1507 1508 1501
1420 3 2 3 17 1501 1508 1509 1502
1421 3 2 3 17 1502 1509 1510 1503
1422 3 2 3 17 1503 1510 281 280
1423 3 2 3 17 246 247 1511 1504
1424 3 2 3 17 1504 1511 1512 1505
1425 3 2 3 17 1505 1512 1513 1506
1426 3 2 3 17 1506 1513 1514 1507
1427 3 2 3 17 1507 1514 1515 1508
1428 3 2 3 17 1508 1515 1516 1509
1429 3 2 3 17 1509 1516 1517 1510
1430 3 2 3 17 1510 1517 282 281
1431 3 2 3 17 247 248 1518 1511
1432 3 2 3 17 1511 1518 1519 1512
1433 3 2 3 17 1512 1519 1520 1513
1434 3 2 3 17 1513 1520 1521 1514
1435 3 2 3 17 1514 1521 1522 1515
1436 3 2 3 17 1515 1522 1523 1516
1437 3 2 3 17 1516 1523 1524 1517
1438 3 2 3 17 1517 1524 283 282
1439 3 2 3 17 248 249 1525 1518
1440 3 2 3 17 1518 1525 1526 1519
1441 3 2 3 17 1519 1526 1527 1520
1442 3 2 3 17 1520 1527 1528 1521
1443 3 2 3 17 1521 1528 1529 1522
1444 3 2 3 17 1522 1529 1530 1523
1445 3 2 3 17 1523 1530 1531 1524
1446 3 2 3 17 1524 1531 284 283
1447 3 2 3 17 249 250 1532 1525
1448 3 2 3 17 1525 1532 1533 1526
1449 3 2 3 17 1526 1533 1534 1527
1450 3 2 3 17 1527 1534 1535 1528
1451 3 2 3 17 1528 1535 1536 1529
1452 3 2 3 17 1529 1536 1537 1530
1453 3 2 3 17 1530 1537 1538 1531
1454 3 2 3 17 1531 1538 285 284
1455 3 2 3 17 250 23 496 1532
1456 3 2 3 17 1532 496 497 1533
1457 3 2 3 17 1533 497 498 1534
1458 3 2 3 17 1534 498 499 1535
1459 3 2 3 17 1535 499 500 1536
1460 3 2 3 17 1536 500 501 1537
1461 3 2 3 17 1537 501 502 1538
1462 3 2 3 17 1538 502 27 285
1463 3 2 1 18 23 24 538 496
1464 3 2 1 18 496 538 539 497
1465 3 2 1 18 497 539 540 498
1466 3 2 1 18 498 540 541 499
1467 3 2 1 18 499 541 542 500
1468 3 2 1 18 500 542 543 501
1469 3 2 1 18 501 543 544 502
1470 3 2 1 18 502 544 28 27
1471 3 2 3 19 25 26 461 419
1472 3 2 3 19 419 461 462 420
1473 3 2 3 19 420 462 463 421
1474 3 2 3 19 421 463 464 422
1475 3 2 3 19 422 464 465 423
1476 3 2 3 19 423 465 466 424
1477 3 2 3 19 424 466 467 425
1478 3 2 3 19 425 467 30 29
1479 3 2 3 20 26 251 1539 461
1480 3 2 3 20 461 1539 1540 462
1481 3 2 3 20 462 1540 1541 463
1482 3 2 3 20 463 1541 1542 464
1483 3 2 3 20 464 1542 1543 465
1484 3 2 3 20 465 1543 1544 466
1485 3 2 3 20 466 1544 1545 467
1486 3 2 3 20 467 1545 286 30
1487 3 2 3 20 251 252 1546 1539
1488 3 2 3 20 1539 1546 1547 1540
1489 3 2 3 20 1540 1547 1548 1541
1490 3 2 3 20 1541 1548 1549 1542
1491 3 2 3 20 1542 1549 1550 1543
1492 3 2 3 20 1543 1550 1551 1544
1493 3 2 3 20 1544 1551 1552 1545
1494 3 2 3 20 1545 1552 287 286
1495 3 2 3 20 252 253 1553 1546
1496 3 2 3 20 1546 1553 1554 1547
1497 3 2 3 20 1547 1554 1555 1548
1498 3 2 3 20 1548 1555 1556 1549
1499 3 2 3 20 1549 1556 1557 1550
1500 3 2 3 20 1550 1557 1558 1551
1501 3 2 3 20 1551 1558 1559 1552
1502 3 2 3 20 1552 1559 288 287
1503 3 2 3 20 253 254 1560 1553
1504 3 2 3 20 1553 1560 1561 1554
1505 3 2 3 20 1554 1561 1562 1555
1506 3 2 3 20 1555 1562 1563 1556
1507 3 2 3 20 1556 1563 1564 1557
1508 3 2 3 20 1557 1564 1565 1558
1509 3 2 3 20 1558 1565 1566 1559
1510 3 2 3 20 1559 1566 289 288
1511 3 2 3 20 254 255 1567 1560
1512 3 2 3 20 1560 1567 1568 1561
1513 3 2 3 20 1561 1568 1569 1562
1514 3 2 3 20 1562 1569 1570 1563
1515 3 2 3 20 1563 1570 1571 1564
1516 3 2 3 20 1564 1571 1572 1565
1517 3 2 3 20 1565 1572 1573 1566
1518 3 2 3 20 1566 1573 290 289
1519 3 2 3 20 255 256 1574 1567
1520 3 2 3 20 1567 1574 1575 1568
1521 3 2 3 20 1568 1575 1576 1569
1522 3 2 3 20 1569 1576 1577 1570
1523 3 2 3 20 1570 1577 1578 1571
1524 3 2 3 20 1571 1578 1579 1572
1525 3 2 3 20 1572 1579 1580 1573
1526 3 2 3 20 1573 1580 291 290
1527 3 2 3 20 256 257 1581 1574
1528 3 2 3 20 1574 1581 1582 1575
1529 3 2 3 20 1575 1582 1583 1576
1530 3 2 3 20 1576 1583 1584 1577
1531 3 2 3 20 1577 1584 1585 1578
1532 3 2 3 20 1578 1585 1586 1579
1533 3 2 3 20 1579 1586 1587 1580
1534 3 2 3 20 1580 1587 292 291
1535 3 2 3 20 257 258 1588 1581
1536 3 2 3 20 1581 1588 1589 1582
1537 3 2 3 20 1582 1589 1590 1583
1538 3 2 3 20 1583 1590 1591 1584
1539 3 2 3 20 1584 1591 1592 1585
1540 3 2 3 20 1585 1592 1593 1586
1541 3 2 3 20 1586 1593 1594 1587
1542 3 2 3 20 1587 1594 293 292
1543 3 2 3 20 258 259 1595 1588
1544 3 2 3 20 1588 1595 1596 1589
1545 3 2 3 20 1589 1596 1597 1590
1546 3 2 3 20 1590 1597 1598 1591
1547 3 2 3 20 1591 1598 1599 1592
1548 3 2 3 20 1592 1599 1600 1593
1549 3 2 3 20 1593 1600 1601 1594
1550 3 2 3 20 1594 1601 294 293
1551 3 2 3 20 259 260 1602 1595
1552 3 2 3 20 1595 1602 1603 1596
1553 3 2 3 20 1596 1603 1604 1597
1554 3 2 3 20 1597 1604 1605 1598
1555 3 2 3 20 1598 1605 1606 1599
1556 3 2 3 20 1599 1606 1607 1600
1557 3 2 3 20 1600 1607 1608 1601
1558 3 2 3 20 1601 1608 295 294
1559 3 2 3 20 260 261 1609 1602
1560 3 2 3 20 1602 1609 1610 1603
1561 3 2 3 20 1603 1610 1611 1604
1562 3 2 3 20 1604 1611 1612 1605
1563 3 2 3 20 1605 1612 1613 1606
1564 3 2 3 20 1606 1613 1614 1607
1565 3 2 3 20 1607 1614 1615 1608
1566 3 2 3 20 1608 1615 296 295
1567 3 2 3 20 261 262 1616 1609
1568 3 2 3 20 1609 1616 1617 1610
1569 3 2 3 20 1610 1617 1618 1611
1570 3 2 3 20 1611 1618 1619 1612
1571 3 2 3 20 1612 1619 1620 1613
1572 3 2 3 20 1613 1620 1621 1614
1573 3 2 3 20 1614 1621 1622 1615
1574 3 2 3 20 1615 1622 297 296
1575 3 2 3 20 262 263 1623 1616
1576 3 2 3 20 1616 1623 1624 1617
1577 3 2 3 20 1617 1624 1625 1618
1578 3 2 3 20 1618 1625 1626 1619
1579 3 2 3 20 1619 1626 1627 1620
1580 3 2 3 20 1620 1627 1628 1621
1581 3 2 3 20 1621 1628 1629 1622
1582 3 2 3 20 1622 1629 298 297
1583 3 2 3 20 263 264 1630 1623
1584 3 2 3 20 1623 1630 1631 1624
1585 3 2 3 20 1624 1631 1632 1625
1586 3 2 3 20 1625 1632 1633 1626
1587 3 2 3 20 1626 1633 1634 1627
1588 3 2 3 20 1627 1634 1635 1628
1589 3 2 3 20 1628 1635 1636 1629
1590 3 2 3 20 1629 1636 299 298
1591 3 2 3 20 264 265 1637 1630
1592 3 2 3 20 1630 1637 1638 1631
1593 3 2 3 20 1631 1638 1639 1632
1594 3 2 3 20 1632 1639 1640 1633
1595 3 2 3 20 1633 1640 1641 1634
1596 3 2 3 20 1634 1641 1642 1635
1597 3 2 3 20 1635 1642 1643 1636
1598 3 2 3 20 1636 1643 300 299
1599 3 2 3 20 265 266 1644 1637
1600 3 2 3 20 1637 1644 1645 1638
1601 3 2 3 20 1638 1645 1646 1639
1602 3 2 3 20 1639 1646 1647 1640
1603 3 2 3 20 1640 1647 1648 1641
1604 3 2 3 20 1641 1648 1649 1642
1605 3 2 3 20 1642 1649 1650 1643
1606 3 2 3 20 1643 1650 301 300
1607 3 2 3 20 266 267 1651 1644
1608 3 2 3 20 1644 1651 1652 1645
1609 3 2 3 20 1645 1652 1653 1646
1610 3 2 3 20 1646 1653 1654 1647
1611 3 2 3 20 1647 1654 1655 1648
1612 3 2 3 20 1648 1655 1656 1649
1613 3 2 3 20 1649 1656 1657 1650
1614 3 2 3 20 1650 1657 302 301
1615 3 2 3 20 267 268 1658 1651
1616 3 2 3 20 1651 1658 1659 1652
1617 3 2 3 20 1652 1659 1660 1653
1618 3 2 3 20 1653 1660 1661 1654
1619 3 2 3 20 1654 1661 1662 1655
1620 3 2 3 20 1655 1662 1663 1656
1621 3 2 3 20 1656 1663 1664 1657
1622 3 2 3 20 1657 1664 303 302
1623 3 2 3 20 268 269 1665 1658
1624 3 2 3 20 1658 1665 1666 1659
1625 3 2 3 20 1659 1666 1667 1660
1626 3 2 3 20 1660 1667 1668 1661
1627 3 2 3 20 1661 1668 1669 1662
1628 3 2 3 20 1662 1669 1670 1663
1629 3 2 3 20 1663 1670 1671 1664
1630 3 2 3 20 1664 1671 304 303
1631 3 2 3 20 269 270 1672 1665
1632 3 2 3 20 1665 1672 1673 1666
1633 3 2 3 20 1666 1673 1674 1667
1634 3 2 3 20 1667 1674 1675 1668
1635 3 2 3 20 1668 1675 1676 1669
1636 3 2 3 20 1669 1676 1677 1670
1637 3 2 3 20 1670 1677 1678 1671
1638 3 2 3 20 1671 1678 305 304
1639 3 2 3 20 270 271 1679 1672
1640 3 2 3 20 1672 1679 1680 1673
1641 3 2 3 20 1673 1680 1681 1674
1642 3 2 3 20 1674 1681 1682 1675
1643 3 2 3 20 1675 1682 1683 1676
1644 3 2 3 20 1676 1683 1684 1677
1645 3 2 3 20 1677 1684 1685 1678
1646 3 2 3 20 1678 1685 306 305
1647 3 2 3 20 271 272 1686 1679
1648 3 2 3 20 1679 1686 1687 1680
1649 3 2 3 20 1680 1687 1688 1681
1650 3 2 3 20 1681 1688 1689 1682
1651 3 2 3 20 1682 1689 1690 1683
1652 3 2 3 20 1683 1690 1691 1684
1653 3 2 3 20 1684 1691 1692 1685
1654 3 2 3 20 1685 1692 307 306
1655 3 2 3 20 272 273 1693 1686
1656 3 2 3 20 1686 1693 1694 1687
1657 3 2 3 20 1687 1694 1695 1688
1658 3 2 3 20 1688 1695 1696 1689
1659 3 2 3 20 1689 1696 1697 1690
1660 3 2 3 20 1690 1697 1698 1691
1661 3 2 3 20 1691 1698 1699 1692
1662 3 2 3 20 1692 1699 308 307
1663 3 2 3 20 273 274 1700 1693
1664 3 2 3 20 1693 1700 1701 1694
1665 3 2 3 20 1694 1701 1702 1695
1666 3 2 3 20 1695 1702 1703 1696
1667 3 2 3 20 1696 1703 1704 1697
1668 3 2 3 20 1697 1704 1705 1698
1669 3 2 3 20 1698 1705 1706 1699
1670 3 2 3 20 1699 1706 309 308
1671 3 2 3 20 274 275 1707 1700
1672 3 2 3 20 1700 1707 1708 1701
1673 3 2 3 20 1701 1708 1709 1702
1674 3 2 3 20 1702 1709 1710 1703
1675 3 2 3 20 1703 1710 1711 1704
1676 3 2 3 20 1704 1711 1712 1705
1677 3 2 3 20 1705 1712 1713 1706
1678 3 2 3 20 1706 1713 310 309
1679 3 2 3 20 275 276 1714 1707
1680 3 2 3 20 1707 1714 1715 1708
1681 3 2 3 20 1708 1715 1716 1709
1682 3 2 3 20 1709 1716 1717 1710
1683 3 2 3 20 1710 1717 1718 1711
1684 3 2 3 20 1711 1718 1719 1712
1685 3 2 3 20 1712 1719 1720 1713
1686 3 2 3 20 1713 1720 311 310
1687 3 2 3 20 276 277 1721 1714
1688 3 2 3 20 1714 1721 1722 1715
1689 3 2 3 20 1715 1722 1723 1716
1690 3 2 3 20 1716 1723 1724 1717
1691 3 2 3 20 1717 1724 1725 1718
1692 3 2 3 20 1718 1725 1726 1719
1693 3 2 3 20 1719 1726 1727 1720
1694 3 2 3 20 1720 1727 312 311
1695 3 2 3 20 277 278 1728 1721
1696 3 2 3 20 1721 1728 1729 1722
1697 3 2 3 20 1722 1729 1730 1723
1698 3 2 3 20 1723 1730 1731 1724
1699 3 2 3 20 1724 1731 1732 1725
1700 3 2 3 20 1725 1732 1733 1726
1701 3 2 3 20 1726 1733 1734 1727
1702 3 2 3 20 1727 1734 313 312
1703 3 2 3 20 278 279 1735 1728
1704 3 2 3 20 1728 1735 1736 1729
1705 3 2 3 20 1729 1736 1737 1730
1706 3 2 3 20 1730 1737 1738 1731
1707 3 2 3 20 1731 1738 1739 1732
1708 3 2 3 20 1732 1739 1740 1733
1709 3 2 3 20 1733 1740 1741 1734
1710 3 2 3 20 1734 1741 314 313
1711 3 2 3 20 279 280 1742 1735
1712 3 2 3 20 1735 1742 1743 1736
1713 3 2 3 20 1736 1743 1744 1737
1714 3 2 3 20 1737 1744 1745 1738
1715 3 2 3 20 1738 1745 1746 1739
1716 3 2 3 20 1739 1746 1747 1740
1717 3 2 3 20 1740 1747 1748 1741
1718 3 2 3 20 1741 1748 315 314
1719 3 2 3 20 280 281 1749 1742
1720 3 2 3 20 1742 1749 1750 1743
1721 3 2 3 20 1743 1750 1751 1744
1722 3 2 3 20 1744 1751 1752 1745
1723 3 2 3 20 1745 1752 1753 1746
1724 3 2 3 20 1746 1753 1754 1747
1725 3 2 3 20 1747 1754 1755 1748
1726 3 2 3 20 1748 1755 316 315
1727 3 2 3 20 281 282 1756 1749
1728 3 2 3 20 1749 1756 1757 1750
1729 3 2 3 20 1750 1757 1758 1751
1730 3 2 3 20 1751 1758 1759 1752
1731 3 2 3 20 1752 1759 1760 1753
1732 3 2 3 20 1753 1760 1761 1754
1733 3 2 3 20 1754 1761 1762 1755
1734 3 2 3 20 1755 1762 317 316
1735 3 2 3 20 282 283 1763 1756
1736 3 2 3 20 1756 1763 1764 1757
1737 3 2 3 20 1757 1764 1765 1758
1738 3 2 3 20 1758 1765 1766 1759
1739 3 2 3 20 1759 1766 1767 1760
1740 3 2 3 20 1760 1767 1768 1761
1741 3 2 3 20 1761 1768 1769 1762
1742 3 2 3 20 1762 1769 318 317
1743 3 2 3 20 283 284 1770 1763
1744 3 2 3 20 1763 1770 1771 1764
1745 3 2 3 20 1764 1771 1772 1765
1746 3 2 3 20 1765 1772 1773 1766
1747 3 2 3 20 1766 1773 1774 1767
1748 3 2 3 20 1767 1774 1775 1768
1749 3 2 3 20 1768 1775 1776 1769
1750 3 2 3 20 1769 1776 319 318
1751 3 2 3 20 284 285 1777 1770
1752 3 2 3 20 1770 1777 1778 1771
1753 3 2 3 20 1771 1778 1779 1772
1754 3 2 3 20 1772 1779 1780 1773
1755 3 2 3 20 1773 1780 1781 1774
1756 3 2 3 20 1774 1781 1782 1775
1757 3 2 3 20 1775 1782 1783 1776
1758 3 2 3 20 1776 1783 320 319
1759 3 2 3 20 285 27 503 1777
1760 3 2 3 20 1777 503 504 1778
1761 3 2 3 20 1778 504 505 1779
1762 3 2 3 20 1779 505 506 1780
1763 3 2 3 20 1780 506 507 1781
1764 3 2 3 20 1781 507 508 1782
1765 3 2 3 20 1782 508 509 1783
1766 3 2 3 20 1783 509 31 320
1767 3 2 1 21 27 28 545 503
1768 3 2 1 21 503 545 546 504
1769 3 2 1 21 504 546 547 505
1770 3 2 1 21 505 547 548 506
1771 3 2 1 21 506 548 549 507
1772 3 2 1 21 507 549 550 508
1773 3 2 1 21 508 550 551 509
1774 3 2 1 21 509 551 32 31
1775 3 2 2 22 29 30 34 33
1776 3 2 2 23 30 286 321 34
1777 3 2 2 23 286 287 322 321
1778 3 2 2 23 287 288 323 322
1779 3 2 2 23 288 289 324 323
1780 3 2 2 23 289 290 325 324
1781 3 2 2 23 290 291 326 325
1782 3 2 2 23 291 292 327 326
1783 3 2 2 23 292 293 328 327
1784 3 2 2 23 293 294 329 328
1785 3 2 2 23 294 295 330 329
1786 3 2 2 23 295 296 331 330
1787 3 2 2 23 296 297 332 331
1788 3 2 2 23 297 298 333 332
1789 3 2 2 23 298 299 334 333
1790 3 2 2 23 299 300 335 334
1791 3 2 2 23 300 301 336 335
1792 3 2 2 23 301 302 337 336
1793 3 2 2 23 302 303 338 337
1794 3 2 2 23 303 304 339 338
1795 3 2 2 23 304 305 340 339
1796 3 2 2 23 305 306 341 340
1797 3 2 2 23 306 307 342 341
1798 3 2 2 23 307 308 343 342
1799 3 2 2 23 308 309 344 343
1800 3 2 2 23 309 310 345 344
1801 3 2 2 23 310 311 346 345
1802 3 2 2 23 311 312 347 346
1803 3 2 2 23 312 313 348 347
1804 3 2 2 23 313 314 349 348
1805 3 2 2 23 314 315 350 349
1806 3 2 2 23 315 316 351 350
1807 3 2 2 23 316 317 352 351
1808 3 2 2 23 317 318 353 352
1809 3 2 2 23 318 319 354 353
1810 3 2 2 23 319 320 355 354
1811 3 2 2 23 320 31 35 355
1812 3 2 1 24 31 32 36 35
1813 3 2 3 25 33 34 468 426
1814 3 2 3 25 426 468 469 427
1815 3 2 3 25 427 469 470 428
1816 3 2 3 25 428 470 471 429
1817 3 2 3 25 429 471 472 430
1818 3 2 3 25 430 472 473 431
1819 3 2 3 25 431 473 474 432
1820 3 2 3 25 432 474 38 37
1821 3 2 3 26 34 321 1784 468
1822 3 2 3 26 468 1784 1785 469
1823 3 2 3 26 469 1785 1786 470
1824 3 2 3 26 470 1786 1787 471
1825 3 2 3 26 471 1787 1788 472
1826 3 2 3 26 472 1788 1789 473
1827 3 2 3 26 473 1789 1790 474
1828 3 2 3 26 474 1790 356 38
1829 3 2 3 26 321 322 1791 1784
1830 3 2 3 26 1784 1791 1792 1785
1831 3 2 3 26 1785 1792 1793 1786
1832 3 2 3 26 1786 1793 1794 1787
1833 3 2 3 26 1787 1794 1795 1788
1834 3 2 3 26 1788 1795 1796 1789
1835 3 2 3 26 1789 1796 1797 1790
1836 3 2 3 26 1790 1797 357 356
1837 3 2 3 26 322 323 1798 1791
1838 3 2 3 26 1791 1798 1799 1792
1839 3 2 3 26 1792 1799 1800 1793
1840 3 2 3 26 1793 1800 1801 1794
1841 3 2 3 26 1794 1801 1802 1795
1842 3 2 3 26 1795 1802 1803 1796
1843 3 2 3 26 1796 1803 1804 1797
1844 3 2 3 26 1797 1804 358 357
1845 3 2 3 26 323 324 1805 1798
1846 3 2 3 26 1798 1805 1806 1799
1847 3 2 3 26 1799 1806 1807 1800
1848 3 2 3 26 1800 1807 1808 1801
1849 3 2 3 26 1801 1808 1809 1802
1850 3 2 3 26 1802 1809 1810 1803
1851 3 2 3 26 1803 1810 1811 1804
1852 3 2 3 26 1804 1811 359 358
1853 3 2 3 26 324 325 1812 1805
1854 3 2 3 26 1805 1812 1813 1806
1855 3 2 3 26 1806 1813 1814 1807
1856 3 2 3 26 1807 1814 1815 1808
1857 3 2 3 26 1808 1815 1816 1809
1858 3 2 3 26 1809 1816 1817 1810
1859 3 2 3 26 1810 1817 1818 1811
1860 3 2 3 26 1811 1818 360 359
1861 3 2 3 26 325 326 1819 1812
1862 3 2 3 26 1812 1819 1820 1813
1863 3 2 3 26 1813 1820 1821 1814
1864 3 2 3 26 1814 1821 1822 1815
1865 3 2 3 26 1815 1822 1823 1816
1866 3 2 3 26 1816 1823 1824 1817
1867 3 2 3 26 1817 1824 1825 1818
1868 3 2 3 26 1818 1825 361 360
1869 3 2 3 26 326 327 1826 1819
1870 3 2 3 26 1819 1826 1827 1820
1871 3 2 3 26 1820 1827 1828 1821
1872 3 2 3 26 1821 1828 1829 1822
1873 3 2 3 26 1822 1829 1830 1823
1874 3 2 3 26 1823 1830 1831 1824
1875 3 2 3 26 1824 1831 1832 1825
1876 3 2 3 26 1825 1832 362 361
1877 3 2 3 26 327 328 1833 1826
1878 3 2 3 26 1826 1833 1834 1827
1879 3 2 3 26 1827 1834 1835 1828
1880 3 2 3 26 1828 1835 1836 1829
1881 3 2 3 26 1829 1836 1837 1830
1882 3 2 3 26 1830 1837 1838 1831
1883 3 2 3 26 1831 1838 1839 1832
1884 3 2 3 26 1832 1839 363 362
1885 3 2 3 26 328 329 1840 1833
1886 3 2 3 26 1833 1840 1841 1834
1887 3 2 3 26 1834 1841 1842 1835
1888 3 2 3 26 1835 1842 1843 1836
1889 3 2 3 26 1836 1843 1844 1837
1890 3 2 3 26 1837 1844 1845 1838
1891 3 2 3 26 1838 1845 1846 1839
1892 3 2 3 26 1839 1846 364 363
1893 3 2 3 26 329 330 1847 1840
1894 3 2 3 26 1840 1847 1848 1841
1895 3 2 3 26 1841 1848 1849 1842
1896 3 2 3 26 1842 1849 1850 1843
1897 3 2 3 26 1843 1850 1851 1844
1898 3 2 3 26 1844 1851 1852 1845
1899 3 2 3 26 1845 1852 1853 1846
1900 3 2 3 26 1846 1853 365 364
1901 3 2 3 26 330 331 1854 1847
1902 3 2 3 26 1847 1854 1855 1848
1903 3 2 3 26 1848 1855 1856 1849
1904 3 2 3 26 1849 1856 1857 1850
1905 3 2 3 26 1850 1857 1858 1851
1906 3 2 3 26 1851 1858 1859 1852
1907 3 2 3 26 1852 1859 1860 1853
1908 3 2 3 26 1853 1860 366 365
1909 3 2 3 26 331 332 1861 1854
1910 3 2 3 26 1854 1861 1862 1855
1911 3 2 3 26 1855 1862 1863 1856
1912 3 2 3 26 1856 1863 1864 1857
1913 3 2 3 26 1857 1864 1865 1858
1914 3 2 3 26 1858 1865 1866 1859
1915 3 2 3 26 1859 1866 1867 1860
1916 3 2 3 26 1860 1867 367 366
1917 3 2 3 26 332 333 1868 1861
1918 3 2 3 26 1861 1868 1869 1862
1919 3 2 3 26 1862 1869 1870 1863
1920 3 2 3 26 1863 1870 1871 1864
1921 3 2 3 26 1864 1871 1872 1865
1922 3 2 3 26 1865 1872 1873 1866
1923 3 2 3 26 1866 1873 1874 1867
1924 3 2 3 26 1867 1874 368 367
1925 3 2 3 26 333 334 1875 1868
1926 3 2 3 26 1868 1875 1876 1869
1927 3 2 3 26 1869 1876 1877 1870
1928 3 2 3 26 1870 1877 1878 1871
1929 3 2 3 26 1871 1878 1879 1872
1930 3 2 3 26 1872 1879 1880 1873
1931 3 2 3 26 1873 1880 1881 1874
1932 3 2 3 26 1874 1881 369 368
1933 3 2 3 26 334 335 1882 1875
1934 3 2 3 26 1875 1882 1883 1876
1935 3 2 3 26 1876 1883 1884 1877
1936 3 2 3 26 1877 1884 1885 1878
1937 3 2 3 26 1878 1885 1886 1879
1938 3 2 3 26 1879 1886 1887 1880
1939 3 2 3 26 1880 1887 1888 1881
1940 3 2 3 26 1881 1888 370 369
1941 3 2 3 26 335 336 1889 1882
1942 3 2 3 26 1882 1889 1890 1883
1943 3 2 3 26 1883 1890 1891 1884
1944 3 2 3 26 1884 1891 1892 1885
1945 3 2 3 26 1885 1892 1893 1886
1946 3 2 3 26 1886 1893 1894 1887
1947 3 2 3 26 1887 1894 1895 1888
1948 3 2 3 26 1888 1895 371 370
1949 3 2 3 26 336 337 1896 1889
1950 3 2 3 26 1889 1896 1897 1890
1951 3 2 3 26 1890 1897 1898 1891
1952 3 2 3 26 1891 1898 1899 1892
1953 3 2 3 26 1892 1899 1900 1893
1954 3 2 3 26 1893 1900 1901 1894
1955 3 2 3 26 1894 1901 1902 1895
1956 3 2 3 26 1895 1902 372 371
1957 3 2 3 26 337 338 1903 1896
1958 3 2 3 26 1896 1903 1904 1897
1959 3 2 3 26 1897 1904 1905 1898
1960 3 2 3 26 1898 1905 1906 1899
1961 3 2 3 26 1899 1906 1907 1900
1962 3 2 3 26 1900 1907 1908 1901
1963 3 2 3 26 1901 1908 1909 1902
1964 3 2 3 26 1902 1909 373 372
1965 3 2 3 26 338 339 1910 1903
1966 3 2 3 26 1903 1910 1911 1904
1967 3 2 3 26 1904 1911 1912 1905
1968 3 2 3 26 1905 1912 1913 1906
1969 3 2 3 26 1906 1913 1914 1907
1970 3 2 3 26 1907 1914 1915 1908
1971 3 2 3 26 1908 1915 1916 1909
1972 3 2 3 26 1909 1916 374 373
1973 3 2 3 26 339 340 1917 1910
1974 3 2 3 26 1910 1917 1918 1911
1975 3 2 3 26 1911 1918 1919 1912
1976 3 2 3 26 1912 1919 1920 1913
1977 3 2 3 26 1913 1920 1921 1914
1978 3 2 3 26 1914 1921 1922 1915
1979 3 2 3 26 1915 1922 1923 1916
1980 3 2 3 26 1916 1923 375 374
1981 3 2 3 26 340 341 1924 1917
1982 3 2 3 26 1917 1924 1925 1918
1983 3 2 3 26 1918 1925 1926 1919
1984 3 2 3 26 1919 1926 1927 1920
1985 3 2 3 26 1920 1927 1928 1921
1986 3 2 3 26 1921 1928 1929 1922
1987 3 2 3 26 1922 1929 1930 1923
1988 3 2 3 26 1923 1930 376 375
1989 3 2 3 26 341 342 1931 1924
1990 3 2 3 26 1924 1931 1932 1925
1991 3 2 3 26 1925 1932 1933 1926
1992 3 2 3 26 1926 1933 1934 1927
1993 3 2 3 26 1927 1934 1935 1928
1994 3 2 3 26 1928 1935 1936 1929
1995 3 2 3 26 1929 1936 1937 1930
1996 3 2 3 26 1930 1937 377 376
1997 3 2 3 26 342 343 1938 1931
1998 3 2 3 26 1931 1938 1939 1932
1999 3 2 3 26 1932 1939 1940 1933
2000 3 2 3 26 1933 1940 1941 1934
2001 3 2 3 26 1934 1941 1942 1935
2002 3 2 3 26 1935 1942 1943 1936
2003 3 2 3 26 1936 1943 1944 1937
2004 3 2 3 26 1937 1944 378 377
2005 3 2 3 26 343 344 1945 1938
2006 3 2 3 26 1938 1945 1946 1939
2007 3 2 3 26 1939 1946 1947 1940
2008 3 2 3 26 1940 1947 1948 1941
2009 3 2 3 26 1941 1948 1949 1942
2010 3 2 3 26 1942 1949 1950 1943
2011 3 2 3 26 1943 1950 1951 1944
2012 3 2 3 26 1944 1951 379 378
2013 3 2 3 26 344 345 1952 1945
2014 3 2 3 26 1945 1952 1953 1946
2015 3 2 3 26 1946 1953 1954 1947
2016 3 2 3 26 1947 1954 1955 1948
2017 3 2 3 26 1948 1955 1956 1949
2018 3 2 3 26 1949 1956 1957 1950
2019 3 2 3 26 1950 1957 1958 1951
2020 3 2 3 26 1951 1958 380 379
2021 3 2 3 26 345 346 1959 1952
2022 3 2 3 26 1952 1959 1960 1953
2023 3 2 3 26 1953 1960 1961 1954
2024 3 2 3 26 1954 1961 1962 1955
2025 3 2 3 26 1955 1962 1963 1956
2026 3 2 3 26 1956 1963 1964 1957
2027 3 2 3 26 1957 1964 1965 1958
2028 3 2 3 26 1958 1965 381 380
2029 3 2 3 26 346 347 1966 1959
2030 3 2 3 26 1959 1966 1967 1960
2031 3 2 3 26 1960 1967 1968 1961
2032 3 2 3 26 1961 1968 1969 1962
2033 3 2 3 26 1962 1969 1970 1963
2034 3 2 3 26 1963 1970 1971 1964
2035 3 2 3 26 1964 1971 1972 1965
2036 3 2 3 26 1965 1972 382 381
2037 3 2 3 26 347 348 1973 1966
2038 3 2 3 26 1966 1973 1974 1967
2039 3 2 3 26 1967 1974 1975 1968
2040 3 2 3 26 1968 1975 1976 1969
2041 3 2 3 26 1969 1976 1977 1970
2042 3 2 3 26 1970 1977 1978 1971
2043 3 2 3 26 1971 1978 1979 1972
2044 3 2 3 26 1972 1979 383 382
2045 3 2 3 26 348 349 1980 1973
2046 3 2 3 26 1973 1980 1981 1974
2047 3 2 3 26 1974 1981 1982 1975
2048 3 2 3 26 1975 1982 1983 1976
2049 3 2 3 26 1976 1983 1984 1977
2050 3 2 3 26 1977 1984 1985 1978
2051 3 2 3 26 1978 1985 1986 1979
2052 3 2 3 26 1979 1986 384 383
2053 3 2 3 26 349 350 1987 1980
2054 3 2 3 26 1980 1987 1988 1981
2055 3 2 3 26 1981 1988 1989 1982
2056 3 2 3 26 1982 1989 1990 1983
2057 3 2 3 26 1983 1990 1991 1984
2058 3 2 3 26 1984 1991 1992 1985
2059 3 2 3 26 1985 1992 1993 1986
2060 3 2 3 26 1986 1993 385 384
2061 3 2 3 26 350 351 1994 1987
2062 3 2 3 26 1987 1994 1995 1988
2063 3 2 3 26 1988 1995 1996 1989
2064 3 2 3 26 1989 1996 1997 1990
2065 3 2 3 26 1990 1997 1998 1991
2066 3 2 3 26 1991 1998 1999 1992
2067 3 2 3 26 1992 1999 2000 1993
2068 3 2 3 26 1993 2000 386 385
2069 3 2 3 26 351 352 2001 1994
2070 3 2 3 26 1994 2001 2002 1995
2071 3 2 3 26 1995 2002 2003 1996
2072 3 2 3 26 1996 2003 2004 1997
2073 3 2 3 26 1997 2004 2005 1998
2074 3 2 3 26 1998 2005 2006 1999
2075 3 2 3 26 1999 2006 2007 2000
2076 3 2 3 26 2000 2007 387 386
2077 3 2 3 26 352 353 2008 2001
2078 3 2 3 26 2001 2008 2009 2002
2079 3 2 3 26 2002 2009 2010 2003
2080 3 2 3 26 2003 2010 2011 2004
2081 3 2 3 26 2004 2011 2012 2005
2082 3 2 3 26 2005 2012 2013 2006
2083 3 2 3 26 2006 2013 2014 2007
2084 3 2 3 26 2007 2014 388 387
2085 3 2 3 26 353 354 2015 2008
2086 3 2 3 26 2008 2015 2016 2009
2087 3 2 3 26 2009 2016 2017 2010
2088 3 2 3 26 2010 2017 2018 2011
2089 3 2 3 26 2011 2018 2019 2012
2090 3 2 3 26 2012 2019 2020 2013
2091 3 2 3 26 2013 2020 2021 2014
2092 3 2 3 26 2014 2021 389 388
2093 3 2 3 26 354 355 2022 2015
2094 3 2 3 26 2015 2022 2023 2016
2095 3 2 3 26 2016 2023 2024 2017
2096 3 2 3 26 2017 2024 2025 2018
2097 3 2 3 26 2018 2025 2026 2019
2098 3 2 3 26 2019 2026 2027 2020
2099 3 2 3 26 2020 2027 2028 2021
2100 3 2 3 26 2021 2028 390 389
2101 3 2 3 26 355 35 510 2022
2102 3 2 3 26 2022 510 511 2023
2103 3 2 3 26 2023 511 512 2024
2104 3 2 3 26 2024 512 513 2025
2105 3 2 3 26 2025 513 514 2026
2106 3 2 3 26 2026 514 515 2027
2107 3 2 3 26 2027 515 516 2028
2108 3 2 3 26 2028 516 39 390
2109 3 2 1 27 35 36 552 510
2110 3 2 1 27 510 552 553 511
2111 3 2 1 27 511 553 554 512
2112 3 2 1 27 512 554 555 513
2113 3 2 1 27 513 555 556 514
2114 3 2 1 27 514 556 557 515
2115 3 2 1 27 515 557 558 516
2116 3 2 1 27 516 558 40 39
$EndElements
