$MeshFormat
4.1 0 8
$EndMeshFormat
$PhysicalNames
7
1 3 "inlet"
1 4 "bottom"
1 5 "outlet_top"
1 6 "left"
1 7 "right"
2 1 "fracture"
2 2 "matrix"
$EndPhysicalNames
$Entities
9 12 4 0
1 0 0 0 0 
2 0.1 0 0 0 
3 50 0 0 0 
4 0 100 0 0 
5 0.1 100 0 0 
6 50 100 0 0 
7 0 150 0 0 
8 0.1 150 0 0 
9 50 150 0 0 
1 0 0 0 0.1 0 0 1 3 2 1 -2 
2 0.1000000000000014 0 0 50 0 0 1 4 2 2 -3 
3 0 100 0 0.1 100 0 0 2 4 -5 
4 0.1000000000000014 100 0 50 100 0 0 2 5 -6 
5 0 150 0 0.1 150 0 1 5 2 7 -8 
6 0.1000000000000014 150 0 50 150 0 1 5 2 8 -9 
7 0 0 0 0 100 0 1 6 2 1 -4 
8 0.1 0 0 0.1 100 0 0 2 2 -5 
9 50 0 0 50 100 0 1 7 2 3 -6 
10 0 100 0 0 150 0 1 6 2 4 -7 
11 0.1 100 0 0.1 150 0 0 2 5 -8 
12 50 100 0 50 150 0 1 7 2 6 -9 
1 0 0 0 0.1 100 0 1 1 4 1 8 -3 -7 
2 0.1000000000000014 0 0 50 100 0 1 2 4 2 9 -4 -8 
3 0 100 0 0.1 150 0 1 2 4 3 11 -5 -10 
4 0.1000000000000014 100 0 50 150 0 1 2 4 4 12 -6 -11 
$EndEntities
$Nodes
24 2982 1 2982
0 1 0 1
1
0 0 0
0 2 0 1
2
0.1 0 0
0 3 0 1
3
50 0 0
0 4 0 1
4
0 100 0
0 5 0 1
5
0.1 100 0
0 6 0 1
6
50 100 0
0 7 0 1
7
0 150 0
0 8 0 1
8
0.1 150 0
0 9 0 1
9
50 150 0
1 1 0 0
1 2 0 39
10
11
12
13
14
15
16
17
18
19
20
21
22
23
24
25
26
27
28
29
30
31
32
33
34
35
36
37
38
39
40
41
42
43
44
45
46
47
48
0.2000006321155761 0 0
0.3104413117430408 0 0
0.4324120121284738 0 0
0.567116450677232 0 0
0.7158839985361234 0 0
0.8801828679119487 0 0
1.061634561247657 0 0
1.26202982719837 0 0
1.483346368851216 0 0
1.727768371231009 0 0
1.99770802880438 0 0
2.295829365217914 0 0
2.625074549851251 0 0
2.988692945236893 0 0
3.390273112270294 0 0
3.833778222035726 0 0
4.323585253205372 0 0
4.864528162057925 0 0
5.461945516804475 0 0
6.121733228318136 0 0
6.850402791143719 0 0
7.655145473111451 0 0
8.54390328747559 0 0
9.525447391825505 0 0
10.6094646750918 0 0
11.80665338907409 0 0
13.12882862242629 0 0
14.58903893021044 0 0
16.20169518749804 0 0
17.98271275760416 0 0
19.94966855156224 0 0
22.12197455966955 0 0
24.52106930514993 0 0
27.17062952789432 0 0
30.09680385548412 0 0
33.32847076343871 0 0
36.89752368599859 0 0
40.83918572903375 0 0
45.19235729079473 0 0
1 4 0 39
49
50
51
52
53
54
55
56
57
58
59
60
61
62
63
64
65
66
67
68
69
70
71
72
73
74
75
76
77
78
79
80
81
82
83
84
85
86
87
0.2000006321155761 100 0
0.3104413117430408 100 0
0.4324120121284738 100 0
0.567116450677232 100 0
0.7158839985361234 100 0
0.8801828679119487 100 0
1.061634561247657 100 0
1.26202982719837 100 0
1.483346368851216 100 0
1.727768371231009 100 0
1.99770802880438 100 0
2.295829365217914 100 0
2.625074549851251 100 0
2.988692945236893 100 0
3.390273112270294 100 0
3.833778222035726 100 0
4.323585253205372 100 0
4.864528162057925 100 0
5.461945516804475 100 0
6.121733228318136 100 0
6.850402791143719 100 0
7.655145473111451 100 0
8.54390328747559 100 0
9.525447391825505 100 0
10.6094646750918 100 0
11.80665338907409 100 0
13.12882862242629 100 0
14.58903893021044 100 0
16.20169518749804 100 0
17.98271275760416 100 0
19.94966855156224 100 0
22.12197455966955 100 0
24.52106930514993 100 0
27.17062952789432 100 0
30.09680385548412 100 0
33.32847076343871 100 0
36.89752368599859 100 0
40.83918572903375 100 0
45.19235729079473 100 0
1 5 0 0
1 6 0 39
88
89
90
91
92
93
94
95
96
97
98
99
100
101
102
103
104
105
106
107
108
109
110
111
112
113
114
115
116
117
118
119
120
121
122
123
124
125
126
0.2000006321155761 150 0
0.3104413117430408 150 0
0.4324120121284738 150 0
0.567116450677232 150 0
0.7158839985361234 150 0
0.8801828679119487 150 0
1.061634561247657 150 0
1.26202982719837 150 0
1.483346368851216 150 0
1.727768371231009 150 0
1.99770802880438 150 0
2.295829365217914 150 0
2.625074549851251 150 0
2.988692945236893 150 0
3.390273112270294 150 0
3.833778222035726 150 0
4.323585253205372 150 0
4.864528162057925 150 0
5.461945516804475 150 0
6.121733228318136 150 0
6.850402791143719 150 0
7.655145473111451 150 0
8.54390328747559 150 0
9.525447391825505 150 0
10.6094646750918 150 0
11.80665338907409 150 0
13.12882862242629 150 0
14.58903893021044 150 0
16.20169518749804 150 0
17.98271275760416 150 0
19.94966855156224 150 0
22.12197455966955 150 0
24.52106930514993 150 0
27.17062952789432 150 0
30.09680385548412 150 0
33.32847076343871 150 0
36.89752368599859 150 0
40.83918572903375 150 0
45.19235729079473 150 0
1 7 0 49
127
128
129
130
131
132
133
134
135
136
137
138
139
140
141
142
143
144
145
146
147
148
149
150
151
152
153
154
155
156
157
158
159
160
161
162
163
164
165
166
167
168
169
170
171
172
173
174
175
0 1.999999999992153 0
0 3.999999999984047 0
0 5.999999999975561 0
0 7.999999999968392 0
0 9.99999999996156 0
0 11.99999999995461 0
0 13.99999999994524 0
0 15.99999999993485 0
0 17.99999999992447 0
0 19.99999999991408 0
0 21.9999999999037 0
0 23.99999999989332 0
0 25.99999999988294 0
0 27.99999999987256 0
0 29.99999999986219 0
0 31.99999999985314 0
0 33.99999999984981 0
0 35.99999999984654 0
0 37.99999999984328 0
0 39.99999999984 0
0 41.99999999983673 0
0 43.99999999983346 0
0 45.99999999983019 0
0 47.99999999982692 0
0 49.99999999982364 0
0 51.99999999982038 0
0 53.99999999981711 0
0 55.99999999981384 0
0 57.99999999981056 0
0 59.99999999980729 0
0 61.99999999980403 0
0 63.9999999998033 0
0 65.99999999981404 0
0 67.99999999982495 0
0 69.99999999983591 0
0 71.99999999984684 0
0 73.99999999985778 0
0 75.99999999986873 0
0 77.99999999987965 0
0 79.9999999998906 0
0 81.99999999990155 0
0 83.99999999991248 0
0 85.99999999992343 0
0 87.99999999993436 0
0 89.9999999999453 0
0 91.99999999995624 0
0 93.99999999996717 0
0 95.99999999997813 0
0 97.99999999998906 0
1 8 0 49
176
177
178
179
180
181
182
183
184
185
186
187
188
189
190
191
192
193
194
195
196
197
198
199
200
201
202
203
204
205
206
207
208
209
210
211
212
213
214
215
216
217
218
219
220
221
222
223
224
0.1 1.999999999992153 0
0.1 3.999999999984047 0
0.1 5.999999999975561 0
0.1 7.999999999968392 0
0.1 9.99999999996156 0
0.1 11.99999999995461 0
0.1 13.99999999994524 0
0.1 15.99999999993485 0
0.1 17.99999999992447 0
0.1 19.99999999991408 0
0.1 21.9999999999037 0
0.1 23.99999999989332 0
0.1 25.99999999988294 0
0.1 27.99999999987256 0
0.1 29.99999999986219 0
0.1 31.99999999985314 0
0.1 33.99999999984981 0
0.1 35.99999999984654 0
0.1 37.99999999984328 0
0.1 39.99999999984 0
0.1 41.99999999983673 0
0.1 43.99999999983346 0
0.1 45.99999999983019 0
0.1 47.99999999982692 0
0.1 49.99999999982364 0
0.1 51.99999999982038 0
0.1 53.99999999981711 0
0.1 55.99999999981384 0
0.1 57.99999999981056 0
0.1 59.99999999980729 0
0.1 61.99999999980403 0
0.1 63.9999999998033 0
0.1 65.99999999981404 0
0.1 67.99999999982495 0
0.1 69.99999999983591 0
0.1 71.99999999984684 0
0.1 73.99999999985778 0
0.1 75.99999999986873 0
0.1 77.99999999987965 0
0.1 79.9999999998906 0
0.1 81.99999999990155 0
0.1 83.99999999991248 0
0.1 85.99999999992343 0
0.1 87.99999999993436 0
0.1 89.9999999999453 0
0.1 91.99999999995624 0
0.1 93.99999999996717 0
0.1 95.99999999997813 0
0.1 97.99999999998906 0
1 9 0 49
225
226
227
228
229
230
231
232
233
234
235
236
237
238
239
240
241
242
243
244
245
246
247
248
249
250
251
252
253
254
255
256
257
258
259
260
261
262
263
264
265
266
267
268
269
270
271
272
273
50 1.999999999992153 0
50 3.999999999984047 0
50 5.999999999975561 0
50 7.999999999968392 0
50 9.99999999996156 0
50 11.99999999995461 0
50 13.99999999994524 0
50 15.99999999993485 0
50 17.99999999992447 0
50 19.99999999991408 0
50 21.9999999999037 0
50 23.99999999989332 0
50 25.99999999988294 0
50 27.99999999987256 0
50 29.99999999986219 0
50 31.99999999985314 0
50 33.99999999984981 0
50 35.99999999984654 0
50 37.99999999984328 0
50 39.99999999984 0
50 41.99999999983673 0
50 43.99999999983346 0
50 45.99999999983019 0
50 47.99999999982692 0
50 49.99999999982364 0
50 51.99999999982038 0
50 53.99999999981711 0
50 55.99999999981384 0
50 57.99999999981056 0
50 59.99999999980729 0
50 61.99999999980403 0
50 63.9999999998033 0
50 65.99999999981404 0
50 67.99999999982495 0
50 69.99999999983591 0
50 71.99999999984684 0
50 73.99999999985778 0
50 75.99999999986873 0
50 77.99999999987965 0
50 79.9999999998906 0
50 81.99999999990155 0
50 83.99999999991248 0
50 85.99999999992343 0
50 87.99999999993436 0
50 89.9999999999453 0
50 91.99999999995624 0
50 93.99999999996717 0
50 95.99999999997813 0
50 97.99999999998906 0
1 10 0 19
274
275
276
277
278
279
280
281
282
283
284
285
286
287
288
289
290
291
292
0 101.9990779975429 0
0 104.0439348769826 0
0 106.1356189818568 0
0 108.2752026567291 0
0 110.4637827989611 0
0 112.7024814260653 0
0 114.9924462533637 0
0 117.3348512713493 0
0 119.7308973592949 0
0 122.1818129007778 0
0 124.6888544108824 0
0 127.2533071749018 0
0 129.8764859083995 0
0 132.5597354301887 0
0 135.304431366586 0
0 138.111980845485 0
0 140.9838232048 0
0 143.9214307513066 0
0 146.9263095115853 0
1 11 0 19
293
294
295
296
297
298
299
300
301
302
303
304
305
306
307
308
309
310
311
0.1 101.9990779975429 0
0.1 104.0439348769826 0
0.1 106.1356189818568 0
0.1 108.2752026567291 0
0.1 110.4637827989611 0
0.1 112.7024814260653 0
0.1 114.9924462533637 0
0.1 117.3348512713493 0
0.1 119.7308973592949 0
0.1 122.1818129007778 0
0.1 124.6888544108824 0
0.1 127.2533071749018 0
0.1 129.8764859083995 0
0.1 132.5597354301887 0
0.1 135.304431366586 0
0.1 138.111980845485 0
0.1 140.9838232048 0
0.1 143.9214307513066 0
0.1 146.9263095115853 0
1 12 0 19
312
313
314
315
316
317
318
319
320
321
322
323
324
325
326
327
328
329
330
50 101.9990779975429 0
50 104.0439348769826 0
50 106.1356189818568 0
50 108.2752026567291 0
50 110.4637827989611 0
50 112.7024814260653 0
50 114.9924462533637 0
50 117.3348512713493 0
50 119.7308973592949 0
50 122.1818129007778 0
50 124.6888544108824 0
50 127.2533071749018 0
50 129.8764859083995 0
50 132.5597354301887 0
50 135.304431366586 0
50 138.111980845485 0
50 140.9838232048 0
50 143.9214307513066 0
50 146.9263095115853 0
2 1 0 0
2 2 0 1911
331
332
333
334
335
336
337
338
339
340
341
342
343
344
345
346
347
348
349
350
351
352
353
354
355
356
357
358
359
360
361
362
363
364
365
366
367
368
369
370
371
372
373
374
375
376
377
378
379
380
381
382
383
384
385
386
387
388
389
390
391
392
393
394
395
396
397
398
399
400
401
402
403
404
405
406
407
408
409
410
411
412
413
414
415
416
417
418
419
420
421
422
423
424
425
426
427
428
429
430
431
432
433
434
435
436
437
438
439
440
441
442
443
444
445
446
447
448
449
450
451
452
453
454
455
456
457
458
459
460
461
462
463
464
465
466
467
468
469
470
471
472
473
474
475
476
477
478
479
480
481
482
483
484
485
486
487
488
489
490
491
492
493
494
495
496
497
498
499
500
501
502
503
504
505
506
507
508
509
510
511
512
513
514
515
516
517
518
519
520
521
522
523
524
525
526
527
528
529
530
531
532
533
534
535
536
537
538
539
540
541
542
543
544
545
546
547
548
549
550
551
552
553
554
555
556
557
558
559
560
561
562
563
564
565
566
567
568
569
570
571
572
573
574
575
576
577
578
579
580
581
582
583
584
585
586
587
588
589
590
591
592
593
594
595
596
597
598
599
600
601
602
603
604
605
606
607
608
609
610
611
612
613
614
615
616
617
618
619
620
621
622
623
624
625
626
627
628
629
630
631
632
633
634
635
636
637
638
639
640
641
642
643
644
645
646
647
648
649
650
651
652
653
654
655
656
657
658
659
660
661
662
663
664
665
666
667
668
669
670
671
672
673
674
675
676
677
678
679
680
681
682
683
684
685
686
687
688
689
690
691
692
693
694
695
696
697
698
699
700
701
702
703
704
705
706
707
708
709
710
711
712
713
714
715
716
717
718
719
720
721
722
723
724
725
726
727
728
729
730
731
732
733
734
735
736
737
738
739
740
741
742
743
744
745
746
747
748
749
750
751
752
753
754
755
756
757
758
759
760
761
762
763
764
765
766
767
768
769
770
771
772
773
774
775
776
777
778
779
780
781
782
783
784
785
786
787
788
789
790
791
792
793
794
795
796
797
798
799
800
801
802
803
804
805
806
807
808
809
810
811
812
813
814
815
816
817
818
819
820
821
822
823
824
825
826
827
828
829
830
831
832
833
834
835
836
837
838
839
840
841
842
843
844
845
846
847
848
849
850
851
852
853
854
855
856
857
858
859
860
861
862
863
864
865
866
867
868
869
870
871
872
873
874
875
876
877
878
879
880
881
882
883
884
885
886
887
888
889
890
891
892
893
894
895
896
897
898
899
900
901
902
903
904
905
906
907
908
909
910
911
912
913
914
915
916
917
918
919
920
921
922
923
924
925
926
927
928
929
930
931
932
933
934
935
936
937
938
939
940
941
942
943
944
945
946
947
948
949
950
951
952
953
954
955
956
957
958
959
960
961
962
963
964
965
966
967
968
969
970
971
972
973
974
975
976
977
978
979
980
981
982
983
984
985
986
987
988
989
990
991
992
993
994
995
996
997
998
999
1000
1001
1002
1003
1004
1005
1006
1007
1008
1009
1010
1011
1012
1013
1014
1015
1016
1017
1018
1019
1020
1021
1022
1023
1024
1025
1026
1027
1028
1029
1030
1031
1032
1033
1034
1035
1036
1037
1038
1039
1040
1041
1042
1043
1044
1045
1046
1047
1048
1049
1050
1051
1052
1053
1054
1055
1056
1057
1058
1059
1060
1061
1062
1063
1064
1065
1066
1067
1068
1069
1070
1071
1072
1073
1074
1075
1076
1077
1078
1079
1080
1081
1082
1083
1084
1085
1086
1087
1088
1089
1090
1091
1092
1093
1094
1095
1096
1097
1098
1099
1100
1101
1102
1103
1104
1105
1106
1107
1108
1109
1110
1111
1112
1113
1114
1115
1116
1117
1118
1119
1120
1121
1122
1123
1124
1125
1126
1127
1128
1129
1130
1131
1132
1133
1134
1135
1136
1137
1138
1139
1140
1141
1142
1143
1144
1145
1146
1147
1148
1149
1150
1151
1152
1153
1154
1155
1156
1157
1158
1159
1160
1161
1162
1163
1164
1165
1166
1167
1168
1169
1170
1171
1172
1173
1174
1175
1176
1177
1178
1179
1180
1181
1182
1183
1184
1185
1186
1187
1188
1189
1190
1191
1192
1193
1194
1195
1196
1197
1198
1199
1200
1201
1202
1203
1204
1205
1206
1207
1208
1209
1210
1211
1212
1213
1214
1215
1216
1217
1218
1219
1220
1221
1222
1223
1224
1225
1226
1227
1228
1229
1230
1231
1232
1233
1234
1235
1236
1237
1238
1239
1240
1241
1242
1243
1244
1245
1246
1247
1248
1249
1250
1251
1252
1253
1254
1255
1256
1257
1258
1259
1260
1261
1262
1263
1264
1265
1266
1267
1268
1269
1270
1271
1272
1273
1274
1275
1276
1277
1278
1279
1280
1281
1282
1283
1284
1285
1286
1287
1288
1289
1290
1291
1292
1293
1294
1295
1296
1297
1298
1299
1300
1301
1302
1303
1304
1305
1306
1307
1308
1309
1310
1311
1312
1313
1314
1315
1316
1317
1318
1319
1320
1321
1322
1323
1324
1325
1326
1327
1328
1329
1330
1331
1332
1333
1334
1335
1336
1337
1338
1339
1340
1341
1342
1343
1344
1345
1346
1347
1348
1349
1350
1351
1352
1353
1354
1355
1356
1357
1358
1359
1360
1361
1362
1363
1364
1365
1366
1367
1368
1369
1370
1371
1372
1373
1374
1375
1376
1377
1378
1379
1380
1381
1382
1383
1384
1385
1386
1387
1388
1389
1390
1391
1392
1393
1394
1395
1396
1397
1398
1399
1400
1401
1402
1403
1404
1405
1406
1407
1408
1409
1410
1411
1412
1413
1414
1415
1416
1417
1418
1419
1420
1421
1422
1423
1424
1425
1426
1427
1428
1429
1430
1431
1432
1433
1434
1435
1436
1437
1438
1439
1440
1441
1442
1443
1444
1445
1446
1447
1448
1449
1450
1451
1452
1453
1454
1455
1456
1457
1458
1459
1460
1461
1462
1463
1464
1465
1466
1467
1468
1469
1470
1471
1472
1473
1474
1475
1476
1477
1478
1479
1480
1481
1482
1483
1484
1485
1486
1487
1488
1489
1490
1491
1492
1493
1494
1495
1496
1497
1498
1499
1500
1501
1502
1503
1504
1505
1506
1507
1508
1509
1510
1511
1512
1513
1514
1515
1516
1517
1518
1519
1520
1521
1522
1523
1524
1525
1526
1527
1528
1529
1530
1531
1532
1533
1534
1535
1536
1537
1538
1539
1540
1541
1542
1543
1544
1545
1546
1547
1548
1549
1550
1551
1552
1553
1554
1555
1556
1557
1558
1559
1560
1561
1562
1563
1564
1565
1566
1567
1568
1569
1570
1571
1572
1573
1574
1575
1576
1577
1578
1579
1580
1581
1582
1583
1584
1585
1586
1587
1588
1589
1590
1591
1592
1593
1594
1595
1596
1597
1598
1599
1600
1601
1602
1603
1604
1605
1606
1607
1608
1609
1610
1611
1612
1613
1614
1615
1616
1617
1618
1619
1620
1621
1622
1623
1624
1625
1626
1627
1628
1629
1630
1631
1632
1633
1634
1635
1636
1637
1638
1639
1640
1641
1642
1643
1644
1645
1646
1647
1648
1649
1650
1651
1652
1653
1654
1655
1656
1657
1658
1659
1660
1661
1662
1663
1664
1665
1666
1667
1668
1669
1670
1671
1672
1673
1674
1675
1676
1677
1678
1679
1680
1681
1682
1683
1684
1685
1686
1687
1688
1689
1690
1691
1692
1693
1694
1695
1696
1697
1698
1699
1700
1701
1702
1703
1704
1705
1706
1707
1708
1709
1710
1711
1712
1713
1714
1715
1716
1717
1718
1719
1720
1721
1722
1723
1724
1725
1726
1727
1728
1729
1730
1731
1732
1733
1734
1735
1736
1737
1738
1739
1740
1741
1742
1743
1744
1745
1746
1747
1748
1749
1750
1751
1752
1753
1754
1755
1756
1757
1758
1759
1760
1761
1762
1763
1764
1765
1766
1767
1768
1769
1770
1771
1772
1773
1774
1775
1776
1777
1778
1779
1780
1781
1782
1783
1784
1785
1786
1787
1788
1789
1790
1791
1792
1793
1794
1795
1796
1797
1798
1799
1800
1801
1802
1803
1804
1805
1806
1807
1808
1809
1810
1811
1812
1813
1814
1815
1816
1817
1818
1819
1820
1821
1822
1823
1824
1825
1826
1827
1828
1829
1830
1831
1832
1833
1834
1835
1836
1837
1838
1839
1840
1841
1842
1843
1844
1845
1846
1847
1848
1849
1850
1851
1852
1853
1854
1855
1856
1857
1858
1859
1860
1861
1862
1863
1864
1865
1866
1867
1868
1869
1870
1871
1872
1873
1874
1875
1876
1877
1878
1879
1880
1881
1882
1883
1884
1885
1886
1887
1888
1889
1890
1891
1892
1893
1894
1895
1896
1897
1898
1899
1900
1901
1902
1903
1904
1905
1906
1907
1908
1909
1910
1911
1912
1913
1914
1915
1916
1917
1918
1919
1920
1921
1922
1923
1924
1925
1926
1927
1928
1929
1930
1931
1932
1933
1934
1935
1936
1937
1938
1939
1940
1941
1942
1943
1944
1945
1946
1947
1948
1949
1950
1951
1952
1953
1954
1955
1956
1957
1958
1959
1960
1961
1962
1963
1964
1965
1966
1967
1968
1969
1970
1971
1972
1973
1974
1975
1976
1977
1978
1979
1980
1981
1982
1983
1984
1985
1986
1987
1988
1989
1990
1991
1992
1993
1994
1995
1996
1997
1998
1999
2000
2001
2002
2003
2004
2005
2006
2007
2008
2009
2010
2011
2012
2013
2014
2015
2016
2017
2018
2019
2020
2021
2022
2023
2024
2025
2026
2027
2028
2029
2030
2031
2032
2033
2034
2035
2036
2037
2038
2039
2040
2041
2042
2043
2044
2045
2046
2047
2048
2049
2050
2051
2052
2053
2054
2055
2056
2057
2058
2059
2060
2061
2062
2063
2064
2065
2066
2067
2068
2069
2070
2071
2072
2073
2074
2075
2076
2077
2078
2079
2080
2081
2082
2083
2084
2085
2086
2087
2088
2089
2090
2091
2092
2093
2094
2095
2096
2097
2098
2099
2100
2101
2102
2103
2104
2105
2106
2107
2108
2109
2110
2111
2112
2113
2114
2115
2116
2117
2118
2119
2120
2121
2122
2123
2124
2125
2126
2127
2128
2129
2130
2131
2132
2133
2134
2135
2136
2137
2138
2139
2140
2141
2142
2143
2144
2145
2146
2147
2148
2149
2150
2151
2152
2153
2154
2155
2156
2157
2158
2159
2160
2161
2162
2163
2164
2165
2166
2167
2168
2169
2170
2171
2172
2173
2174
2175
2176
2177
2178
2179
2180
2181
2182
2183
2184
2185
2186
2187
2188
2189
2190
2191
2192
2193
2194
2195
2196
2197
2198
2199
2200
2201
2202
2203
2204
2205
2206
2207
2208
2209
2210
2211
2212
2213
2214
2215
2216
2217
2218
2219
2220
2221
2222
2223
2224
2225
2226
2227
2228
2229
2230
2231
2232
2233
2234
2235
2236
2237
2238
2239
2240
2241
0.2000006321155761 1.999999999992153 0
0.2000006321155761 3.999999999984047 0
0.2000006321155761 5.999999999975561 0
0.200000632115576 7.999999999968392 0
0.2000006321155761 9.999999999961561 0
0.2000006321155761 11.99999999995461 0
0.2000006321155761 13.99999999994524 0
0.2000006321155761 15.99999999993485 0
0.2000006321155761 17.99999999992447 0
0.200000632115576 19.99999999991408 0
0.2000006321155761 21.9999999999037 0
0.2000006321155761 23.99999999989332 0
0.200000632115576 25.99999999988293 0
0.200000632115576 27.99999999987256 0
0.200000632115576 29.99999999986219 0
0.2000006321155761 31.99999999985315 0
0.2000006321155761 33.99999999984981 0
0.2000006321155761 35.99999999984655 0
0.2000006321155761 37.99999999984328 0
0.2000006321155761 39.99999999984 0
0.2000006321155761 41.99999999983673 0
0.2000006321155761 43.99999999983347 0
0.2000006321155761 45.99999999983019 0
0.2000006321155761 47.99999999982692 0
0.2000006321155761 49.99999999982364 0
0.2000006321155761 51.99999999982039 0
0.2000006321155761 53.99999999981711 0
0.2000006321155761 55.99999999981384 0
0.2000006321155761 57.99999999981055 0
0.2000006321155761 59.99999999980729 0
0.200000632115576 61.99999999980402 0
0.2000006321155761 63.99999999980329 0
0.2000006321155761 65.99999999981402 0
0.2000006321155761 67.99999999982495 0
0.2000006321155761 69.99999999983591 0
0.2000006321155761 71.99999999984684 0
0.2000006321155761 73.99999999985779 0
0.2000006321155761 75.99999999986873 0
0.2000006321155761 77.99999999987965 0
0.2000006321155761 79.99999999989062 0
0.2000006321155761 81.99999999990155 0
0.2000006321155761 83.99999999991246 0
0.2000006321155761 85.99999999992345 0
0.2000006321155761 87.99999999993436 0
0.2000006321155761 89.99999999994527 0
0.2000006321155761 91.99999999995624 0
0.2000006321155761 93.99999999996717 0
0.2000006321155761 95.99999999997813 0
0.2000006321155761 97.99999999998906 0
0.3104413117430407 1.999999999992153 0
0.3104413117430406 3.999999999984047 0
0.3104413117430409 5.999999999975561 0
0.310441311743041 7.999999999968393 0
0.3104413117430408 9.99999999996156 0
0.3104413117430409 11.99999999995461 0
0.3104413117430407 13.99999999994524 0
0.3104413117430408 15.99999999993485 0
0.3104413117430407 17.99999999992447 0
0.3104413117430408 19.99999999991408 0
0.3104413117430407 21.9999999999037 0
0.3104413117430407 23.99999999989332 0
0.3104413117430408 25.99999999988293 0
0.3104413117430407 27.99999999987256 0
0.3104413117430407 29.99999999986219 0
0.3104413117430408 31.99999999985314 0
0.3104413117430408 33.99999999984981 0
0.3104413117430407 35.99999999984654 0
0.3104413117430407 37.99999999984328 0
0.3104413117430407 39.99999999983999 0
0.3104413117430407 41.99999999983673 0
0.3104413117430408 43.99999999983347 0
0.3104413117430408 45.9999999998302 0
0.3104413117430408 47.99999999982693 0
0.3104413117430408 49.99999999982364 0
0.3104413117430408 51.9999999998204 0
0.3104413117430407 53.99999999981711 0
0.3104413117430407 55.99999999981384 0
0.3104413117430408 57.99999999981056 0
0.3104413117430407 59.99999999980729 0
0.3104413117430408 61.99999999980403 0
0.3104413117430408 63.99999999980331 0
0.3104413117430408 65.99999999981402 0
0.3104413117430408 67.99999999982495 0
0.3104413117430408 69.99999999983591 0
0.3104413117430408 71.99999999984684 0
0.3104413117430408 73.99999999985776 0
0.3104413117430408 75.99999999986873 0
0.3104413117430408 77.99999999987965 0
0.3104413117430408 79.99999999989059 0
0.3104413117430408 81.99999999990153 0
0.3104413117430408 83.99999999991248 0
0.3104413117430408 85.99999999992343 0
0.3104413117430408 87.99999999993435 0
0.3104413117430408 89.99999999994533 0
0.3104413117430408 91.99999999995624 0
0.3104413117430408 93.99999999996716 0
0.3104413117430407 95.99999999997812 0
0.3104413117430408 97.99999999998904 0
0.4324120121284737 1.999999999992153 0
0.4324120121284738 3.999999999984048 0
0.4324120121284739 5.999999999975561 0
0.4324120121284738 7.999999999968392 0
0.4324120121284738 9.99999999996156 0
0.4324120121284738 11.99999999995461 0
0.4324120121284737 13.99999999994524 0
0.4324120121284737 15.99999999993485 0
0.4324120121284738 17.99999999992447 0
0.4324120121284737 19.99999999991408 0
0.4324120121284737 21.9999999999037 0
0.4324120121284739 23.99999999989332 0
0.4324120121284738 25.99999999988293 0
0.4324120121284738 27.99999999987256 0
0.4324120121284737 29.99999999986219 0
0.4324120121284738 31.99999999985314 0
0.4324120121284738 33.99999999984981 0
0.4324120121284737 35.99999999984654 0
0.4324120121284737 37.99999999984328 0
0.4324120121284736 39.99999999984 0
0.4324120121284737 41.99999999983673 0
0.4324120121284738 43.99999999983346 0
0.4324120121284738 45.99999999983019 0
0.4324120121284737 47.99999999982692 0
0.4324120121284738 49.99999999982364 0
0.4324120121284738 51.99999999982039 0
0.4324120121284737 53.99999999981711 0
0.4324120121284738 55.99999999981385 0
0.4324120121284738 57.99999999981056 0
0.4324120121284737 59.9999999998073 0
0.4324120121284738 61.99999999980401 0
0.4324120121284737 63.99999999980329 0
0.4324120121284738 65.99999999981404 0
0.4324120121284738 67.99999999982496 0
0.4324120121284737 69.99999999983591 0
0.4324120121284738 71.99999999984684 0
0.4324120121284738 73.99999999985778 0
0.4324120121284737 75.99999999986873 0
0.4324120121284738 77.99999999987963 0
0.4324120121284738 79.9999999998906 0
0.4324120121284737 81.99999999990155 0
0.4324120121284738 83.99999999991248 0
0.4324120121284738 85.99999999992343 0
0.4324120121284738 87.99999999993435 0
0.4324120121284738 89.9999999999453 0
0.4324120121284738 91.99999999995624 0
0.4324120121284738 93.99999999996717 0
0.4324120121284738 95.99999999997813 0
0.4324120121284738 97.99999999998907 0
0.5671164506772319 1.999999999992153 0
0.5671164506772319 3.999999999984047 0
0.5671164506772319 5.999999999975561 0
0.5671164506772323 7.999999999968392 0
0.5671164506772319 9.99999999996156 0
0.5671164506772322 11.9999999999546 0
0.567116450677232 13.99999999994524 0
0.5671164506772322 15.99999999993485 0
0.5671164506772322 17.99999999992447 0
0.5671164506772323 19.99999999991409 0
0.5671164506772322 21.9999999999037 0
0.5671164506772322 23.99999999989332 0
0.567116450677232 25.99999999988294 0
0.5671164506772319 27.99999999987257 0
0.5671164506772319 29.99999999986219 0
0.5671164506772323 31.99999999985314 0
0.5671164506772322 33.99999999984981 0
0.567116450677232 35.99999999984654 0
0.5671164506772322 37.99999999984327 0
0.5671164506772319 39.99999999984 0
0.5671164506772319 41.99999999983673 0
0.5671164506772322 43.99999999983346 0
0.567116450677232 45.99999999983019 0
0.5671164506772322 47.99999999982692 0
0.5671164506772323 49.99999999982365 0
0.5671164506772322 51.99999999982039 0
0.5671164506772322 53.99999999981711 0
0.5671164506772319 55.99999999981385 0
0.5671164506772322 57.99999999981055 0
0.5671164506772323 59.99999999980729 0
0.5671164506772323 61.99999999980403 0
0.5671164506772323 63.9999999998033 0
0.5671164506772322 65.99999999981402 0
0.5671164506772323 67.99999999982495 0
0.5671164506772319 69.99999999983592 0
0.5671164506772322 71.99999999984684 0
0.5671164506772319 73.99999999985778 0
0.5671164506772322 75.99999999986871 0
0.5671164506772322 77.99999999987965 0
0.567116450677232 79.9999999998906 0
0.5671164506772322 81.99999999990155 0
0.5671164506772322 83.99999999991248 0
0.5671164506772319 85.99999999992345 0
0.567116450677232 87.99999999993436 0
0.5671164506772322 89.99999999994532 0
0.5671164506772323 91.99999999995623 0
0.5671164506772322 93.99999999996717 0
0.5671164506772322 95.99999999997812 0
0.5671164506772322 97.99999999998906 0
0.7158839985361235 1.999999999992153 0
0.7158839985361234 3.999999999984047 0
0.7158839985361233 5.999999999975561 0
0.7158839985361234 7.999999999968393 0
0.7158839985361232 9.999999999961561 0
0.7158839985361234 11.99999999995461 0
0.7158839985361233 13.99999999994523 0
0.7158839985361231 15.99999999993485 0
0.7158839985361233 17.99999999992447 0
0.7158839985361231 19.99999999991409 0
0.7158839985361233 21.9999999999037 0
0.7158839985361234 23.99999999989332 0
0.7158839985361233 25.99999999988294 0
0.7158839985361233 27.99999999987256 0
0.7158839985361235 29.99999999986219 0
0.7158839985361234 31.99999999985314 0
0.7158839985361234 33.99999999984981 0
0.7158839985361234 35.99999999984654 0
0.7158839985361233 37.99999999984328 0
0.7158839985361234 39.99999999984 0
0.7158839985361234 41.99999999983674 0
0.7158839985361234 43.99999999983346 0
0.7158839985361234 45.99999999983019 0
0.7158839985361233 47.99999999982691 0
0.7158839985361234 49.99999999982365 0
0.7158839985361233 51.99999999982039 0
0.7158839985361234 53.99999999981711 0
0.7158839985361233 55.99999999981384 0
0.7158839985361234 57.99999999981056 0
0.7158839985361233 59.99999999980729 0
0.7158839985361234 61.99999999980403 0
0.7158839985361233 63.9999999998033 0
0.7158839985361233 65.99999999981404 0
0.7158839985361234 67.99999999982495 0
0.7158839985361233 69.99999999983591 0
0.7158839985361233 71.99999999984684 0
0.7158839985361233 73.99999999985776 0
0.7158839985361234 75.99999999986872 0
0.7158839985361233 77.99999999987965 0
0.7158839985361233 79.9999999998906 0
0.7158839985361234 81.99999999990155 0
0.7158839985361233 83.99999999991248 0
0.7158839985361233 85.99999999992345 0
0.7158839985361233 87.99999999993436 0
0.7158839985361234 89.99999999994527 0
0.7158839985361233 91.99999999995623 0
0.7158839985361233 93.99999999996717 0
0.7158839985361234 95.99999999997813 0
0.7158839985361232 97.99999999998906 0
0.8801828679119486 1.999999999992153 0
0.8801828679119489 3.999999999984047 0
0.8801828679119487 5.999999999975562 0
0.8801828679119486 7.999999999968392 0
0.8801828679119486 9.999999999961561 0
0.8801828679119486 11.99999999995461 0
0.8801828679119487 13.99999999994524 0
0.8801828679119488 15.99999999993485 0
0.8801828679119486 17.99999999992447 0
0.8801828679119489 19.99999999991408 0
0.8801828679119486 21.9999999999037 0
0.8801828679119483 23.99999999989332 0
0.8801828679119488 25.99999999988294 0
0.8801828679119484 27.99999999987256 0
0.8801828679119484 29.99999999986218 0
0.8801828679119489 31.99999999985314 0
0.8801828679119483 33.99999999984981 0
0.8801828679119489 35.99999999984655 0
0.8801828679119486 37.99999999984327 0
0.8801828679119483 39.99999999983999 0
0.8801828679119487 41.99999999983674 0
0.8801828679119486 43.99999999983347 0
0.8801828679119486 45.99999999983019 0
0.8801828679119487 47.99999999982692 0
0.8801828679119484 49.99999999982365 0
0.8801828679119487 51.99999999982037 0
0.8801828679119486 53.99999999981711 0
0.8801828679119486 55.99999999981384 0
0.8801828679119489 57.99999999981056 0
0.8801828679119488 59.99999999980729 0
0.8801828679119488 61.99999999980403 0
0.8801828679119483 63.9999999998033 0
0.8801828679119489 65.99999999981404 0
0.8801828679119486 67.99999999982495 0
0.8801828679119486 69.99999999983589 0
0.8801828679119487 71.99999999984685 0
0.8801828679119488 73.99999999985778 0
0.8801828679119486 75.99999999986873 0
0.8801828679119489 77.99999999987965 0
0.8801828679119483 79.99999999989062 0
0.8801828679119483 81.99999999990155 0
0.8801828679119483 83.99999999991248 0
0.8801828679119484 85.99999999992345 0
0.8801828679119486 87.99999999993435 0
0.8801828679119486 89.99999999994529 0
0.8801828679119487 91.99999999995624 0
0.8801828679119487 93.99999999996717 0
0.8801828679119486 95.99999999997814 0
0.8801828679119486 97.99999999998907 0
1.061634561247657 1.999999999992153 0
1.061634561247657 3.999999999984048 0
1.061634561247657 5.999999999975562 0
1.061634561247657 7.999999999968393 0
1.061634561247657 9.99999999996156 0
1.061634561247657 11.99999999995461 0
1.061634561247657 13.99999999994524 0
1.061634561247657 15.99999999993485 0
1.061634561247657 17.99999999992447 0
1.061634561247657 19.99999999991408 0
1.061634561247657 21.9999999999037 0
1.061634561247657 23.99999999989332 0
1.061634561247657 25.99999999988294 0
1.061634561247657 27.99999999987256 0
1.061634561247657 29.99999999986218 0
1.061634561247657 31.99999999985315 0
1.061634561247657 33.99999999984981 0
1.061634561247657 35.99999999984654 0
1.061634561247657 37.99999999984326 0
1.061634561247657 39.99999999984 0
1.061634561247657 41.99999999983673 0
1.061634561247657 43.99999999983346 0
1.061634561247657 45.99999999983019 0
1.061634561247657 47.99999999982693 0
1.061634561247657 49.99999999982364 0
1.061634561247657 51.99999999982039 0
1.061634561247657 53.99999999981711 0
1.061634561247657 55.99999999981384 0
1.061634561247657 57.99999999981056 0
1.061634561247657 59.99999999980729 0
1.061634561247657 61.99999999980403 0
1.061634561247657 63.99999999980329 0
1.061634561247657 65.99999999981404 0
1.061634561247657 67.99999999982495 0
1.061634561247657 69.99999999983589 0
1.061634561247657 71.99999999984685 0
1.061634561247657 73.99999999985778 0
1.061634561247657 75.99999999986873 0
1.061634561247657 77.99999999987965 0
1.061634561247657 79.9999999998906 0
1.061634561247657 81.99999999990153 0
1.061634561247657 83.99999999991248 0
1.061634561247657 85.99999999992343 0
1.061634561247657 87.99999999993435 0
1.061634561247657 89.9999999999453 0
1.061634561247657 91.99999999995624 0
1.061634561247657 93.99999999996717 0
1.061634561247657 95.99999999997813 0
1.061634561247657 97.99999999998906 0
1.262029827198369 1.999999999992153 0
1.262029827198369 3.999999999984047 0
1.26202982719837 5.999999999975561 0
1.26202982719837 7.999999999968394 0
1.26202982719837 9.99999999996156 0
1.26202982719837 11.9999999999546 0
1.26202982719837 13.99999999994524 0
1.26202982719837 15.99999999993485 0
1.26202982719837 17.99999999992447 0
1.26202982719837 19.99999999991409 0
1.26202982719837 21.9999999999037 0
1.26202982719837 23.99999999989332 0
1.26202982719837 25.99999999988293 0
1.26202982719837 27.99999999987256 0
1.26202982719837 29.99999999986219 0
1.26202982719837 31.99999999985315 0
1.26202982719837 33.99999999984981 0
1.26202982719837 35.99999999984655 0
1.26202982719837 37.99999999984328 0
1.26202982719837 39.99999999983999 0
1.26202982719837 41.99999999983673 0
1.26202982719837 43.99999999983346 0
1.26202982719837 45.99999999983019 0
1.26202982719837 47.99999999982693 0
1.26202982719837 49.99999999982364 0
1.26202982719837 51.99999999982039 0
1.26202982719837 53.99999999981711 0
1.26202982719837 55.99999999981385 0
1.26202982719837 57.99999999981055 0
1.26202982719837 59.99999999980729 0
1.26202982719837 61.99999999980404 0
1.26202982719837 63.9999999998033 0
1.26202982719837 65.99999999981404 0
1.26202982719837 67.99999999982495 0
1.26202982719837 69.99999999983591 0
1.26202982719837 71.99999999984684 0
1.26202982719837 73.99999999985776 0
1.26202982719837 75.99999999986872 0
1.26202982719837 77.99999999987965 0
1.26202982719837 79.9999999998906 0
1.26202982719837 81.99999999990155 0
1.26202982719837 83.99999999991248 0
1.26202982719837 85.99999999992345 0
1.26202982719837 87.99999999993437 0
1.26202982719837 89.9999999999453 0
1.26202982719837 91.99999999995623 0
1.26202982719837 93.99999999996717 0
1.26202982719837 95.99999999997813 0
1.26202982719837 97.99999999998906 0
1.483346368851216 1.999999999992153 0
1.483346368851216 3.999999999984047 0
1.483346368851216 5.999999999975561 0
1.483346368851216 7.999999999968394 0
1.483346368851216 9.99999999996156 0
1.483346368851215 11.99999999995461 0
1.483346368851216 13.99999999994524 0
1.483346368851216 15.99999999993485 0
1.483346368851216 17.99999999992447 0
1.483346368851216 19.99999999991408 0
1.483346368851216 21.99999999990371 0
1.483346368851216 23.99999999989332 0
1.483346368851216 25.99999999988293 0
1.483346368851216 27.99999999987256 0
1.483346368851216 29.99999999986219 0
1.483346368851216 31.99999999985315 0
1.483346368851215 33.99999999984981 0
1.483346368851215 35.99999999984654 0
1.483346368851215 37.99999999984328 0
1.483346368851215 39.99999999984 0
1.483346368851216 41.99999999983673 0
1.483346368851216 43.99999999983346 0
1.483346368851216 45.99999999983019 0
1.483346368851216 47.99999999982692 0
1.483346368851216 49.99999999982364 0
1.483346368851216 51.99999999982039 0
1.483346368851216 53.99999999981711 0
1.483346368851215 55.99999999981384 0
1.483346368851216 57.99999999981056 0
1.483346368851216 59.99999999980729 0
1.483346368851216 61.99999999980402 0
1.483346368851216 63.99999999980329 0
1.483346368851216 65.99999999981402 0
1.483346368851216 67.99999999982494 0
1.483346368851216 69.99999999983591 0
1.483346368851216 71.99999999984684 0
1.483346368851215 73.99999999985778 0
1.483346368851215 75.99999999986872 0
1.483346368851216 77.99999999987965 0
1.483346368851215 79.9999999998906 0
1.483346368851216 81.99999999990155 0
1.483346368851216 83.99999999991248 0
1.483346368851216 85.99999999992343 0
1.483346368851216 87.99999999993436 0
1.483346368851216 89.9999999999453 0
1.483346368851215 91.99999999995624 0
1.483346368851215 93.99999999996717 0
1.483346368851216 95.99999999997813 0
1.483346368851215 97.99999999998904 0
1.72776837123101 1.999999999992153 0
1.72776837123101 3.999999999984047 0
1.727768371231009 5.999999999975561 0
1.727768371231009 7.999999999968392 0
1.72776837123101 9.99999999996156 0
1.727768371231009 11.99999999995461 0
1.727768371231009 13.99999999994524 0
1.72776837123101 15.99999999993485 0
1.727768371231009 17.99999999992447 0
1.727768371231009 19.99999999991408 0
1.727768371231009 21.99999999990371 0
1.72776837123101 23.99999999989332 0
1.727768371231009 25.99999999988294 0
1.727768371231009 27.99999999987256 0
1.72776837123101 29.99999999986219 0
1.727768371231009 31.99999999985314 0
1.727768371231009 33.99999999984982 0
1.727768371231009 35.99999999984654 0
1.727768371231009 37.99999999984328 0
1.727768371231009 39.99999999984 0
1.72776837123101 41.99999999983673 0
1.72776837123101 43.99999999983346 0
1.72776837123101 45.99999999983019 0
1.72776837123101 47.99999999982692 0
1.727768371231009 49.99999999982365 0
1.727768371231009 51.9999999998204 0
1.727768371231009 53.9999999998171 0
1.727768371231009 55.99999999981384 0
1.72776837123101 57.99999999981054 0
1.72776837123101 59.99999999980729 0
1.72776837123101 61.99999999980403 0
1.72776837123101 63.99999999980329 0
1.727768371231009 65.99999999981404 0
1.72776837123101 67.99999999982495 0
1.72776837123101 69.99999999983591 0
1.727768371231009 71.99999999984684 0
1.727768371231009 73.99999999985776 0
1.72776837123101 75.99999999986873 0
1.727768371231009 77.99999999987965 0
1.727768371231009 79.9999999998906 0
1.727768371231009 81.99999999990153 0
1.727768371231009 83.99999999991248 0
1.727768371231009 85.99999999992343 0
1.727768371231009 87.99999999993436 0
1.72776837123101 89.9999999999453 0
1.72776837123101 91.99999999995626 0
1.727768371231009 93.99999999996717 0
1.727768371231009 95.99999999997814 0
1.727768371231009 97.99999999998906 0
1.99770802880438 1.999999999992153 0
1.997708028804379 3.999999999984047 0
1.997708028804379 5.99999999997556 0
1.997708028804379 7.999999999968392 0
1.997708028804379 9.999999999961561 0
1.99770802880438 11.99999999995461 0
1.99770802880438 13.99999999994523 0
1.99770802880438 15.99999999993486 0
1.99770802880438 17.99999999992447 0
1.99770802880438 19.99999999991409 0
1.99770802880438 21.9999999999037 0
1.997708028804379 23.99999999989332 0
1.99770802880438 25.99999999988294 0
1.99770802880438 27.99999999987256 0
1.997708028804379 29.99999999986219 0
1.99770802880438 31.99999999985314 0
1.99770802880438 33.99999999984981 0
1.997708028804379 35.99999999984654 0
1.99770802880438 37.99999999984328 0
1.997708028804379 39.99999999983999 0
1.997708028804379 41.99999999983673 0
1.99770802880438 43.99999999983346 0
1.99770802880438 45.99999999983019 0
1.99770802880438 47.99999999982691 0
1.99770802880438 49.99999999982364 0
1.99770802880438 51.99999999982038 0
1.99770802880438 53.99999999981711 0
1.99770802880438 55.99999999981384 0
1.99770802880438 57.99999999981054 0
1.99770802880438 59.99999999980729 0
1.99770802880438 61.99999999980402 0
1.997708028804379 63.99999999980329 0
1.99770802880438 65.99999999981404 0
1.99770802880438 67.99999999982495 0
1.99770802880438 69.99999999983591 0
1.99770802880438 71.99999999984684 0
1.99770802880438 73.99999999985778 0
1.99770802880438 75.99999999986873 0
1.99770802880438 77.99999999987965 0
1.997708028804379 79.9999999998906 0
1.99770802880438 81.99999999990155 0
1.997708028804379 83.99999999991248 0
1.99770802880438 85.99999999992345 0
1.99770802880438 87.99999999993437 0
1.99770802880438 89.99999999994533 0
1.99770802880438 91.99999999995626 0
1.99770802880438 93.99999999996716 0
1.99770802880438 95.99999999997816 0
1.99770802880438 97.99999999998904 0
2.295829365217914 1.999999999992153 0
2.295829365217913 3.999999999984047 0
2.295829365217913 5.999999999975561 0
2.295829365217914 7.999999999968393 0
2.295829365217914 9.99999999996156 0
2.295829365217914 11.99999999995461 0
2.295829365217914 13.99999999994524 0
2.295829365217914 15.99999999993485 0
2.295829365217914 17.99999999992447 0
2.295829365217914 19.99999999991408 0
2.295829365217914 21.9999999999037 0
2.295829365217914 23.99999999989332 0
2.295829365217913 25.99999999988294 0
2.295829365217914 27.99999999987256 0
2.295829365217913 29.99999999986218 0
2.295829365217914 31.99999999985314 0
2.295829365217914 33.99999999984981 0
2.295829365217914 35.99999999984654 0
2.295829365217914 37.99999999984328 0
2.295829365217914 39.99999999983999 0
2.295829365217913 41.99999999983673 0
2.295829365217914 43.99999999983346 0
2.295829365217914 45.99999999983019 0
2.295829365217913 47.99999999982692 0
2.295829365217914 49.99999999982364 0
2.295829365217914 51.99999999982039 0
2.295829365217914 53.99999999981711 0
2.295829365217914 55.99999999981384 0
2.295829365217914 57.99999999981056 0
2.295829365217914 59.99999999980729 0
2.295829365217914 61.99999999980403 0
2.295829365217914 63.99999999980329 0
2.295829365217914 65.99999999981404 0
2.295829365217913 67.99999999982495 0
2.295829365217914 69.99999999983592 0
2.295829365217914 71.99999999984685 0
2.295829365217913 73.99999999985778 0
2.295829365217914 75.99999999986873 0
2.295829365217914 77.99999999987965 0
2.295829365217913 79.9999999998906 0
2.295829365217913 81.99999999990155 0
2.295829365217913 83.99999999991248 0
2.295829365217913 85.99999999992343 0
2.295829365217913 87.99999999993436 0
2.295829365217913 89.99999999994532 0
2.295829365217913 91.99999999995624 0
2.295829365217914 93.99999999996717 0
2.295829365217914 95.99999999997814 0
2.295829365217914 97.99999999998906 0
2.62507454985125 1.999999999992153 0
2.62507454985125 3.999999999984047 0
2.625074549851252 5.999999999975561 0
2.625074549851251 7.999999999968393 0
2.625074549851252 9.999999999961561 0
2.625074549851252 11.9999999999546 0
2.625074549851251 13.99999999994524 0
2.625074549851251 15.99999999993485 0
2.625074549851252 17.99999999992447 0
2.625074549851252 19.99999999991409 0
2.625074549851252 21.9999999999037 0
2.625074549851251 23.99999999989332 0
2.625074549851252 25.99999999988293 0
2.625074549851251 27.99999999987256 0
2.625074549851252 29.99999999986219 0
2.625074549851251 31.99999999985314 0
2.625074549851252 33.99999999984981 0
2.625074549851251 35.99999999984654 0
2.625074549851251 37.99999999984328 0
2.625074549851252 39.99999999983999 0
2.625074549851251 41.99999999983673 0
2.625074549851251 43.99999999983347 0
2.625074549851252 45.99999999983019 0
2.625074549851252 47.99999999982692 0
2.625074549851252 49.99999999982364 0
2.625074549851252 51.99999999982038 0
2.62507454985125 53.99999999981711 0
2.625074549851251 55.99999999981384 0
2.625074549851252 57.99999999981056 0
2.625074549851252 59.99999999980729 0
2.625074549851252 61.99999999980403 0
2.625074549851252 63.9999999998033 0
2.625074549851251 65.99999999981402 0
2.625074549851252 67.99999999982495 0
2.625074549851252 69.99999999983591 0
2.625074549851251 71.99999999984685 0
2.625074549851252 73.99999999985776 0
2.625074549851251 75.99999999986873 0
2.625074549851252 77.99999999987965 0
2.625074549851252 79.9999999998906 0
2.625074549851252 81.99999999990153 0
2.625074549851252 83.99999999991248 0
2.625074549851252 85.99999999992345 0
2.625074549851251 87.99999999993436 0
2.625074549851252 89.9999999999453 0
2.625074549851252 91.99999999995624 0
2.625074549851252 93.99999999996717 0
2.625074549851252 95.99999999997813 0
2.625074549851252 97.99999999998904 0
2.988692945236893 1.999999999992153 0
2.988692945236893 3.999999999984047 0
2.988692945236893 5.999999999975561 0
2.988692945236892 7.999999999968393 0
2.988692945236893 9.99999999996156 0
2.988692945236894 11.99999999995461 0
2.988692945236893 13.99999999994524 0
2.988692945236894 15.99999999993485 0
2.988692945236893 17.99999999992447 0
2.988692945236893 19.99999999991408 0
2.988692945236894 21.9999999999037 0
2.988692945236892 23.99999999989332 0
2.988692945236894 25.99999999988294 0
2.988692945236894 27.99999999987256 0
2.988692945236894 29.99999999986219 0
2.988692945236893 31.99999999985315 0
2.988692945236893 33.99999999984981 0
2.988692945236894 35.99999999984654 0
2.988692945236893 37.99999999984328 0
2.988692945236893 39.99999999983999 0
2.988692945236893 41.99999999983674 0
2.988692945236893 43.99999999983346 0
2.988692945236894 45.99999999983019 0
2.988692945236894 47.99999999982692 0
2.988692945236893 49.99999999982365 0
2.988692945236893 51.99999999982038 0
2.988692945236894 53.99999999981711 0
2.988692945236893 55.99999999981384 0
2.988692945236893 57.99999999981056 0
2.988692945236894 59.99999999980729 0
2.988692945236894 61.99999999980403 0
2.988692945236894 63.99999999980331 0
2.988692945236894 65.99999999981404 0
2.988692945236893 67.99999999982495 0
2.988692945236894 69.99999999983591 0
2.988692945236894 71.99999999984684 0
2.988692945236893 73.99999999985778 0
2.988692945236893 75.99999999986872 0
2.988692945236894 77.99999999987965 0
2.988692945236893 79.99999999989062 0
2.988692945236893 81.99999999990155 0
2.988692945236893 83.99999999991248 0
2.988692945236894 85.99999999992345 0
2.988692945236894 87.99999999993436 0
2.988692945236894 89.9999999999453 0
2.988692945236894 91.99999999995623 0
2.988692945236893 93.99999999996717 0
2.988692945236893 95.99999999997817 0
2.988692945236894 97.99999999998904 0
3.390273112270294 1.999999999992153 0
3.390273112270294 3.999999999984047 0
3.390273112270295 5.999999999975562 0
3.390273112270294 7.999999999968393 0
3.390273112270294 9.999999999961561 0
3.390273112270294 11.99999999995461 0
3.390273112270294 13.99999999994523 0
3.390273112270294 15.99999999993485 0
3.390273112270294 17.99999999992447 0
3.390273112270294 19.99999999991409 0
3.390273112270294 21.99999999990369 0
3.390273112270294 23.99999999989332 0
3.390273112270294 25.99999999988294 0
3.390273112270294 27.99999999987256 0
3.390273112270295 29.99999999986218 0
3.390273112270295 31.99999999985315 0
3.390273112270294 33.99999999984981 0
3.390273112270294 35.99999999984654 0
3.390273112270294 37.99999999984327 0
3.390273112270294 39.99999999984 0
3.390273112270294 41.99999999983673 0
3.390273112270294 43.99999999983347 0
3.390273112270294 45.99999999983019 0
3.390273112270294 47.99999999982693 0
3.390273112270294 49.99999999982365 0
3.390273112270294 51.99999999982038 0
3.390273112270294 53.99999999981711 0
3.390273112270294 55.99999999981384 0
3.390273112270295 57.99999999981056 0
3.390273112270295 59.99999999980728 0
3.390273112270294 61.99999999980403 0
3.390273112270294 63.99999999980329 0
3.390273112270294 65.99999999981404 0
3.390273112270295 67.99999999982495 0
3.390273112270294 69.99999999983591 0
3.390273112270294 71.99999999984685 0
3.390273112270294 73.99999999985778 0
3.390273112270294 75.99999999986873 0
3.390273112270294 77.99999999987965 0
3.390273112270294 79.9999999998906 0
3.390273112270293 81.99999999990155 0
3.390273112270294 83.99999999991246 0
3.390273112270294 85.99999999992345 0
3.390273112270294 87.99999999993436 0
3.390273112270294 89.99999999994529 0
3.390273112270294 91.99999999995623 0
3.390273112270294 93.99999999996717 0
3.390273112270294 95.99999999997812 0
3.390273112270294 97.99999999998906 0
3.833778222035726 1.999999999992152 0
3.833778222035727 3.999999999984047 0
3.833778222035726 5.999999999975561 0
3.833778222035725 7.999999999968392 0
3.833778222035725 9.999999999961561 0
3.833778222035726 11.9999999999546 0
3.833778222035725 13.99999999994524 0
3.833778222035726 15.99999999993485 0
3.833778222035725 17.99999999992447 0
3.833778222035725 19.99999999991409 0
3.833778222035725 21.9999999999037 0
3.833778222035725 23.99999999989332 0
3.833778222035725 25.99999999988293 0
3.833778222035725 27.99999999987256 0
3.833778222035726 29.99999999986219 0
3.833778222035725 31.99999999985314 0
3.833778222035726 33.99999999984981 0
3.833778222035725 35.99999999984654 0
3.833778222035726 37.99999999984328 0
3.833778222035725 39.99999999983999 0
3.833778222035726 41.99999999983674 0
3.833778222035727 43.99999999983347 0
3.833778222035725 45.99999999983019 0
3.833778222035726 47.99999999982692 0
3.833778222035726 49.99999999982364 0
3.833778222035726 51.99999999982038 0
3.833778222035726 53.99999999981711 0
3.833778222035726 55.99999999981384 0
3.833778222035727 57.99999999981056 0
3.833778222035725 59.99999999980729 0
3.833778222035727 61.99999999980403 0
3.833778222035725 63.99999999980329 0
3.833778222035726 65.99999999981404 0
3.833778222035727 67.99999999982495 0
3.833778222035726 69.99999999983592 0
3.833778222035726 71.99999999984685 0
3.833778222035725 73.99999999985778 0
3.833778222035725 75.99999999986873 0
3.833778222035727 77.99999999987966 0
3.833778222035727 79.99999999989062 0
3.833778222035726 81.99999999990153 0
3.833778222035726 83.99999999991248 0
3.833778222035725 85.99999999992345 0
3.833778222035726 87.99999999993435 0
3.833778222035726 89.9999999999453 0
3.833778222035725 91.99999999995624 0
3.833778222035727 93.99999999996717 0
3.833778222035726 95.99999999997812 0
3.833778222035726 97.99999999998904 0
4.323585253205374 1.999999999992153 0
4.323585253205372 3.999999999984047 0
4.323585253205373 5.999999999975561 0
4.323585253205374 7.999999999968393 0
4.323585253205373 9.99999999996156 0
4.323585253205373 11.99999999995461 0
4.323585253205372 13.99999999994524 0
4.323585253205373 15.99999999993485 0
4.323585253205372 17.99999999992447 0
4.323585253205373 19.99999999991408 0
4.323585253205372 21.9999999999037 0
4.323585253205373 23.99999999989332 0
4.323585253205373 25.99999999988294 0
4.323585253205373 27.99999999987256 0
4.323585253205373 29.99999999986219 0
4.323585253205373 31.99999999985314 0
4.323585253205371 33.99999999984981 0
4.323585253205373 35.99999999984654 0
4.323585253205372 37.99999999984327 0
4.323585253205372 39.99999999984 0
4.323585253205373 41.99999999983673 0
4.323585253205373 43.99999999983346 0
4.323585253205373 45.99999999983019 0
4.323585253205373 47.99999999982693 0
4.323585253205373 49.99999999982364 0
4.323585253205372 51.99999999982038 0
4.323585253205373 53.99999999981711 0
4.323585253205373 55.99999999981385 0
4.323585253205373 57.99999999981056 0
4.323585253205373 59.99999999980729 0
4.323585253205373 61.99999999980403 0
4.323585253205373 63.9999999998033 0
4.323585253205373 65.99999999981404 0
4.323585253205372 67.99999999982495 0
4.323585253205373 69.99999999983591 0
4.323585253205373 71.99999999984684 0
4.323585253205373 73.99999999985776 0
4.323585253205372 75.99999999986872 0
4.323585253205373 77.99999999987965 0
4.323585253205374 79.9999999998906 0
4.323585253205373 81.99999999990155 0
4.323585253205373 83.99999999991246 0
4.323585253205373 85.99999999992343 0
4.323585253205372 87.99999999993436 0
4.323585253205373 89.9999999999453 0
4.323585253205373 91.99999999995624 0
4.323585253205373 93.99999999996717 0
4.323585253205372 95.99999999997813 0
4.323585253205372 97.99999999998904 0
4.864528162057926 1.999999999992153 0
4.864528162057924 3.999999999984047 0
4.864528162057926 5.999999999975561 0
4.864528162057923 7.999999999968392 0
4.864528162057923 9.99999999996156 0
4.864528162057926 11.9999999999546 0
4.864528162057924 13.99999999994524 0
4.864528162057925 15.99999999993485 0
4.864528162057923 17.99999999992447 0
4.864528162057924 19.99999999991408 0
4.864528162057924 21.9999999999037 0
4.864528162057924 23.99999999989332 0
4.864528162057923 25.99999999988293 0
4.864528162057926 27.99999999987256 0
4.864528162057925 29.99999999986219 0
4.864528162057924 31.99999999985314 0
4.864528162057927 33.99999999984981 0
4.864528162057925 35.99999999984655 0
4.864528162057924 37.99999999984328 0
4.864528162057925 39.99999999983999 0
4.864528162057924 41.99999999983673 0
4.864528162057924 43.99999999983346 0
4.864528162057924 45.99999999983019 0
4.864528162057924 47.99999999982692 0
4.864528162057924 49.99999999982365 0
4.864528162057924 51.99999999982039 0
4.864528162057924 53.99999999981711 0
4.864528162057925 55.99999999981385 0
4.864528162057923 57.99999999981054 0
4.864528162057924 59.9999999998073 0
4.864528162057924 61.99999999980403 0
4.864528162057924 63.99999999980329 0
4.864528162057923 65.99999999981404 0
4.864528162057926 67.99999999982494 0
4.864528162057924 69.99999999983591 0
4.864528162057923 71.99999999984684 0
4.864528162057925 73.99999999985778 0
4.864528162057925 75.99999999986872 0
4.864528162057924 77.99999999987965 0
4.864528162057926 79.9999999998906 0
4.864528162057924 81.99999999990155 0
4.864528162057924 83.99999999991248 0
4.864528162057924 85.99999999992345 0
4.864528162057924 87.99999999993435 0
4.864528162057923 89.9999999999453 0
4.864528162057924 91.99999999995624 0
4.864528162057924 93.99999999996717 0
4.864528162057924 95.99999999997813 0
4.864528162057923 97.99999999998906 0
5.461945516804475 1.999999999992153 0
5.461945516804475 3.999999999984047 0
5.461945516804475 5.999999999975561 0
5.461945516804475 7.999999999968393 0
5.461945516804475 9.999999999961561 0
5.461945516804475 11.99999999995461 0
5.461945516804474 13.99999999994524 0
5.461945516804475 15.99999999993485 0
5.461945516804474 17.99999999992447 0
5.461945516804475 19.99999999991408 0
5.461945516804475 21.9999999999037 0
5.461945516804474 23.99999999989332 0
5.461945516804477 25.99999999988294 0
5.461945516804475 27.99999999987256 0
5.461945516804475 29.99999999986219 0
5.461945516804476 31.99999999985314 0
5.461945516804476 33.99999999984982 0
5.461945516804476 35.99999999984655 0
5.461945516804475 37.99999999984328 0
5.461945516804477 39.99999999983999 0
5.461945516804476 41.99999999983674 0
5.461945516804475 43.99999999983346 0
5.461945516804474 45.99999999983019 0
5.461945516804476 47.99999999982692 0
5.461945516804475 49.99999999982365 0
5.461945516804476 51.99999999982039 0
5.461945516804475 53.99999999981711 0
5.461945516804475 55.99999999981385 0
5.461945516804476 57.99999999981056 0
5.461945516804475 59.99999999980729 0
5.461945516804475 61.99999999980403 0
5.461945516804475 63.9999999998033 0
5.461945516804476 65.99999999981404 0
5.461945516804475 67.99999999982495 0
5.461945516804475 69.99999999983591 0
5.461945516804475 71.99999999984684 0
5.461945516804476 73.99999999985778 0
5.461945516804475 75.99999999986871 0
5.461945516804476 77.99999999987965 0
5.461945516804475 79.9999999998906 0
5.461945516804476 81.99999999990155 0
5.461945516804477 83.99999999991248 0
5.461945516804476 85.99999999992343 0
5.461945516804476 87.99999999993436 0
5.461945516804476 89.9999999999453 0
5.461945516804475 91.99999999995624 0
5.461945516804475 93.99999999996717 0
5.461945516804475 95.99999999997813 0
5.461945516804475 97.99999999998906 0
6.121733228318134 1.999999999992153 0
6.121733228318135 3.999999999984047 0
6.121733228318136 5.999999999975561 0
6.121733228318134 7.999999999968392 0
6.121733228318134 9.99999999996156 0
6.121733228318136 11.99999999995461 0
6.121733228318136 13.99999999994524 0
6.121733228318135 15.99999999993485 0
6.121733228318137 17.99999999992447 0
6.121733228318137 19.99999999991408 0
6.121733228318135 21.9999999999037 0
6.121733228318136 23.99999999989332 0
6.121733228318134 25.99999999988294 0
6.121733228318134 27.99999999987256 0
6.121733228318134 29.99999999986219 0
6.121733228318134 31.99999999985314 0
6.121733228318134 33.99999999984981 0
6.121733228318136 35.99999999984654 0
6.121733228318135 37.99999999984328 0
6.121733228318135 39.99999999984 0
6.121733228318134 41.99999999983673 0
6.121733228318134 43.99999999983346 0
6.121733228318135 45.9999999998302 0
6.121733228318137 47.99999999982692 0
6.121733228318135 49.99999999982364 0
6.121733228318135 51.99999999982039 0
6.121733228318136 53.99999999981711 0
6.121733228318134 55.99999999981384 0
6.121733228318136 57.99999999981056 0
6.121733228318133 59.99999999980729 0
6.121733228318135 61.99999999980403 0
6.121733228318134 63.99999999980329 0
6.121733228318135 65.99999999981404 0
6.121733228318134 67.99999999982495 0
6.121733228318135 69.99999999983592 0
6.121733228318134 71.99999999984684 0
6.121733228318135 73.99999999985778 0
6.121733228318136 75.99999999986873 0
6.121733228318135 77.99999999987965 0
6.121733228318135 79.9999999998906 0
6.121733228318134 81.99999999990155 0
6.121733228318134 83.99999999991248 0
6.121733228318135 85.99999999992345 0
6.121733228318135 87.99999999993432 0
6.121733228318134 89.9999999999453 0
6.121733228318135 91.99999999995624 0
6.121733228318135 93.99999999996716 0
6.121733228318135 95.99999999997813 0
6.121733228318134 97.99999999998904 0
6.850402791143719 1.999999999992153 0
6.85040279114372 3.999999999984047 0
6.850402791143717 5.999999999975561 0
6.850402791143722 7.999999999968393 0
6.850402791143721 9.99999999996156 0
6.850402791143719 11.99999999995461 0
6.850402791143722 13.99999999994524 0
6.850402791143721 15.99999999993485 0
6.85040279114372 17.99999999992447 0
6.85040279114372 19.99999999991408 0
6.85040279114372 21.99999999990371 0
6.850402791143722 23.99999999989332 0
6.85040279114372 25.99999999988293 0
6.85040279114372 27.99999999987256 0
6.850402791143719 29.99999999986218 0
6.85040279114372 31.99999999985315 0
6.850402791143718 33.99999999984981 0
6.85040279114372 35.99999999984654 0
6.850402791143721 37.99999999984328 0
6.85040279114372 39.99999999984 0
6.85040279114372 41.99999999983673 0
6.850402791143719 43.99999999983346 0
6.850402791143718 45.99999999983019 0
6.850402791143719 47.99999999982693 0
6.850402791143719 49.99999999982364 0
6.85040279114372 51.9999999998204 0
6.85040279114372 53.99999999981711 0
6.85040279114372 55.99999999981384 0
6.850402791143719 57.99999999981056 0
6.85040279114372 59.99999999980731 0
6.850402791143722 61.99999999980403 0
6.850402791143721 63.99999999980331 0
6.85040279114372 65.99999999981404 0
6.850402791143718 67.99999999982495 0
6.850402791143723 69.99999999983591 0
6.850402791143718 71.99999999984684 0
6.850402791143721 73.99999999985778 0
6.850402791143718 75.99999999986875 0
6.85040279114372 77.99999999987965 0
6.85040279114372 79.9999999998906 0
6.850402791143719 81.99999999990155 0
6.850402791143719 83.99999999991249 0
6.85040279114372 85.99999999992342 0
6.85040279114372 87.99999999993435 0
6.85040279114372 89.9999999999453 0
6.85040279114372 91.99999999995623 0
6.850402791143719 93.99999999996716 0
6.85040279114372 95.99999999997816 0
6.85040279114372 97.99999999998906 0
7.65514547311145 1.999999999992153 0
7.65514547311145 3.999999999984047 0
7.655145473111451 5.999999999975561 0
7.655145473111453 7.999999999968392 0
7.65514547311145 9.999999999961561 0
7.655145473111451 11.99999999995461 0
7.655145473111451 13.99999999994523 0
7.655145473111451 15.99999999993485 0
7.655145473111452 17.99999999992447 0
7.655145473111451 19.99999999991408 0
7.655145473111451 21.99999999990369 0
7.655145473111451 23.99999999989332 0
7.655145473111452 25.99999999988294 0
7.655145473111452 27.99999999987256 0
7.655145473111451 29.99999999986218 0
7.655145473111451 31.99999999985315 0
7.655145473111451 33.99999999984982 0
7.655145473111452 35.99999999984654 0
7.655145473111451 37.99999999984328 0
7.65514547311145 39.99999999984 0
7.655145473111452 41.99999999983674 0
7.655145473111451 43.99999999983346 0
7.655145473111452 45.99999999983019 0
7.655145473111451 47.99999999982693 0
7.655145473111452 49.99999999982365 0
7.655145473111452 51.99999999982039 0
7.655145473111451 53.99999999981711 0
7.655145473111452 55.99999999981384 0
7.655145473111452 57.99999999981056 0
7.65514547311145 59.99999999980729 0
7.655145473111451 61.99999999980403 0
7.655145473111451 63.99999999980329 0
7.65514547311145 65.99999999981404 0
7.655145473111452 67.99999999982495 0
7.655145473111453 69.99999999983591 0
7.655145473111452 71.99999999984685 0
7.655145473111451 73.99999999985778 0
7.655145473111451 75.99999999986873 0
7.655145473111452 77.99999999987963 0
7.655145473111452 79.9999999998906 0
7.655145473111452 81.99999999990155 0
7.655145473111452 83.99999999991248 0
7.655145473111452 85.99999999992343 0
7.655145473111452 87.99999999993436 0
7.655145473111452 89.99999999994529 0
7.655145473111453 91.99999999995624 0
7.655145473111451 93.99999999996717 0
7.655145473111452 95.99999999997814 0
7.655145473111452 97.99999999998906 0
8.543903287475588 1.999999999992153 0
8.543903287475592 3.999999999984047 0
8.543903287475592 5.99999999997556 0
8.543903287475587 7.999999999968393 0
8.543903287475588 9.99999999996156 0
8.543903287475587 11.99999999995461 0
8.543903287475588 13.99999999994524 0
8.543903287475592 15.99999999993486 0
8.54390328747559 17.99999999992447 0
8.543903287475594 19.99999999991408 0
8.543903287475592 21.9999999999037 0
8.54390328747559 23.99999999989332 0
8.54390328747559 25.99999999988294 0
8.54390328747559 27.99999999987256 0
8.543903287475592 29.99999999986218 0
8.543903287475592 31.99999999985315 0
8.543903287475588 33.99999999984981 0
8.543903287475592 35.99999999984654 0
8.54390328747559 37.99999999984328 0
8.543903287475588 39.99999999983999 0
8.543903287475592 41.99999999983673 0
8.543903287475592 43.99999999983346 0
8.543903287475588 45.99999999983019 0
8.543903287475587 47.99999999982692 0
8.543903287475588 49.99999999982364 0
8.54390328747559 51.9999999998204 0
8.543903287475592 53.99999999981711 0
8.543903287475592 55.99999999981387 0
8.543903287475592 57.99999999981056 0
8.543903287475592 59.9999999998073 0
8.543903287475592 61.99999999980403 0
8.543903287475592 63.99999999980329 0
8.543903287475594 65.99999999981404 0
8.543903287475592 67.99999999982494 0
8.543903287475592 69.99999999983591 0
8.543903287475592 71.99999999984684 0
8.543903287475592 73.99999999985778 0
8.543903287475592 75.99999999986872 0
8.543903287475592 77.99999999987965 0
8.543903287475588 79.99999999989062 0
8.543903287475594 81.99999999990155 0
8.543903287475592 83.99999999991246 0
8.543903287475592 85.99999999992342 0
8.543903287475588 87.99999999993435 0
8.54390328747559 89.9999999999453 0
8.543903287475592 91.99999999995626 0
8.543903287475592 93.99999999996716 0
8.543903287475592 95.99999999997814 0
8.54390328747559 97.99999999998904 0
9.525447391825505 1.999999999992153 0
9.525447391825507 3.999999999984047 0
9.525447391825509 5.999999999975562 0
9.525447391825505 7.999999999968392 0
9.525447391825505 9.999999999961561 0
9.525447391825505 11.9999999999546 0
9.525447391825505 13.99999999994524 0
9.525447391825502 15.99999999993485 0
9.525447391825505 17.99999999992447 0
9.525447391825505 19.99999999991408 0
9.525447391825507 21.9999999999037 0
9.525447391825505 23.99999999989332 0
9.525447391825505 25.99999999988294 0
9.525447391825507 27.99999999987256 0
9.525447391825505 29.99999999986219 0
9.525447391825507 31.99999999985314 0
9.525447391825505 33.99999999984981 0
9.525447391825505 35.99999999984654 0
9.525447391825505 37.99999999984328 0
9.525447391825507 39.99999999983999 0
9.525447391825507 41.99999999983673 0
9.525447391825505 43.99999999983346 0
9.525447391825507 45.99999999983019 0
9.525447391825505 47.99999999982691 0
9.525447391825507 49.99999999982365 0
9.525447391825505 51.99999999982037 0
9.525447391825505 53.99999999981711 0
9.525447391825507 55.99999999981384 0
9.525447391825507 57.99999999981056 0
9.525447391825507 59.99999999980729 0
9.525447391825505 61.99999999980403 0
9.525447391825507 63.9999999998033 0
9.525447391825505 65.99999999981404 0
9.525447391825507 67.99999999982495 0
9.525447391825507 69.99999999983591 0
9.525447391825505 71.99999999984684 0
9.525447391825507 73.99999999985778 0
9.525447391825507 75.99999999986873 0
9.525447391825505 77.99999999987966 0
9.525447391825505 79.9999999998906 0
9.525447391825507 81.99999999990155 0
9.525447391825507 83.99999999991243 0
9.525447391825505 85.99999999992343 0
9.525447391825505 87.99999999993435 0
9.525447391825507 89.99999999994532 0
9.525447391825505 91.99999999995624 0
9.525447391825505 93.99999999996717 0
9.525447391825507 95.99999999997813 0
9.525447391825507 97.99999999998906 0
10.60946467509179 1.999999999992153 0
10.6094646750918 3.999999999984047 0
10.6094646750918 5.999999999975561 0
10.60946467509179 7.999999999968392 0
10.6094646750918 9.99999999996156 0
10.60946467509179 11.99999999995461 0
10.6094646750918 13.99999999994524 0
10.6094646750918 15.99999999993485 0
10.6094646750918 17.99999999992447 0
10.6094646750918 19.99999999991409 0
10.6094646750918 21.9999999999037 0
10.6094646750918 23.99999999989332 0
10.60946467509179 25.99999999988294 0
10.6094646750918 27.99999999987256 0
10.6094646750918 29.99999999986218 0
10.6094646750918 31.99999999985314 0
10.6094646750918 33.99999999984982 0
10.60946467509179 35.99999999984655 0
10.6094646750918 37.99999999984328 0
10.6094646750918 39.99999999984 0
10.6094646750918 41.99999999983673 0
10.6094646750918 43.99999999983346 0
10.6094646750918 45.99999999983019 0
10.6094646750918 47.99999999982692 0
10.6094646750918 49.99999999982364 0
10.60946467509179 51.99999999982038 0
10.6094646750918 53.99999999981711 0
10.6094646750918 55.99999999981384 0
10.6094646750918 57.99999999981056 0
10.60946467509179 59.99999999980729 0
10.6094646750918 61.99999999980405 0
10.6094646750918 63.9999999998033 0
10.6094646750918 65.99999999981404 0
10.6094646750918 67.99999999982495 0
10.6094646750918 69.99999999983591 0
10.6094646750918 71.99999999984684 0
10.60946467509179 73.99999999985778 0
10.60946467509179 75.99999999986872 0
10.60946467509179 77.99999999987966 0
10.6094646750918 79.9999999998906 0
10.60946467509179 81.99999999990155 0
10.6094646750918 83.99999999991248 0
10.6094646750918 85.99999999992345 0
10.6094646750918 87.99999999993436 0
10.6094646750918 89.9999999999453 0
10.6094646750918 91.99999999995624 0
10.6094646750918 93.99999999996717 0
10.6094646750918 95.99999999997813 0
10.6094646750918 97.99999999998906 0
11.80665338907409 1.999999999992153 0
11.80665338907409 3.999999999984047 0
11.80665338907409 5.999999999975561 0
11.80665338907409 7.999999999968395 0
11.80665338907409 9.99999999996156 0
11.80665338907409 11.99999999995461 0
11.80665338907409 13.99999999994524 0
11.8066533890741 15.99999999993485 0
11.80665338907409 17.99999999992447 0
11.80665338907409 19.99999999991408 0
11.80665338907409 21.99999999990371 0
11.80665338907409 23.99999999989332 0
11.80665338907409 25.99999999988293 0
11.80665338907409 27.99999999987256 0
11.80665338907409 29.99999999986219 0
11.80665338907409 31.99999999985315 0
11.80665338907409 33.99999999984981 0
11.8066533890741 35.99999999984654 0
11.80665338907409 37.99999999984328 0
11.80665338907409 39.99999999984 0
11.80665338907409 41.99999999983673 0
11.80665338907409 43.99999999983346 0
11.80665338907409 45.99999999983019 0
11.80665338907409 47.99999999982691 0
11.80665338907409 49.99999999982364 0
11.80665338907409 51.99999999982039 0
11.80665338907409 53.9999999998171 0
11.80665338907409 55.99999999981385 0
11.80665338907409 57.99999999981055 0
11.80665338907409 59.9999999998073 0
11.80665338907409 61.99999999980403 0
11.80665338907409 63.9999999998033 0
11.8066533890741 65.99999999981404 0
11.80665338907409 67.99999999982495 0
11.80665338907409 69.99999999983591 0
11.8066533890741 71.99999999984684 0
11.80665338907409 73.99999999985776 0
11.80665338907409 75.99999999986872 0
11.8066533890741 77.99999999987966 0
11.80665338907409 79.9999999998906 0
11.80665338907409 81.99999999990155 0
11.80665338907409 83.99999999991248 0
11.80665338907409 85.99999999992343 0
11.80665338907409 87.99999999993435 0
11.80665338907409 89.9999999999453 0
11.80665338907409 91.99999999995624 0
11.80665338907409 93.99999999996717 0
11.80665338907409 95.99999999997817 0
11.80665338907409 97.99999999998904 0
13.12882862242629 1.999999999992153 0
13.12882862242629 3.999999999984047 0
13.12882862242629 5.999999999975561 0
13.12882862242629 7.999999999968392 0
13.12882862242629 9.999999999961561 0
13.12882862242629 11.9999999999546 0
13.12882862242629 13.99999999994523 0
13.12882862242629 15.99999999993485 0
13.12882862242629 17.99999999992447 0
13.12882862242629 19.99999999991408 0
13.12882862242629 21.9999999999037 0
13.12882862242629 23.99999999989332 0
13.12882862242629 25.99999999988294 0
13.12882862242629 27.99999999987256 0
13.12882862242629 29.99999999986219 0
13.12882862242629 31.99999999985314 0
13.12882862242629 33.99999999984982 0
13.12882862242629 35.99999999984654 0
13.12882862242629 37.99999999984328 0
13.12882862242629 39.99999999984 0
13.12882862242629 41.99999999983673 0
13.12882862242629 43.99999999983346 0
13.12882862242629 45.9999999998302 0
13.12882862242629 47.9999999998269 0
13.12882862242629 49.99999999982365 0
13.12882862242629 51.99999999982039 0
13.12882862242629 53.99999999981711 0
13.12882862242629 55.99999999981385 0
13.12882862242629 57.99999999981056 0
13.12882862242629 59.99999999980729 0
13.12882862242629 61.99999999980402 0
13.12882862242629 63.99999999980329 0
13.12882862242629 65.99999999981404 0
13.12882862242629 67.99999999982495 0
13.12882862242629 69.99999999983591 0
13.12882862242629 71.99999999984684 0
13.12882862242629 73.99999999985778 0
13.12882862242629 75.99999999986873 0
13.12882862242629 77.99999999987963 0
13.12882862242629 79.99999999989062 0
13.12882862242629 81.99999999990155 0
13.12882862242629 83.99999999991249 0
13.12882862242629 85.99999999992345 0
13.12882862242629 87.99999999993437 0
13.12882862242629 89.99999999994529 0
13.12882862242629 91.99999999995624 0
13.12882862242629 93.99999999996717 0
13.12882862242629 95.99999999997813 0
13.12882862242629 97.99999999998906 0
14.58903893021045 1.999999999992153 0
14.58903893021044 3.999999999984047 0
14.58903893021045 5.999999999975561 0
14.58903893021044 7.999999999968392 0
14.58903893021044 9.999999999961561 0
14.58903893021044 11.99999999995461 0
14.58903893021045 13.99999999994523 0
14.58903893021045 15.99999999993485 0
14.58903893021045 17.99999999992447 0
14.58903893021045 19.99999999991409 0
14.58903893021044 21.9999999999037 0
14.58903893021044 23.99999999989332 0
14.58903893021045 25.99999999988293 0
14.58903893021044 27.99999999987256 0
14.58903893021044 29.99999999986218 0
14.58903893021044 31.99999999985315 0
14.58903893021044 33.99999999984981 0
14.58903893021044 35.99999999984654 0
14.58903893021045 37.99999999984327 0
14.58903893021044 39.99999999984 0
14.58903893021044 41.99999999983673 0
14.58903893021044 43.99999999983346 0
14.58903893021045 45.99999999983019 0
14.58903893021045 47.9999999998269 0
14.58903893021044 49.99999999982364 0
14.58903893021044 51.99999999982038 0
14.58903893021044 53.9999999998171 0
14.58903893021045 55.99999999981384 0
14.58903893021045 57.99999999981056 0
14.58903893021045 59.99999999980729 0
14.58903893021044 61.99999999980403 0
14.58903893021044 63.9999999998033 0
14.58903893021045 65.99999999981404 0
14.58903893021044 67.99999999982494 0
14.58903893021044 69.99999999983591 0
14.58903893021044 71.99999999984685 0
14.58903893021044 73.99999999985778 0
14.58903893021044 75.99999999986872 0
14.58903893021044 77.99999999987966 0
14.58903893021044 79.9999999998906 0
14.58903893021045 81.99999999990155 0
14.58903893021044 83.99999999991248 0
14.58903893021044 85.99999999992345 0
14.58903893021044 87.99999999993436 0
14.58903893021044 89.9999999999453 0
14.58903893021044 91.99999999995624 0
14.58903893021044 93.99999999996717 0
14.58903893021044 95.99999999997814 0
14.58903893021044 97.99999999998906 0
16.20169518749804 1.999999999992153 0
16.20169518749804 3.999999999984047 0
16.20169518749804 5.999999999975562 0
16.20169518749804 7.999999999968392 0
16.20169518749804 9.99999999996156 0
16.20169518749804 11.99999999995461 0
16.20169518749804 13.99999999994523 0
16.20169518749804 15.99999999993485 0
16.20169518749804 17.99999999992447 0
16.20169518749804 19.99999999991408 0
16.20169518749804 21.9999999999037 0
16.20169518749804 23.99999999989332 0
16.20169518749804 25.99999999988294 0
16.20169518749804 27.99999999987256 0
16.20169518749804 29.99999999986219 0
16.20169518749804 31.99999999985315 0
16.20169518749804 33.99999999984981 0
16.20169518749804 35.99999999984654 0
16.20169518749804 37.99999999984328 0
16.20169518749804 39.99999999984 0
16.20169518749804 41.99999999983673 0
16.20169518749804 43.99999999983347 0
16.20169518749804 45.99999999983019 0
16.20169518749804 47.99999999982693 0
16.20169518749804 49.99999999982364 0
16.20169518749804 51.99999999982037 0
16.20169518749804 53.99999999981711 0
16.20169518749804 55.99999999981384 0
16.20169518749804 57.99999999981056 0
16.20169518749804 59.99999999980729 0
16.20169518749804 61.99999999980402 0
16.20169518749804 63.9999999998033 0
16.20169518749804 65.99999999981404 0
16.20169518749804 67.99999999982495 0
16.20169518749804 69.99999999983592 0
16.20169518749804 71.99999999984684 0
16.20169518749804 73.99999999985778 0
16.20169518749804 75.99999999986871 0
16.20169518749804 77.99999999987963 0
16.20169518749804 79.9999999998906 0
16.20169518749804 81.99999999990155 0
16.20169518749804 83.99999999991248 0
16.20169518749804 85.99999999992345 0
16.20169518749804 87.99999999993433 0
16.20169518749804 89.9999999999453 0
16.20169518749804 91.99999999995623 0
16.20169518749804 93.99999999996717 0
16.20169518749804 95.99999999997812 0
16.20169518749804 97.99999999998906 0
17.98271275760416 1.999999999992152 0
17.98271275760416 3.999999999984047 0
17.98271275760416 5.999999999975561 0
17.98271275760416 7.999999999968392 0
17.98271275760416 9.99999999996156 0
17.98271275760416 11.99999999995461 0
17.98271275760416 13.99999999994524 0
17.98271275760416 15.99999999993485 0
17.98271275760416 17.99999999992447 0
17.98271275760416 19.99999999991408 0
17.98271275760416 21.9999999999037 0
17.98271275760416 23.99999999989332 0
17.98271275760416 25.99999999988294 0
17.98271275760416 27.99999999987256 0
17.98271275760416 29.99999999986219 0
17.98271275760416 31.99999999985314 0
17.98271275760416 33.99999999984981 0
17.98271275760416 35.99999999984654 0
17.98271275760417 37.99999999984328 0
17.98271275760417 39.99999999984 0
17.98271275760416 41.99999999983673 0
17.98271275760416 43.99999999983346 0
17.98271275760416 45.99999999983019 0
17.98271275760416 47.99999999982691 0
17.98271275760416 49.99999999982365 0
17.98271275760416 51.9999999998204 0
17.98271275760416 53.99999999981711 0
17.98271275760416 55.99999999981384 0
17.98271275760416 57.99999999981056 0
17.98271275760416 59.99999999980729 0
17.98271275760416 61.99999999980403 0
17.98271275760416 63.99999999980329 0
17.98271275760416 65.99999999981404 0
17.98271275760416 67.99999999982495 0
17.98271275760416 69.99999999983591 0
17.98271275760416 71.99999999984684 0
17.98271275760416 73.99999999985778 0
17.98271275760416 75.99999999986872 0
17.98271275760416 77.99999999987965 0
17.98271275760416 79.9999999998906 0
17.98271275760416 81.99999999990155 0
17.98271275760416 83.99999999991248 0
17.98271275760416 85.99999999992343 0
17.98271275760416 87.99999999993436 0
17.98271275760416 89.99999999994532 0
17.98271275760416 91.99999999995623 0
17.98271275760416 93.99999999996717 0
17.98271275760416 95.99999999997814 0
17.98271275760416 97.99999999998904 0
19.94966855156224 1.999999999992153 0
19.94966855156224 3.999999999984047 0
19.94966855156224 5.999999999975561 0
19.94966855156224 7.999999999968392 0
19.94966855156224 9.99999999996156 0
19.94966855156225 11.9999999999546 0
19.94966855156225 13.99999999994523 0
19.94966855156224 15.99999999993485 0
19.94966855156224 17.99999999992447 0
19.94966855156224 19.99999999991408 0
19.94966855156224 21.9999999999037 0
19.94966855156224 23.99999999989332 0
19.94966855156225 25.99999999988294 0
19.94966855156224 27.99999999987256 0
19.94966855156225 29.99999999986218 0
19.94966855156225 31.99999999985314 0
19.94966855156224 33.99999999984981 0
19.94966855156224 35.99999999984655 0
19.94966855156225 37.99999999984327 0
19.94966855156225 39.99999999984 0
19.94966855156223 41.99999999983673 0
19.94966855156225 43.99999999983347 0
19.94966855156224 45.99999999983019 0
19.94966855156224 47.9999999998269 0
19.94966855156225 49.99999999982364 0
19.94966855156224 51.99999999982037 0
19.94966855156224 53.99999999981711 0
19.94966855156224 55.99999999981384 0
19.94966855156224 57.99999999981056 0
19.94966855156224 59.99999999980729 0
19.94966855156224 61.99999999980402 0
19.94966855156224 63.99999999980328 0
19.94966855156224 65.99999999981404 0
19.94966855156224 67.99999999982495 0
19.94966855156224 69.99999999983592 0
19.94966855156224 71.99999999984684 0
19.94966855156224 73.99999999985778 0
19.94966855156224 75.99999999986872 0
19.94966855156224 77.99999999987963 0
19.94966855156224 79.9999999998906 0
19.94966855156224 81.99999999990155 0
19.94966855156224 83.99999999991248 0
19.94966855156224 85.99999999992345 0
19.94966855156224 87.99999999993435 0
19.94966855156224 89.99999999994529 0
19.94966855156224 91.99999999995622 0
19.94966855156224 93.99999999996717 0
19.94966855156224 95.9999999999781 0
19.94966855156224 97.99999999998906 0
22.12197455966955 1.999999999992153 0
22.12197455966955 3.999999999984047 0
22.12197455966955 5.999999999975561 0
22.12197455966955 7.999999999968392 0
22.12197455966955 9.99999999996156 0
22.12197455966955 11.9999999999546 0
22.12197455966955 13.99999999994524 0
22.12197455966955 15.99999999993485 0
22.12197455966955 17.99999999992447 0
22.12197455966955 19.99999999991409 0
22.12197455966955 21.9999999999037 0
22.12197455966955 23.99999999989332 0
22.12197455966955 25.99999999988294 0
22.12197455966955 27.99999999987256 0
22.12197455966954 29.99999999986218 0
22.12197455966954 31.99999999985314 0
22.12197455966955 33.99999999984981 0
22.12197455966955 35.99999999984654 0
22.12197455966954 37.99999999984328 0
22.12197455966955 39.99999999984 0
22.12197455966955 41.99999999983673 0
22.12197455966955 43.99999999983346 0
22.12197455966955 45.99999999983019 0
22.12197455966955 47.99999999982691 0
22.12197455966955 49.99999999982364 0
22.12197455966955 51.99999999982039 0
22.12197455966955 53.99999999981711 0
22.12197455966955 55.99999999981385 0
22.12197455966954 57.99999999981056 0
22.12197455966955 59.9999999998073 0
22.12197455966955 61.99999999980402 0
22.12197455966955 63.99999999980329 0
22.12197455966955 65.99999999981404 0
22.12197455966955 67.99999999982495 0
22.12197455966955 69.99999999983591 0
22.12197455966955 71.99999999984684 0
22.12197455966955 73.99999999985778 0
22.12197455966955 75.99999999986872 0
22.12197455966955 77.99999999987966 0
22.12197455966955 79.9999999998906 0
22.12197455966955 81.99999999990155 0
22.12197455966955 83.99999999991248 0
22.12197455966955 85.99999999992343 0
22.12197455966955 87.99999999993436 0
22.12197455966955 89.99999999994529 0
22.12197455966955 91.99999999995623 0
22.12197455966955 93.99999999996717 0
22.12197455966955 95.99999999997814 0
22.12197455966955 97.99999999998906 0
24.52106930514993 1.999999999992153 0
24.52106930514993 3.999999999984047 0
24.52106930514993 5.999999999975561 0
24.52106930514993 7.999999999968392 0
24.52106930514992 9.99999999996156 0
24.52106930514993 11.99999999995461 0
24.52106930514993 13.99999999994524 0
24.52106930514991 15.99999999993485 0
24.52106930514992 17.99999999992447 0
24.52106930514993 19.99999999991408 0
24.52106930514993 21.9999999999037 0
24.52106930514993 23.99999999989332 0
24.52106930514993 25.99999999988294 0
24.52106930514992 27.99999999987256 0
24.52106930514993 29.99999999986219 0
24.52106930514993 31.99999999985314 0
24.52106930514993 33.99999999984981 0
24.52106930514992 35.99999999984654 0
24.52106930514993 37.99999999984328 0
24.52106930514993 39.99999999984 0
24.52106930514993 41.99999999983673 0
24.52106930514993 43.99999999983346 0
24.52106930514993 45.99999999983019 0
24.52106930514993 47.99999999982692 0
24.52106930514993 49.99999999982364 0
24.52106930514993 51.99999999982038 0
24.52106930514992 53.99999999981711 0
24.52106930514993 55.99999999981384 0
24.52106930514993 57.99999999981056 0
24.52106930514993 59.99999999980729 0
24.52106930514992 61.99999999980403 0
24.52106930514993 63.9999999998033 0
24.52106930514993 65.99999999981404 0
24.52106930514991 67.99999999982495 0
24.52106930514993 69.99999999983591 0
24.52106930514992 71.99999999984684 0
24.52106930514993 73.99999999985778 0
24.52106930514993 75.99999999986873 0
24.52106930514993 77.99999999987966 0
24.52106930514993 79.9999999998906 0
24.52106930514993 81.99999999990155 0
24.52106930514993 83.99999999991248 0
24.52106930514993 85.99999999992343 0
24.52106930514993 87.99999999993435 0
24.52106930514993 89.99999999994532 0
24.52106930514993 91.99999999995623 0
24.52106930514993 93.99999999996717 0
24.52106930514993 95.99999999997814 0
24.52106930514993 97.99999999998906 0
27.17062952789432 1.999999999992154 0
27.17062952789431 3.999999999984047 0
27.17062952789432 5.999999999975561 0
27.17062952789432 7.999999999968393 0
27.17062952789433 9.99999999996156 0
27.17062952789432 11.9999999999546 0
27.17062952789432 13.99999999994524 0
27.17062952789432 15.99999999993485 0
27.17062952789432 17.99999999992447 0
27.17062952789432 19.99999999991409 0
27.17062952789432 21.9999999999037 0
27.17062952789433 23.99999999989332 0
27.17062952789433 25.99999999988294 0
27.17062952789433 27.99999999987256 0
27.17062952789433 29.99999999986219 0
27.17062952789433 31.99999999985314 0
27.17062952789433 33.99999999984981 0
27.17062952789432 35.99999999984655 0
27.17062952789432 37.99999999984328 0
27.17062952789432 39.99999999984 0
27.17062952789432 41.99999999983673 0
27.17062952789433 43.99999999983346 0
27.17062952789433 45.99999999983019 0
27.17062952789433 47.99999999982692 0
27.17062952789433 49.99999999982364 0
27.17062952789432 51.99999999982039 0
27.17062952789432 53.99999999981711 0
27.17062952789432 55.99999999981385 0
27.17062952789432 57.99999999981056 0
27.17062952789433 59.99999999980729 0
27.17062952789433 61.99999999980403 0
27.17062952789433 63.9999999998033 0
27.17062952789431 65.99999999981404 0
27.17062952789432 67.99999999982495 0
27.17062952789433 69.99999999983591 0
27.17062952789432 71.99999999984684 0
27.17062952789433 73.99999999985778 0
27.17062952789432 75.99999999986872 0
27.17062952789433 77.99999999987965 0
27.17062952789433 79.9999999998906 0
27.17062952789433 81.99999999990155 0
27.17062952789433 83.99999999991246 0
27.17062952789432 85.99999999992343 0
27.17062952789432 87.99999999993436 0
27.17062952789433 89.9999999999453 0
27.17062952789433 91.99999999995623 0
27.17062952789433 93.99999999996717 0
27.17062952789432 95.99999999997814 0
27.17062952789432 97.99999999998904 0
30.09680385548412 1.999999999992153 0
30.09680385548412 3.999999999984047 0
30.09680385548411 5.999999999975561 0
30.09680385548411 7.999999999968392 0
30.09680385548411 9.99999999996156 0
30.09680385548412 11.99999999995461 0
30.09680385548411 13.99999999994524 0
30.09680385548411 15.99999999993485 0
30.09680385548412 17.99999999992447 0
30.09680385548412 19.99999999991408 0
30.09680385548411 21.99999999990371 0
30.09680385548412 23.99999999989332 0
30.09680385548412 25.99999999988294 0
30.0968038554841 27.99999999987256 0
30.0968038554841 29.99999999986218 0
30.09680385548412 31.99999999985315 0
30.09680385548412 33.99999999984981 0
30.09680385548412 35.99999999984654 0
30.09680385548413 37.99999999984328 0
30.09680385548412 39.99999999984 0
30.0968038554841 41.99999999983673 0
30.09680385548412 43.99999999983346 0
30.09680385548412 45.99999999983019 0
30.09680385548412 47.99999999982693 0
30.09680385548412 49.99999999982364 0
30.09680385548412 51.99999999982039 0
30.09680385548411 53.99999999981711 0
30.09680385548412 55.99999999981384 0
30.09680385548412 57.99999999981056 0
30.09680385548412 59.99999999980729 0
30.0968038554841 61.99999999980403 0
30.09680385548412 63.99999999980331 0
30.09680385548412 65.99999999981404 0
30.09680385548411 67.99999999982495 0
30.09680385548412 69.99999999983591 0
30.09680385548411 71.99999999984684 0
30.09680385548412 73.99999999985778 0
30.09680385548412 75.99999999986873 0
30.09680385548412 77.99999999987965 0
30.09680385548412 79.9999999998906 0
30.09680385548411 81.99999999990155 0
30.09680385548412 83.99999999991248 0
30.09680385548412 85.99999999992343 0
30.09680385548412 87.99999999993436 0
30.09680385548412 89.9999999999453 0
30.09680385548412 91.99999999995623 0
30.09680385548411 93.99999999996717 0
30.09680385548412 95.99999999997814 0
30.09680385548411 97.99999999998904 0
33.32847076343872 1.999999999992153 0
33.32847076343871 3.999999999984047 0
33.32847076343871 5.999999999975561 0
33.3284707634387 7.999999999968395 0
33.32847076343872 9.99999999996156 0
33.32847076343871 11.99999999995461 0
33.32847076343871 13.99999999994524 0
33.32847076343872 15.99999999993485 0
33.32847076343871 17.99999999992447 0
33.32847076343871 19.99999999991408 0
33.32847076343872 21.9999999999037 0
33.32847076343872 23.99999999989332 0
33.32847076343871 25.99999999988294 0
33.32847076343871 27.99999999987256 0
33.32847076343871 29.99999999986219 0
33.32847076343872 31.99999999985315 0
33.32847076343871 33.99999999984981 0
33.32847076343871 35.99999999984654 0
33.32847076343871 37.99999999984328 0
33.32847076343871 39.99999999983999 0
33.3284707634387 41.99999999983673 0
33.32847076343871 43.99999999983347 0
33.32847076343871 45.99999999983019 0
33.32847076343872 47.99999999982693 0
33.32847076343872 49.99999999982365 0
33.3284707634387 51.99999999982039 0
33.32847076343871 53.99999999981711 0
33.32847076343871 55.99999999981385 0
33.32847076343871 57.99999999981056 0
33.32847076343871 59.9999999998073 0
33.3284707634387 61.99999999980403 0
33.3284707634387 63.99999999980329 0
33.3284707634387 65.99999999981404 0
33.32847076343871 67.99999999982495 0
33.32847076343872 69.99999999983591 0
33.32847076343871 71.99999999984684 0
33.32847076343871 73.99999999985778 0
33.32847076343872 75.99999999986873 0
33.32847076343871 77.99999999987966 0
33.32847076343871 79.9999999998906 0
33.32847076343872 81.99999999990155 0
33.32847076343872 83.99999999991248 0
33.32847076343871 85.99999999992343 0
33.32847076343871 87.99999999993436 0
33.32847076343871 89.9999999999453 0
33.32847076343871 91.99999999995624 0
33.32847076343871 93.99999999996717 0
33.32847076343871 95.99999999997813 0
33.32847076343872 97.99999999998906 0
36.89752368599858 1.999999999992153 0
36.89752368599857 3.999999999984047 0
36.89752368599859 5.999999999975561 0
36.89752368599859 7.999999999968392 0
36.89752368599859 9.999999999961561 0
36.89752368599859 11.99999999995461 0
36.89752368599859 13.99999999994523 0
36.8975236859986 15.99999999993485 0
36.8975236859986 17.99999999992447 0
36.8975236859986 19.99999999991409 0
36.89752368599858 21.9999999999037 0
36.89752368599859 23.99999999989332 0
36.89752368599859 25.99999999988294 0
36.8975236859986 27.99999999987256 0
36.89752368599859 29.99999999986219 0
36.8975236859986 31.99999999985314 0
36.89752368599859 33.99999999984981 0
36.89752368599859 35.99999999984654 0
36.89752368599858 37.99999999984328 0
36.89752368599859 39.99999999984 0
36.89752368599859 41.99999999983673 0
36.8975236859986 43.99999999983346 0
36.89752368599858 45.99999999983019 0
36.89752368599859 47.99999999982692 0
36.8975236859986 49.99999999982364 0
36.8975236859986 51.99999999982037 0
36.89752368599859 53.99999999981711 0
36.8975236859986 55.99999999981385 0
36.89752368599859 57.99999999981056 0
36.89752368599859 59.9999999998073 0
36.89752368599859 61.99999999980405 0
36.89752368599859 63.9999999998033 0
36.8975236859986 65.99999999981404 0
36.89752368599859 67.99999999982495 0
36.89752368599859 69.99999999983591 0
36.89752368599858 71.99999999984684 0
36.8975236859986 73.99999999985778 0
36.8975236859986 75.99999999986873 0
36.8975236859986 77.99999999987965 0
36.8975236859986 79.9999999998906 0
36.89752368599859 81.99999999990155 0
36.89752368599859 83.99999999991248 0
36.89752368599859 85.99999999992343 0
36.8975236859986 87.99999999993436 0
36.89752368599859 89.9999999999453 0
36.8975236859986 91.99999999995624 0
36.8975236859986 93.99999999996717 0
36.89752368599859 95.99999999997813 0
36.89752368599859 97.99999999998904 0
40.83918572903377 1.999999999992153 0
40.83918572903376 3.999999999984047 0
40.83918572903377 5.99999999997556 0
40.83918572903376 7.999999999968393 0
40.83918572903377 9.99999999996156 0
40.83918572903374 11.99999999995461 0
40.83918572903376 13.99999999994524 0
40.83918572903375 15.99999999993485 0
40.83918572903377 17.99999999992447 0
40.83918572903375 19.99999999991409 0
40.83918572903376 21.9999999999037 0
40.83918572903377 23.99999999989332 0
40.83918572903374 25.99999999988294 0
40.83918572903374 27.99999999987256 0
40.83918572903376 29.99999999986219 0
40.83918572903377 31.99999999985314 0
40.83918572903377 33.99999999984981 0
40.83918572903377 35.99999999984654 0
40.83918572903374 37.99999999984328 0
40.83918572903375 39.99999999983999 0
40.83918572903377 41.99999999983673 0
40.83918572903375 43.99999999983346 0
40.83918572903375 45.99999999983019 0
40.83918572903376 47.99999999982692 0
40.83918572903377 49.99999999982364 0
40.83918572903377 51.99999999982039 0
40.83918572903376 53.99999999981711 0
40.83918572903377 55.99999999981384 0
40.83918572903377 57.99999999981056 0
40.83918572903376 59.99999999980729 0
40.83918572903377 61.99999999980405 0
40.83918572903376 63.99999999980329 0
40.83918572903375 65.99999999981404 0
40.83918572903377 67.99999999982495 0
40.83918572903376 69.99999999983591 0
40.83918572903376 71.99999999984684 0
40.83918572903377 73.99999999985778 0
40.83918572903376 75.99999999986872 0
40.83918572903376 77.99999999987966 0
40.83918572903377 79.9999999998906 0
40.83918572903377 81.99999999990155 0
40.83918572903376 83.99999999991248 0
40.83918572903377 85.99999999992343 0
40.83918572903377 87.99999999993436 0
40.83918572903377 89.99999999994535 0
40.83918572903376 91.99999999995623 0
40.83918572903377 93.99999999996717 0
40.83918572903377 95.99999999997814 0
40.83918572903377 97.99999999998906 0
45.19235729079472 1.999999999992153 0
45.19235729079473 3.999999999984047 0
45.19235729079472 5.999999999975561 0
45.19235729079475 7.999999999968392 0
45.19235729079472 9.999999999961558 0
45.19235729079473 11.99999999995461 0
45.19235729079473 13.99999999994524 0
45.19235729079473 15.99999999993485 0
45.19235729079472 17.99999999992447 0
45.19235729079474 19.99999999991408 0
45.19235729079473 21.9999999999037 0
45.19235729079473 23.99999999989332 0
45.19235729079471 25.99999999988294 0
45.19235729079472 27.99999999987256 0
45.19235729079472 29.99999999986219 0
45.19235729079474 31.99999999985315 0
45.19235729079473 33.99999999984981 0
45.19235729079473 35.99999999984654 0
45.19235729079474 37.99999999984328 0
45.19235729079473 39.99999999983999 0
45.19235729079474 41.99999999983673 0
45.19235729079472 43.99999999983346 0
45.19235729079473 45.99999999983019 0
45.19235729079473 47.99999999982692 0
45.19235729079472 49.99999999982364 0
45.19235729079473 51.99999999982039 0
45.19235729079474 53.99999999981711 0
45.19235729079473 55.99999999981385 0
45.19235729079473 57.99999999981056 0
45.19235729079473 59.99999999980729 0
45.19235729079473 61.99999999980402 0
45.19235729079473 63.9999999998033 0
45.19235729079474 65.99999999981404 0
45.19235729079473 67.99999999982494 0
45.19235729079473 69.99999999983591 0
45.19235729079472 71.99999999984684 0
45.19235729079474 73.99999999985778 0
45.19235729079473 75.99999999986873 0
45.19235729079473 77.99999999987965 0
45.19235729079473 79.9999999998906 0
45.19235729079474 81.99999999990156 0
45.19235729079473 83.99999999991248 0
45.19235729079473 85.99999999992343 0
45.19235729079473 87.99999999993436 0
45.19235729079474 89.9999999999453 0
45.19235729079473 91.99999999995626 0
45.19235729079474 93.99999999996717 0
45.19235729079473 95.99999999997813 0
45.19235729079473 97.99999999998906 0
2 3 0 0
2 4 0 741
2242
2243
2244
2245
2246
2247
2248
2249
2250
2251
2252
2253
2254
2255
2256
2257
2258
2259
2260
2261
2262
2263
2264
2265
2266
2267
2268
2269
2270
2271
2272
2273
2274
2275
2276
2277
2278
2279
2280
2281
2282
2283
2284
2285
2286
2287
2288
2289
2290
2291
2292
2293
2294
2295
2296
2297
2298
2299
2300
2301
2302
2303
2304
2305
2306
2307
2308
2309
2310
2311
2312
2313
2314
2315
2316
2317
2318
2319
2320
2321
2322
2323
2324
2325
2326
2327
2328
2329
2330
2331
2332
2333
2334
2335
2336
2337
2338
2339
2340
2341
2342
2343
2344
2345
2346
2347
2348
2349
2350
2351
2352
2353
2354
2355
2356
2357
2358
2359
2360
2361
2362
2363
2364
2365
2366
2367
2368
2369
2370
2371
2372
2373
2374
2375
2376
2377
2378
2379
2380
2381
2382
2383
2384
2385
2386
2387
2388
2389
2390
2391
2392
2393
2394
2395
2396
2397
2398
2399
2400
2401
2402
2403
2404
2405
2406
2407
2408
2409
2410
2411
2412
2413
2414
2415
2416
2417
2418
2419
2420
2421
2422
2423
2424
2425
2426
2427
2428
2429
2430
2431
2432
2433
2434
2435
2436
2437
2438
2439
2440
2441
2442
2443
2444
2445
2446
2447
2448
2449
2450
2451
2452
2453
2454
2455
2456
2457
2458
2459
2460
2461
2462
2463
2464
2465
2466
2467
2468
2469
2470
2471
2472
2473
2474
2475
2476
2477
2478
2479
2480
2481
2482
2483
2484
2485
2486
2487
2488
2489
2490
2491
2492
2493
2494
2495
2496
2497
2498
2499
2500
2501
2502
2503
2504
2505
2506
2507
2508
2509
2510
2511
2512
2513
2514
2515
2516
2517
2518
2519
2520
2521
2522
2523
2524
2525
2526
2527
2528
2529
2530
2531
2532
2533
2534
2535
2536
2537
2538
2539
2540
2541
2542
2543
2544
2545
2546
2547
2548
2549
2550
2551
2552
2553
2554
2555
2556
2557
2558
2559
2560
2561
2562
2563
2564
2565
2566
2567
2568
2569
2570
2571
2572
2573
2574
2575
2576
2577
2578
2579
2580
2581
2582
2583
2584
2585
2586
2587
2588
2589
2590
2591
2592
2593
2594
2595
2596
2597
2598
2599
2600
2601
2602
2603
2604
2605
2606
2607
2608
2609
2610
2611
2612
2613
2614
2615
2616
2617
2618
2619
2620
2621
2622
2623
2624
2625
2626
2627
2628
2629
2630
2631
2632
2633
2634
2635
2636
2637
2638
2639
2640
2641
2642
2643
2644
2645
2646
2647
2648
2649
2650
2651
2652
2653
2654
2655
2656
2657
2658
2659
2660
2661
2662
2663
2664
2665
2666
2667
2668
2669
2670
2671
2672
2673
2674
2675
2676
2677
2678
2679
2680
2681
2682
2683
2684
2685
2686
2687
2688
2689
2690
2691
2692
2693
2694
2695
2696
2697
2698
2699
2700
2701
2702
2703
2704
2705
2706
2707
2708
2709
2710
2711
2712
2713
2714
2715
2716
2717
2718
2719
2720
2721
2722
2723
2724
2725
2726
2727
2728
2729
2730
2731
2732
2733
2734
2735
2736
2737
2738
2739
2740
2741
2742
2743
2744
2745
2746
2747
2748
2749
2750
2751
2752
2753
2754
2755
2756
2757
2758
2759
2760
2761
2762
2763
2764
2765
2766
2767
2768
2769
2770
2771
2772
2773
2774
2775
2776
2777
2778
2779
2780
2781
2782
2783
2784
2785
2786
2787
2788
2789
2790
2791
2792
2793
2794
2795
2796
2797
2798
2799
2800
2801
2802
2803
2804
2805
2806
2807
2808
2809
2810
2811
2812
2813
2814
2815
2816
2817
2818
2819
2820
2821
2822
2823
2824
2825
2826
2827
2828
2829
2830
2831
2832
2833
2834
2835
2836
2837
2838
2839
2840
2841
2842
2843
2844
2845
2846
2847
2848
2849
2850
2851
2852
2853
2854
2855
2856
2857
2858
2859
2860
2861
2862
2863
2864
2865
2866
2867
2868
2869
2870
2871
2872
2873
2874
2875
2876
2877
2878
2879
2880
2881
2882
2883
2884
2885
2886
2887
2888
2889
2890
2891
2892
2893
2894
2895
2896
2897
2898
2899
2900
2901
2902
2903
2904
2905
2906
2907
2908
2909
2910
2911
2912
2913
2914
2915
2916
2917
2918
2919
2920
2921
2922
2923
2924
2925
2926
2927
2928
2929
2930
2931
2932
2933
2934
2935
2936
2937
2938
2939
2940
2941
2942
2943
2944
2945
2946
2947
2948
2949
2950
2951
2952
2953
2954
2955
2956
2957
2958
2959
2960
2961
2962
2963
2964
2965
2966
2967
2968
2969
2970
2971
2972
2973
2974
2975
2976
2977
2978
2979
2980
2981
2982
0.2000006321155761 101.9990779975428 0
0.2000006321155761 104.0439348769826 0
0.2000006321155761 106.1356189818567 0
0.2000006321155761 108.2752026567291 0
0.2000006321155761 110.4637827989611 0
0.2000006321155761 112.7024814260652 0
0.2000006321155761 114.9924462533637 0
0.2000006321155761 117.3348512713493 0
0.2000006321155761 119.7308973592949 0
0.2000006321155761 122.1818129007778 0
0.2000006321155761 124.6888544108824 0
0.2000006321155761 127.2533071749018 0
0.2000006321155761 129.8764859083995 0
0.2000006321155761 132.5597354301887 0
0.2000006321155761 135.304431366586 0
0.2000006321155761 138.111980845485 0
0.2000006321155761 140.9838232048 0
0.2000006321155761 143.9214307513066 0
0.2000006321155761 146.9263095115853 0
0.3104413117430408 101.9990779975428 0
0.3104413117430409 104.0439348769826 0
0.3104413117430407 106.1356189818568 0
0.3104413117430407 108.2752026567291 0
0.3104413117430408 110.4637827989611 0
0.3104413117430408 112.7024814260653 0
0.3104413117430408 114.9924462533637 0
0.3104413117430408 117.3348512713493 0
0.3104413117430408 119.7308973592949 0
0.3104413117430407 122.1818129007778 0
0.3104413117430407 124.6888544108824 0
0.3104413117430407 127.2533071749018 0
0.3104413117430408 129.8764859083995 0
0.3104413117430408 132.5597354301887 0
0.3104413117430408 135.304431366586 0
0.3104413117430408 138.1119808454851 0
0.3104413117430408 140.9838232048 0
0.3104413117430408 143.9214307513066 0
0.3104413117430408 146.9263095115853 0
0.4324120121284738 101.9990779975429 0
0.4324120121284738 104.0439348769826 0
0.4324120121284738 106.1356189818568 0
0.4324120121284737 108.2752026567291 0
0.4324120121284737 110.4637827989611 0
0.4324120121284737 112.7024814260652 0
0.4324120121284738 114.9924462533637 0
0.4324120121284738 117.3348512713493 0
0.4324120121284738 119.7308973592949 0
0.4324120121284738 122.1818129007778 0
0.4324120121284737 124.6888544108825 0
0.4324120121284738 127.2533071749018 0
0.4324120121284738 129.8764859083995 0
0.4324120121284737 132.5597354301887 0
0.4324120121284738 135.304431366586 0
0.4324120121284737 138.111980845485 0
0.4324120121284737 140.9838232048 0
0.4324120121284738 143.9214307513066 0
0.4324120121284737 146.9263095115853 0
0.567116450677232 101.9990779975429 0
0.567116450677232 104.0439348769826 0
0.5671164506772319 106.1356189818568 0
0.5671164506772322 108.2752026567291 0
0.5671164506772319 110.4637827989611 0
0.5671164506772322 112.7024814260652 0
0.5671164506772322 114.9924462533637 0
0.5671164506772322 117.3348512713493 0
0.567116450677232 119.7308973592949 0
0.5671164506772322 122.1818129007778 0
0.5671164506772322 124.6888544108825 0
0.5671164506772323 127.2533071749018 0
0.5671164506772322 129.8764859083995 0
0.5671164506772319 132.5597354301887 0
0.5671164506772322 135.304431366586 0
0.5671164506772319 138.111980845485 0
0.567116450677232 140.9838232048 0
0.5671164506772322 143.9214307513066 0
0.5671164506772322 146.9263095115853 0
0.7158839985361233 101.9990779975429 0
0.7158839985361231 104.0439348769826 0
0.7158839985361235 106.1356189818568 0
0.7158839985361234 108.2752026567291 0
0.7158839985361233 110.4637827989611 0
0.7158839985361235 112.7024814260652 0
0.7158839985361233 114.9924462533638 0
0.7158839985361233 117.3348512713493 0
0.7158839985361234 119.7308973592949 0
0.7158839985361232 122.1818129007778 0
0.7158839985361234 124.6888544108825 0
0.7158839985361233 127.2533071749018 0
0.7158839985361234 129.8764859083995 0
0.7158839985361234 132.5597354301888 0
0.7158839985361233 135.304431366586 0
0.7158839985361234 138.111980845485 0
0.7158839985361234 140.9838232048 0
0.7158839985361233 143.9214307513066 0
0.7158839985361233 146.9263095115853 0
0.8801828679119486 101.9990779975428 0
0.8801828679119487 104.0439348769826 0
0.8801828679119487 106.1356189818567 0
0.8801828679119489 108.2752026567291 0
0.8801828679119486 110.4637827989611 0
0.8801828679119487 112.7024814260652 0
0.8801828679119487 114.9924462533637 0
0.8801828679119484 117.3348512713493 0
0.8801828679119486 119.7308973592949 0
0.8801828679119488 122.1818129007778 0
0.8801828679119487 124.6888544108825 0
0.8801828679119487 127.2533071749018 0
0.8801828679119488 129.8764859083995 0
0.8801828679119489 132.5597354301887 0
0.8801828679119486 135.304431366586 0
0.8801828679119484 138.111980845485 0
0.8801828679119488 140.9838232048 0
0.8801828679119489 143.9214307513066 0
0.8801828679119487 146.9263095115853 0
1.061634561247657 101.9990779975428 0
1.061634561247657 104.0439348769826 0
1.061634561247657 106.1356189818568 0
1.061634561247657 108.2752026567291 0
1.061634561247657 110.4637827989611 0
1.061634561247657 112.7024814260652 0
1.061634561247657 114.9924462533638 0
1.061634561247657 117.3348512713493 0
1.061634561247657 119.7308973592949 0
1.061634561247657 122.1818129007778 0
1.061634561247657 124.6888544108824 0
1.061634561247657 127.2533071749018 0
1.061634561247657 129.8764859083995 0
1.061634561247657 132.5597354301888 0
1.061634561247657 135.304431366586 0
1.061634561247657 138.111980845485 0
1.061634561247657 140.9838232048 0
1.061634561247657 143.9214307513067 0
1.061634561247657 146.9263095115853 0
1.26202982719837 101.9990779975428 0
1.26202982719837 104.0439348769826 0
1.26202982719837 106.1356189818568 0
1.26202982719837 108.2752026567291 0
1.26202982719837 110.4637827989611 0
1.26202982719837 112.7024814260652 0
1.26202982719837 114.9924462533637 0
1.26202982719837 117.3348512713493 0
1.26202982719837 119.7308973592948 0
1.26202982719837 122.1818129007778 0
1.26202982719837 124.6888544108825 0
1.26202982719837 127.2533071749018 0
1.26202982719837 129.8764859083995 0
1.26202982719837 132.5597354301887 0
1.26202982719837 135.304431366586 0
1.26202982719837 138.111980845485 0
1.26202982719837 140.9838232048 0
1.26202982719837 143.9214307513066 0
1.26202982719837 146.9263095115853 0
1.483346368851216 101.9990779975428 0
1.483346368851216 104.0439348769826 0
1.483346368851216 106.1356189818568 0
1.483346368851216 108.2752026567291 0
1.483346368851216 110.4637827989611 0
1.483346368851216 112.7024814260652 0
1.483346368851216 114.9924462533638 0
1.483346368851216 117.3348512713493 0
1.483346368851216 119.7308973592948 0
1.483346368851215 122.1818129007778 0
1.483346368851216 124.6888544108824 0
1.483346368851215 127.2533071749019 0
1.483346368851216 129.8764859083995 0
1.483346368851216 132.5597354301887 0
1.483346368851216 135.304431366586 0
1.483346368851216 138.111980845485 0
1.483346368851216 140.9838232048 0
1.483346368851215 143.9214307513066 0
1.483346368851216 146.9263095115853 0
1.727768371231009 101.9990779975428 0
1.727768371231009 104.0439348769826 0
1.72776837123101 106.1356189818568 0
1.72776837123101 108.2752026567291 0
1.727768371231009 110.4637827989611 0
1.727768371231009 112.7024814260652 0
1.727768371231009 114.9924462533637 0
1.727768371231009 117.3348512713493 0
1.727768371231009 119.7308973592949 0
1.72776837123101 122.1818129007778 0
1.727768371231009 124.6888544108824 0
1.727768371231009 127.2533071749018 0
1.727768371231009 129.8764859083995 0
1.727768371231009 132.5597354301887 0
1.727768371231009 135.304431366586 0
1.727768371231009 138.111980845485 0
1.72776837123101 140.9838232048 0
1.727768371231009 143.9214307513066 0
1.727768371231009 146.9263095115853 0
1.99770802880438 101.9990779975429 0
1.99770802880438 104.0439348769826 0
1.99770802880438 106.1356189818568 0
1.99770802880438 108.2752026567291 0
1.99770802880438 110.4637827989611 0
1.99770802880438 112.7024814260652 0
1.99770802880438 114.9924462533638 0
1.99770802880438 117.3348512713493 0
1.99770802880438 119.7308973592949 0
1.99770802880438 122.1818129007778 0
1.99770802880438 124.6888544108824 0
1.99770802880438 127.2533071749018 0
1.99770802880438 129.8764859083995 0
1.99770802880438 132.5597354301887 0
1.99770802880438 135.304431366586 0
1.997708028804379 138.111980845485 0
1.99770802880438 140.9838232048 0
1.99770802880438 143.9214307513066 0
1.99770802880438 146.9263095115853 0
2.295829365217913 101.9990779975429 0
2.295829365217914 104.0439348769826 0
2.295829365217914 106.1356189818568 0
2.295829365217914 108.2752026567291 0
2.295829365217914 110.4637827989611 0
2.295829365217913 112.7024814260652 0
2.295829365217914 114.9924462533637 0
2.295829365217914 117.3348512713493 0
2.295829365217914 119.7308973592949 0
2.295829365217914 122.1818129007778 0
2.295829365217913 124.6888544108825 0
2.295829365217914 127.2533071749018 0
2.295829365217914 129.8764859083995 0
2.295829365217914 132.5597354301887 0
2.295829365217913 135.304431366586 0
2.295829365217914 138.111980845485 0
2.295829365217914 140.9838232048 0
2.295829365217914 143.9214307513066 0
2.295829365217914 146.9263095115853 0
2.625074549851251 101.9990779975429 0
2.625074549851251 104.0439348769826 0
2.625074549851251 106.1356189818568 0
2.625074549851251 108.2752026567291 0
2.62507454985125 110.4637827989611 0
2.625074549851252 112.7024814260652 0
2.625074549851251 114.9924462533637 0
2.625074549851251 117.3348512713493 0
2.625074549851252 119.7308973592949 0
2.625074549851251 122.1818129007778 0
2.625074549851251 124.6888544108825 0
2.625074549851251 127.2533071749018 0
2.62507454985125 129.8764859083995 0
2.62507454985125 132.5597354301887 0
2.625074549851252 135.304431366586 0
2.625074549851252 138.111980845485 0
2.625074549851251 140.9838232048 0
2.625074549851251 143.9214307513066 0
2.625074549851251 146.9263095115853 0
2.988692945236894 101.9990779975429 0
2.988692945236894 104.0439348769826 0
2.988692945236894 106.1356189818568 0
2.988692945236893 108.2752026567291 0
2.988692945236894 110.4637827989611 0
2.988692945236893 112.7024814260652 0
2.988692945236893 114.9924462533637 0
2.988692945236893 117.3348512713493 0
2.988692945236894 119.7308973592949 0
2.988692945236894 122.1818129007778 0
2.988692945236893 124.6888544108824 0
2.988692945236894 127.2533071749018 0
2.988692945236894 129.8764859083995 0
2.988692945236893 132.5597354301887 0
2.988692945236893 135.304431366586 0
2.988692945236893 138.111980845485 0
2.988692945236893 140.9838232048 0
2.988692945236893 143.9214307513066 0
2.988692945236894 146.9263095115853 0
3.390273112270295 101.9990779975429 0
3.390273112270294 104.0439348769826 0
3.390273112270294 106.1356189818568 0
3.390273112270294 108.275202656729 0
3.390273112270294 110.4637827989611 0
3.390273112270294 112.7024814260652 0
3.390273112270294 114.9924462533637 0
3.390273112270294 117.3348512713493 0
3.390273112270294 119.7308973592949 0
3.390273112270294 122.1818129007778 0
3.390273112270294 124.6888544108825 0
3.390273112270294 127.2533071749018 0
3.390273112270294 129.8764859083995 0
3.390273112270295 132.5597354301888 0
3.390273112270294 135.304431366586 0
3.390273112270295 138.111980845485 0
3.390273112270294 140.9838232048 0
3.390273112270294 143.9214307513067 0
3.390273112270294 146.9263095115853 0
3.833778222035726 101.9990779975428 0
3.833778222035726 104.0439348769826 0
3.833778222035726 106.1356189818568 0
3.833778222035725 108.275202656729 0
3.833778222035725 110.4637827989611 0
3.833778222035727 112.7024814260652 0
3.833778222035725 114.9924462533637 0
3.833778222035726 117.3348512713493 0
3.833778222035725 119.7308973592949 0
3.833778222035727 122.1818129007778 0
3.833778222035726 124.6888544108825 0
3.833778222035725 127.2533071749018 0
3.833778222035725 129.8764859083995 0
3.833778222035725 132.5597354301887 0
3.833778222035725 135.304431366586 0
3.833778222035726 138.111980845485 0
3.833778222035727 140.9838232048 0
3.833778222035725 143.9214307513066 0
3.833778222035725 146.9263095115853 0
4.323585253205374 101.9990779975429 0
4.32358525320537 104.0439348769826 0
4.323585253205373 106.1356189818568 0
4.323585253205373 108.275202656729 0
4.323585253205373 110.4637827989611 0
4.323585253205374 112.7024814260652 0
4.323585253205372 114.9924462533638 0
4.323585253205373 117.3348512713493 0
4.323585253205373 119.7308973592948 0
4.323585253205372 122.1818129007778 0
4.323585253205372 124.6888544108825 0
4.323585253205373 127.2533071749018 0
4.323585253205372 129.8764859083995 0
4.323585253205372 132.5597354301887 0
4.323585253205372 135.304431366586 0
4.323585253205372 138.111980845485 0
4.323585253205372 140.9838232048 0
4.323585253205372 143.9214307513066 0
4.323585253205373 146.9263095115853 0
4.864528162057924 101.9990779975429 0
4.864528162057925 104.0439348769827 0
4.864528162057924 106.1356189818568 0
4.864528162057924 108.2752026567291 0
4.864528162057923 110.4637827989611 0
4.864528162057926 112.7024814260653 0
4.864528162057923 114.9924462533637 0
4.864528162057926 117.3348512713493 0
4.864528162057924 119.7308973592949 0
4.864528162057926 122.1818129007778 0
4.864528162057923 124.6888544108825 0
4.864528162057924 127.2533071749018 0
4.864528162057926 129.8764859083995 0
4.864528162057924 132.5597354301887 0
4.864528162057924 135.304431366586 0
4.864528162057924 138.111980845485 0
4.864528162057927 140.9838232048 0
4.864528162057924 143.9214307513066 0
4.864528162057923 146.9263095115853 0
5.461945516804477 101.9990779975429 0
5.461945516804473 104.0439348769826 0
5.461945516804476 106.1356189818568 0
5.461945516804475 108.2752026567291 0
5.461945516804476 110.4637827989611 0
5.461945516804477 112.7024814260652 0
5.461945516804474 114.9924462533637 0
5.461945516804476 117.3348512713493 0
5.461945516804474 119.7308973592949 0
5.461945516804475 122.1818129007778 0
5.461945516804475 124.6888544108825 0
5.461945516804475 127.2533071749018 0
5.461945516804476 129.8764859083995 0
5.461945516804475 132.5597354301887 0
5.461945516804475 135.304431366586 0
5.461945516804475 138.111980845485 0
5.461945516804476 140.9838232048 0
5.461945516804475 143.9214307513066 0
5.461945516804476 146.9263095115853 0
6.121733228318136 101.9990779975429 0
6.121733228318136 104.0439348769826 0
6.121733228318135 106.1356189818568 0
6.121733228318136 108.2752026567291 0
6.121733228318138 110.4637827989611 0
6.121733228318135 112.7024814260652 0
6.121733228318134 114.9924462533637 0
6.121733228318134 117.3348512713493 0
6.121733228318138 119.7308973592949 0
6.121733228318136 122.1818129007778 0
6.121733228318134 124.6888544108824 0
6.121733228318137 127.2533071749018 0
6.121733228318135 129.8764859083995 0
6.121733228318137 132.5597354301887 0
6.121733228318135 135.304431366586 0
6.121733228318134 138.111980845485 0
6.121733228318134 140.9838232048 0
6.121733228318135 143.9214307513066 0
6.121733228318134 146.9263095115853 0
6.850402791143719 101.9990779975428 0
6.850402791143721 104.0439348769826 0
6.85040279114372 106.1356189818568 0
6.850402791143719 108.2752026567291 0
6.850402791143719 110.4637827989611 0
6.850402791143719 112.7024814260652 0
6.850402791143722 114.9924462533638 0
6.850402791143718 117.3348512713494 0
6.85040279114372 119.7308973592949 0
6.85040279114372 122.1818129007778 0
6.85040279114372 124.6888544108824 0
6.850402791143719 127.2533071749018 0
6.85040279114372 129.8764859083995 0
6.850402791143718 132.5597354301887 0
6.85040279114372 135.304431366586 0
6.850402791143721 138.111980845485 0
6.850402791143719 140.9838232048 0
6.850402791143719 143.9214307513066 0
6.850402791143719 146.9263095115853 0
7.655145473111451 101.9990779975428 0
7.655145473111451 104.0439348769826 0
7.655145473111452 106.1356189818568 0
7.65514547311145 108.2752026567291 0
7.655145473111451 110.4637827989611 0
7.655145473111451 112.7024814260652 0
7.655145473111451 114.9924462533637 0
7.655145473111451 117.3348512713493 0
7.655145473111449 119.7308973592949 0
7.65514547311145 122.1818129007778 0
7.655145473111451 124.6888544108824 0
7.655145473111452 127.2533071749018 0
7.655145473111452 129.8764859083995 0
7.655145473111451 132.5597354301888 0
7.655145473111451 135.304431366586 0
7.655145473111452 138.111980845485 0
7.655145473111452 140.9838232048 0
7.655145473111451 143.9214307513066 0
7.655145473111451 146.9263095115853 0
8.543903287475594 101.9990779975428 0
8.543903287475592 104.0439348769826 0
8.54390328747559 106.1356189818568 0
8.54390328747559 108.2752026567291 0
8.543903287475592 110.4637827989611 0
8.543903287475592 112.7024814260653 0
8.543903287475588 114.9924462533637 0
8.543903287475592 117.3348512713493 0
8.543903287475594 119.7308973592949 0
8.543903287475588 122.1818129007778 0
8.54390328747559 124.6888544108825 0
8.54390328747559 127.2533071749018 0
8.543903287475592 129.8764859083995 0
8.543903287475588 132.5597354301887 0
8.543903287475592 135.304431366586 0
8.543903287475588 138.111980845485 0
8.54390328747559 140.9838232048 0
8.54390328747559 143.9214307513066 0
8.543903287475592 146.9263095115853 0
9.525447391825502 101.9990779975429 0
9.525447391825509 104.0439348769826 0
9.525447391825507 106.1356189818567 0
9.525447391825505 108.275202656729 0
9.525447391825502 110.4637827989611 0
9.525447391825505 112.7024814260652 0
9.525447391825505 114.9924462533637 0
9.525447391825507 117.3348512713493 0
9.525447391825507 119.7308973592949 0
9.525447391825505 122.1818129007778 0
9.525447391825505 124.6888544108824 0
9.525447391825505 127.2533071749018 0
9.525447391825507 129.8764859083995 0
9.525447391825507 132.5597354301887 0
9.525447391825507 135.304431366586 0
9.525447391825505 138.111980845485 0
9.525447391825507 140.9838232048 0
9.525447391825505 143.9214307513066 0
9.525447391825507 146.9263095115853 0
10.60946467509179 101.9990779975429 0
10.6094646750918 104.0439348769826 0
10.60946467509179 106.1356189818568 0
10.60946467509179 108.2752026567291 0
10.6094646750918 110.4637827989611 0
10.6094646750918 112.7024814260652 0
10.6094646750918 114.9924462533637 0
10.6094646750918 117.3348512713493 0
10.6094646750918 119.7308973592948 0
10.6094646750918 122.1818129007778 0
10.6094646750918 124.6888544108825 0
10.6094646750918 127.2533071749018 0
10.60946467509179 129.8764859083995 0
10.6094646750918 132.5597354301887 0
10.60946467509179 135.304431366586 0
10.60946467509179 138.111980845485 0
10.60946467509179 140.9838232048 0
10.6094646750918 143.9214307513066 0
10.6094646750918 146.9263095115853 0
11.80665338907409 101.9990779975429 0
11.80665338907409 104.0439348769826 0
11.80665338907409 106.1356189818568 0
11.80665338907409 108.2752026567291 0
11.80665338907409 110.4637827989611 0
11.80665338907409 112.7024814260652 0
11.80665338907409 114.9924462533637 0
11.80665338907409 117.3348512713494 0
11.8066533890741 119.7308973592949 0
11.8066533890741 122.1818129007778 0
11.80665338907409 124.6888544108824 0
11.80665338907409 127.2533071749018 0
11.80665338907409 129.8764859083995 0
11.80665338907409 132.5597354301887 0
11.80665338907409 135.304431366586 0
11.80665338907409 138.111980845485 0
11.80665338907409 140.9838232048 0
11.80665338907409 143.9214307513066 0
11.80665338907409 146.9263095115853 0
13.12882862242629 101.9990779975429 0
13.12882862242629 104.0439348769826 0
13.12882862242629 106.1356189818568 0
13.12882862242629 108.2752026567291 0
13.12882862242629 110.4637827989611 0
13.12882862242629 112.7024814260652 0
13.12882862242629 114.9924462533638 0
13.12882862242629 117.3348512713493 0
13.12882862242629 119.7308973592949 0
13.12882862242629 122.1818129007778 0
13.12882862242629 124.6888544108824 0
13.12882862242629 127.2533071749018 0
13.12882862242629 129.8764859083995 0
13.12882862242629 132.5597354301887 0
13.12882862242629 135.304431366586 0
13.12882862242629 138.111980845485 0
13.12882862242629 140.9838232048 0
13.12882862242629 143.9214307513066 0
13.12882862242629 146.9263095115853 0
14.58903893021044 101.9990779975429 0
14.58903893021044 104.0439348769826 0
14.58903893021044 106.1356189818568 0
14.58903893021045 108.2752026567291 0
14.58903893021044 110.4637827989611 0
14.58903893021045 112.7024814260652 0
14.58903893021045 114.9924462533637 0
14.58903893021044 117.3348512713493 0
14.58903893021044 119.7308973592949 0
14.58903893021045 122.1818129007778 0
14.58903893021044 124.6888544108824 0
14.58903893021044 127.2533071749018 0
14.58903893021044 129.8764859083995 0
14.58903893021044 132.5597354301887 0
14.58903893021045 135.304431366586 0
14.58903893021044 138.111980845485 0
14.58903893021044 140.9838232048 0
14.58903893021044 143.9214307513066 0
14.58903893021044 146.9263095115853 0
16.20169518749804 101.9990779975428 0
16.20169518749804 104.0439348769826 0
16.20169518749805 106.1356189818568 0
16.20169518749804 108.275202656729 0
16.20169518749804 110.4637827989611 0
16.20169518749804 112.7024814260652 0
16.20169518749804 114.9924462533637 0
16.20169518749804 117.3348512713493 0
16.20169518749804 119.7308973592949 0
16.20169518749804 122.1818129007778 0
16.20169518749804 124.6888544108824 0
16.20169518749804 127.2533071749018 0
16.20169518749804 129.8764859083995 0
16.20169518749804 132.5597354301888 0
16.20169518749804 135.304431366586 0
16.20169518749804 138.111980845485 0
16.20169518749804 140.9838232048 0
16.20169518749804 143.9214307513066 0
16.20169518749804 146.9263095115853 0
17.98271275760416 101.9990779975429 0
17.98271275760416 104.0439348769826 0
17.98271275760416 106.1356189818568 0
17.98271275760416 108.275202656729 0
17.98271275760416 110.4637827989611 0
17.98271275760416 112.7024814260652 0
17.98271275760416 114.9924462533637 0
17.98271275760416 117.3348512713493 0
17.98271275760415 119.7308973592949 0
17.98271275760416 122.1818129007778 0
17.98271275760416 124.6888544108825 0
17.98271275760416 127.2533071749018 0
17.98271275760416 129.8764859083995 0
17.98271275760416 132.5597354301887 0
17.98271275760416 135.304431366586 0
17.98271275760416 138.111980845485 0
17.98271275760416 140.9838232048 0
17.98271275760416 143.9214307513066 0
17.98271275760416 146.9263095115853 0
19.94966855156224 101.9990779975429 0
19.94966855156224 104.0439348769826 0
19.94966855156224 106.1356189818568 0
19.94966855156224 108.275202656729 0
19.94966855156225 110.4637827989611 0
19.94966855156225 112.7024814260652 0
19.94966855156224 114.9924462533637 0
19.94966855156224 117.3348512713493 0
19.94966855156224 119.7308973592949 0
19.94966855156225 122.1818129007778 0
19.94966855156224 124.6888544108825 0
19.94966855156225 127.2533071749018 0
19.94966855156224 129.8764859083995 0
19.94966855156224 132.5597354301887 0
19.94966855156224 135.304431366586 0
19.94966855156224 138.111980845485 0
19.94966855156224 140.9838232048 0
19.94966855156224 143.9214307513066 0
19.94966855156224 146.9263095115853 0
22.12197455966955 101.9990779975429 0
22.12197455966955 104.0439348769826 0
22.12197455966955 106.1356189818568 0
22.12197455966955 108.2752026567291 0
22.12197455966954 110.4637827989611 0
22.12197455966955 112.7024814260652 0
22.12197455966955 114.9924462533637 0
22.12197455966955 117.3348512713493 0
22.12197455966955 119.7308973592949 0
22.12197455966955 122.1818129007778 0
22.12197455966955 124.6888544108825 0
22.12197455966955 127.2533071749018 0
22.12197455966955 129.8764859083995 0
22.12197455966955 132.5597354301887 0
22.12197455966955 135.304431366586 0
22.12197455966955 138.111980845485 0
22.12197455966955 140.9838232048 0
22.12197455966955 143.9214307513066 0
22.12197455966955 146.9263095115853 0
24.52106930514991 101.9990779975429 0
24.52106930514993 104.0439348769826 0
24.52106930514993 106.1356189818568 0
24.52106930514992 108.2752026567291 0
24.52106930514993 110.4637827989611 0
24.52106930514993 112.7024814260652 0
24.52106930514993 114.9924462533637 0
24.52106930514993 117.3348512713493 0
24.52106930514992 119.7308973592949 0
24.52106930514993 122.1818129007778 0
24.52106930514992 124.6888544108825 0
24.52106930514993 127.2533071749018 0
24.52106930514992 129.8764859083995 0
24.52106930514993 132.5597354301887 0
24.52106930514993 135.304431366586 0
24.52106930514993 138.111980845485 0
24.52106930514994 140.9838232048 0
24.52106930514993 143.9214307513066 0
24.52106930514993 146.9263095115853 0
27.17062952789432 101.9990779975429 0
27.17062952789433 104.0439348769826 0
27.17062952789432 106.1356189818568 0
27.17062952789432 108.2752026567291 0
27.17062952789433 110.4637827989611 0
27.17062952789432 112.7024814260652 0
27.17062952789432 114.9924462533637 0
27.17062952789432 117.3348512713493 0
27.17062952789432 119.7308973592948 0
27.17062952789432 122.1818129007778 0
27.17062952789432 124.6888544108825 0
27.17062952789431 127.2533071749018 0
27.17062952789432 129.8764859083995 0
27.17062952789432 132.5597354301887 0
27.17062952789433 135.304431366586 0
27.17062952789432 138.111980845485 0
27.17062952789433 140.9838232048 0
27.17062952789432 143.9214307513066 0
27.17062952789432 146.9263095115853 0
30.09680385548412 101.9990779975429 0
30.09680385548412 104.0439348769826 0
30.09680385548412 106.1356189818568 0
30.0968038554841 108.2752026567291 0
30.09680385548412 110.4637827989611 0
30.09680385548411 112.7024814260652 0
30.09680385548413 114.9924462533637 0
30.09680385548412 117.3348512713493 0
30.09680385548412 119.7308973592948 0
30.09680385548412 122.1818129007778 0
30.09680385548411 124.6888544108825 0
30.09680385548411 127.2533071749018 0
30.09680385548411 129.8764859083995 0
30.09680385548411 132.5597354301887 0
30.09680385548411 135.304431366586 0
30.0968038554841 138.111980845485 0
30.09680385548412 140.9838232048 0
30.09680385548411 143.9214307513066 0
30.09680385548412 146.9263095115853 0
33.32847076343871 101.9990779975429 0
33.32847076343871 104.0439348769826 0
33.32847076343872 106.1356189818568 0
33.32847076343871 108.275202656729 0
33.32847076343871 110.4637827989611 0
33.3284707634387 112.7024814260652 0
33.3284707634387 114.9924462533637 0
33.32847076343871 117.3348512713493 0
33.32847076343871 119.7308973592949 0
33.32847076343872 122.1818129007778 0
33.32847076343872 124.6888544108825 0
33.32847076343871 127.2533071749018 0
33.3284707634387 129.8764859083995 0
33.32847076343871 132.5597354301887 0
33.32847076343872 135.304431366586 0
33.32847076343872 138.111980845485 0
33.3284707634387 140.9838232048 0
33.32847076343871 143.9214307513066 0
33.32847076343871 146.9263095115853 0
36.89752368599859 101.9990779975429 0
36.89752368599858 104.0439348769826 0
36.89752368599858 106.1356189818568 0
36.89752368599859 108.2752026567291 0
36.89752368599859 110.4637827989611 0
36.89752368599859 112.7024814260652 0
36.8975236859986 114.9924462533637 0
36.89752368599858 117.3348512713493 0
36.89752368599859 119.7308973592949 0
36.89752368599859 122.1818129007778 0
36.8975236859986 124.6888544108825 0
36.89752368599858 127.2533071749018 0
36.8975236859986 129.8764859083995 0
36.89752368599858 132.5597354301887 0
36.89752368599859 135.304431366586 0
36.8975236859986 138.111980845485 0
36.89752368599859 140.9838232048 0
36.89752368599859 143.9214307513066 0
36.89752368599859 146.9263095115853 0
40.83918572903377 101.9990779975428 0
40.83918572903374 104.0439348769826 0
40.83918572903377 106.1356189818568 0
40.83918572903376 108.2752026567291 0
40.83918572903377 110.4637827989611 0
40.83918572903377 112.7024814260652 0
40.83918572903377 114.9924462533637 0
40.83918572903374 117.3348512713493 0
40.83918572903377 119.7308973592949 0
40.83918572903377 122.1818129007778 0
40.83918572903377 124.6888544108825 0
40.83918572903376 127.2533071749018 0
40.83918572903375 129.8764859083995 0
40.83918572903377 132.5597354301888 0
40.83918572903375 135.304431366586 0
40.83918572903377 138.111980845485 0
40.83918572903376 140.9838232048 0
40.83918572903377 143.9214307513066 0
40.83918572903377 146.9263095115853 0
45.19235729079473 101.9990779975429 0
45.19235729079472 104.0439348769826 0
45.19235729079473 106.1356189818568 0
45.19235729079473 108.2752026567291 0
45.19235729079472 110.4637827989611 0
45.19235729079473 112.7024814260652 0
45.19235729079473 114.9924462533637 0
45.19235729079473 117.3348512713493 0
45.19235729079473 119.7308973592948 0
45.19235729079472 122.1818129007778 0
45.19235729079473 124.6888544108825 0
45.19235729079474 127.2533071749018 0
45.19235729079472 129.8764859083995 0
45.19235729079473 132.5597354301887 0
45.19235729079472 135.304431366586 0
45.19235729079473 138.111980845485 0
45.19235729079472 140.9838232048 0
45.19235729079473 143.9214307513067 0
45.19235729079472 146.9263095115853 0
$EndNodes
$Elements
12 3092 1 3092
1 1 1 1
1 1 2 
1 2 1 40
2 2 10 
3 10 11 
4 11 12 
5 12 13 
6 13 14 
7 14 15 
8 15 16 
9 16 17 
10 17 18 
11 18 19 
12 19 20 
13 20 21 
14 21 22 
15 22 23 
16 23 24 
17 24 25 
18 25 26 
19 26 27 
20 27 28 
21 28 29 
22 29 30 
23 30 31 
24 31 32 
25 32 33 
26 33 34 
27 34 35 
28 35 36 
29 36 37 
30 37 38 
31 38 39 
32 39 40 
33 40 41 
34 41 42 
35 42 43 
36 43 44 
37 44 45 
38 45 46 
39 46 47 
40 47 48 
41 48 3 
1 5 1 1
42 7 8 
1 6 1 40
43 8 88 
44 88 89 
45 89 90 
46 90 91 
47 91 92 
48 92 93 
49 93 94 
50 94 95 
51 95 96 
52 96 97 
53 97 98 
54 98 99 
55 99 100 
56 100 101 
57 101 102 
58 102 103 
59 103 104 
60 104 105 
61 105 106 
62 106 107 
63 107 108 
64 108 109 
65 109 110 
66 110 111 
67 111 112 
68 112 113 
69 113 114 
70 114 115 
71 115 116 
72 116 117 
73 117 118 
74 118 119 
75 119 120 
76 120 121 
77 121 122 
78 122 123 
79 123 124 
80 124 125 
81 125 126 
82 126 9 
1 7 1 50
83 1 127 
84 127 128 
85 128 129 
86 129 130 
87 130 131 
88 131 132 
89 132 133 
90 133 134 
91 134 135 
92 135 136 
93 136 137 
94 137 138 
95 138 139 
96 139 140 
97 140 141 
98 141 142 
99 142 143 
100 143 144 
101 144 145 
102 145 146 
103 146 147 
104 147 148 
105 148 149 
106 149 150 
107 150 151 
108 151 152 
109 152 153 
110 153 154 
111 154 155 
112 155 156 
113 156 157 
114 157 158 
115 158 159 
116 159 160 
117 160 161 
118 161 162 
119 162 163 
120 163 164 
121 164 165 
122 165 166 
123 166 167 
124 167 168 
125 168 169 
126 169 170 
127 170 171 
128 171 172 
129 172 173 
130 173 174 
131 174 175 
132 175 4 
1 9 1 50
133 3 225 
134 225 226 
135 226 227 
136 227 228 
137 228 229 
138 229 230 
139 230 231 
140 231 232 
141 232 233 
142 233 234 
143 234 235 
144 235 236 
145 236 237 
146 237 238 
147 238 239 
148 239 240 
149 240 241 
150 241 242 
151 242 243 
152 243 244 
153 244 245 
154 245 246 
155 246 247 
156 247 248 
157 248 249 
158 249 250 
159 250 251 
160 251 252 
161 252 253 
162 253 254 
163 254 255 
164 255 256 
165 256 257 
166 257 258 
167 258 259 
168 259 260 
169 260 261 
170 261 262 
171 262 263 
172 263 264 
173 264 265 
174 265 266 
175 266 267 
176 267 268 
177 268 269 
178 269 270 
179 270 271 
180 271 272 
181 272 273 
182 273 6 
1 10 1 20
183 4 274 
184 274 275 
185 275 276 
186 276 277 
187 277 278 
188 278 279 
189 279 280 
190 280 281 
191 281 282 
192 282 283 
193 283 284 
194 284 285 
195 285 286 
196 286 287 
197 287 288 
198 288 289 
199 289 290 
200 290 291 
201 291 292 
202 292 7 
1 12 1 20
203 6 312 
204 312 313 
205 313 314 
206 314 315 
207 315 316 
208 316 317 
209 317 318 
210 318 319 
211 319 320 
212 320 321 
213 321 322 
214 322 323 
215 323 324 
216 324 325 
217 325 326 
218 326 327 
219 327 328 
220 328 329 
221 329 330 
222 330 9 
2 1 3 50
223 1 2 176 127 
224 127 176 177 128 
225 128 177 178 129 
226 129 178 179 130 
227 130 179 180 131 
228 131 180 181 132 
229 132 181 182 133 
230 133 182 183 134 
231 134 183 184 135 
232 135 184 185 136 
233 136 185 186 137 
234 137 186 187 138 
235 138 187 188 139 
236 139 188 189 140 
237 140 189 190 141 
238 141 190 191 142 
239 142 191 192 143 
240 143 192 193 144 
241 144 193 194 145 
242 145 194 195 146 
243 146 195 196 147 
244 147 196 197 148 
245 148 197 198 149 
246 149 198 199 150 
247 150 199 200 151 
248 151 200 201 152 
249 152 201 202 153 
250 153 202 203 154 
251 154 203 204 155 
252 155 204 205 156 
253 156 205 206 157 
254 157 206 207 158 
255 158 207 208 159 
256 159 208 209 160 
257 160 209 210 161 
258 161 210 211 162 
259 162 211 212 163 
260 163 212 213 164 
261 164 213 214 165 
262 165 214 215 166 
263 166 215 216 167 
264 167 216 217 168 
265 168 217 218 169 
266 169 218 219 170 
267 170 219 220 171 
268 171 220 221 172 
269 172 221 222 173 
270 173 222 223 174 
271 174 223 224 175 
272 175 224 5 4 
2 2 3 2000
273 2 10 331 176 
274 176 331 332 177 
275 177 332 333 178 
276 178 333 334 179 
277 179 334 335 180 
278 180 335 336 181 
279 181 336 337 182 
280 182 337 338 183 
281 183 338 339 184 
282 184 339 340 185 
283 185 340 341 186 
284 186 341 342 187 
285 187 342 343 188 
286 188 343 344 189 
287 189 344 345 190 
288 190 345 346 191 
289 191 346 347 192 
290 192 347 348 193 
291 193 348 349 194 
292 194 349 350 195 
293 195 350 351 196 
294 196 351 352 197 
295 197 352 353 198 
296 198 353 354 199 
297 199 354 355 200 
298 200 355 356 201 
299 201 356 357 202 
300 202 357 358 203 
301 203 358 359 204 
302 204 359 360 205 
303 205 360 361 206 
304 206 361 362 207 
305 207 362 363 208 
306 208 363 364 209 
307 209 364 365 210 
308 210 365 366 211 
309 211 366 367 212 
310 212 367 368 213 
311 213 368 369 214 
312 214 369 370 215 
313 215 370 371 216 
314 216 371 372 217 
315 217 372 373 218 
316 218 373 374 219 
317 219 374 375 220 
318 220 375 376 221 
319 221 376 377 222 
320 222 377 378 223 
321 223 378 379 224 
322 224 379 49 5 
323 10 11 380 331 
324 331 380 381 332 
325 332 381 382 333 
326 333 382 383 334 
327 334 383 384 335 
328 335 384 385 336 
329 336 385 386 337 
330 337 386 387 338 
331 338 387 388 339 
332 339 388 389 340 
333 340 389 390 341 
334 341 390 391 342 
335 342 391 392 343 
336 343 392 393 344 
337 344 393 394 345 
338 345 394 395 346 
339 346 395 396 347 
340 347 396 397 348 
341 348 397 398 349 
342 349 398 399 350 
343 350 399 400 351 
344 351 400 401 352 
345 352 401 402 353 
346 353 402 403 354 
347 354 403 404 355 
348 355 404 405 356 
349 356 405 406 357 
350 357 406 407 358 
351 358 407 408 359 
352 359 408 409 360 
353 360 409 410 361 
354 361 410 411 362 
355 362 411 412 363 
356 363 412 413 364 
357 364 413 414 365 
358 365 414 415 366 
359 366 415 416 367 
360 367 416 417 368 
361 368 417 418 369 
362 369 418 419 370 
363 370 419 420 371 
364 371 420 421 372 
365 372 421 422 373 
366 373 422 423 374 
367 374 423 424 375 
368 375 424 425 376 
369 376 425 426 377 
370 377 426 427 378 
371 378 427 428 379 
372 379 428 50 49 
373 11 12 429 380 
374 380 429 430 381 
375 381 430 431 382 
376 382 431 432 383 
377 383 432 433 384 
378 384 433 434 385 
379 385 434 435 386 
380 386 435 436 387 
381 387 436 437 388 
382 388 437 438 389 
383 389 438 439 390 
384 390 439 440 391 
385 391 440 441 392 
386 392 441 442 393 
387 393 442 443 394 
388 394 443 444 395 
389 395 444 445 396 
390 396 445 446 397 
391 397 446 447 398 
392 398 447 448 399 
393 399 448 449 400 
394 400 449 450 401 
395 401 450 451 402 
396 402 451 452 403 
397 403 452 453 404 
398 404 453 454 405 
399 405 454 455 406 
400 406 455 456 407 
401 407 456 457 408 
402 408 457 458 409 
403 409 458 459 410 
404 410 459 460 411 
405 411 460 461 412 
406 412 461 462 413 
407 413 462 463 414 
408 414 463 464 415 
409 415 464 465 416 
410 416 465 466 417 
411 417 466 467 418 
412 418 467 468 419 
413 419 468 469 420 
414 420 469 470 421 
415 421 470 471 422 
416 422 471 472 423 
417 423 472 473 424 
418 424 473 474 425 
419 425 474 475 426 
420 426 475 476 427 
421 427 476 477 428 
422 428 477 51 50 
423 12 13 478 429 
424 429 478 479 430 
425 430 479 480 431 
426 431 480 481 432 
427 432 481 482 433 
428 433 482 483 434 
429 434 483 484 435 
430 435 484 485 436 
431 436 485 486 437 
432 437 486 487 438 
433 438 487 488 439 
434 439 488 489 440 
435 440 489 490 441 
436 441 490 491 442 
437 442 491 492 443 
438 443 492 493 444 
439 444 493 494 445 
440 445 494 495 446 
441 446 495 496 447 
442 447 496 497 448 
443 448 497 498 449 
444 449 498 499 450 
445 450 499 500 451 
446 451 500 501 452 
447 452 501 502 453 
448 453 502 503 454 
449 454 503 504 455 
450 455 504 505 456 
451 456 505 506 457 
452 457 506 507 458 
453 458 507 508 459 
454 459 508 509 460 
455 460 509 510 461 
456 461 510 511 462 
457 462 511 512 463 
458 463 512 513 464 
459 464 513 514 465 
460 465 514 515 466 
461 466 515 516 467 
462 467 516 517 468 
463 468 517 518 469 
464 469 518 519 470 
465 470 519 520 471 
466 471 520 521 472 
467 472 521 522 473 
468 473 522 523 474 
469 474 523 524 475 
470 475 524 525 476 
471 476 525 526 477 
472 477 526 52 51 
473 13 14 527 478 
474 478 527 528 479 
475 479 528 529 480 
476 480 529 530 481 
477 481 530 531 482 
478 482 531 532 483 
479 483 532 533 484 
480 484 533 534 485 
481 485 534 535 486 
482 486 535 536 487 
483 487 536 537 488 
484 488 537 538 489 
485 489 538 539 490 
486 490 539 540 491 
487 491 540 541 492 
488 492 541 542 493 
489 493 542 543 494 
490 494 543 544 495 
491 495 544 545 496 
492 496 545 546 497 
493 497 546 547 498 
494 498 547 548 499 
495 499 548 549 500 
496 500 549 550 501 
497 501 550 551 502 
498 502 551 552 503 
499 503 552 553 504 
500 504 553 554 505 
501 505 554 555 506 
502 506 555 556 507 
503 507 556 557 508 
504 508 557 558 509 
505 509 558 559 510 
506 510 559 560 511 
507 511 560 561 512 
508 512 561 562 513 
509 513 562 563 514 
510 514 563 564 515 
511 515 564 565 516 
512 516 565 566 517 
513 517 566 567 518 
514 518 567 568 519 
515 519 568 569 520 
516 520 569 570 521 
517 521 570 571 522 
518 522 571 572 523 
519 523 572 573 524 
520 524 573 574 525 
521 525 574 575 526 
522 526 575 53 52 
523 14 15 576 527 
524 527 576 577 528 
525 528 577 578 529 
526 529 578 579 530 
527 530 579 580 531 
528 531 580 581 532 
529 532 581 582 533 
530 533 582 583 534 
531 534 583 584 535 
532 535 584 585 536 
533 536 585 586 537 
534 537 586 587 538 
535 538 587 588 539 
536 539 588 589 540 
537 540 589 590 541 
538 541 590 591 542 
539 542 591 592 543 
540 543 592 593 544 
541 544 593 594 545 
542 545 594 595 546 
543 546 595 596 547 
544 547 596 597 548 
545 548 597 598 549 
546 549 598 599 550 
547 550 599 600 551 
548 551 600 601 552 
549 552 601 602 553 
550 553 602 603 554 
551 554 603 604 555 
552 555 604 605 556 
553 556 605 606 557 
554 557 606 607 558 
555 558 607 608 559 
556 559 608 609 560 
557 560 609 610 561 
558 561 610 611 562 
559 562 611 612 563 
560 563 612 613 564 
561 564 613 614 565 
562 565 614 615 566 
563 566 615 616 567 
564 567 616 617 568 
565 568 617 618 569 
566 569 618 619 570 
567 570 619 620 571 
568 571 620 621 572 
569 572 621 622 573 
570 573 622 623 574 
571 574 623 624 575 
572 575 624 54 53 
573 15 16 625 576 
574 576 625 626 577 
575 577 626 627 578 
576 578 627 628 579 
577 579 628 629 580 
578 580 629 630 581 
579 581 630 631 582 
580 582 631 632 583 
581 583 632 633 584 
582 584 633 634 585 
583 585 634 635 586 
584 586 635 636 587 
585 587 636 637 588 
586 588 637 638 589 
587 589 638 639 590 
588 590 639 640 591 
589 591 640 641 592 
590 592 641 642 593 
591 593 642 643 594 
592 594 643 644 595 
593 595 644 645 596 
594 596 645 646 597 
595 597 646 647 598 
596 598 647 648 599 
597 599 648 649 600 
598 600 649 650 601 
599 601 650 651 602 
600 602 651 652 603 
601 603 652 653 604 
602 604 653 654 605 
603 605 654 655 606 
604 606 655 656 607 
605 607 656 657 608 
606 608 657 658 609 
607 609 658 659 610 
608 610 659 660 611 
609 611 660 661 612 
610 612 661 662 613 
611 613 662 663 614 
612 614 663 664 615 
613 615 664 665 616 
614 616 665 666 617 
615 617 666 667 618 
616 618 667 668 619 
617 619 668 669 620 
618 620 669 670 621 
619 621 670 671 622 
620 622 671 672 623 
621 623 672 673 624 
622 624 673 55 54 
623 16 17 674 625 
624 625 674 675 626 
625 626 675 676 627 
626 627 676 677 628 
627 628 677 678 629 
628 629 678 679 630 
629 630 679 680 631 
630 631 680 681 632 
631 632 681 682 633 
632 633 682 683 634 
633 634 683 684 635 
634 635 684 685 636 
635 636 685 686 637 
636 637 686 687 638 
637 638 687 688 639 
638 639 688 689 640 
639 640 689 690 641 
640 641 690 691 642 
641 642 691 692 643 
642 643 692 693 644 
643 644 693 694 645 
644 645 694 695 646 
645 646 695 696 647 
646 647 696 697 648 
647 648 697 698 649 
648 649 698 699 650 
649 650 699 700 651 
650 651 700 701 652 
651 652 701 702 653 
652 653 702 703 654 
653 654 703 704 655 
654 655 704 705 656 
655 656 705 706 657 
656 657 706 707 658 
657 658 707 708 659 
658 659 708 709 660 
659 660 709 710 661 
660 661 710 711 662 
661 662 711 712 663 
662 663 712 713 664 
663 664 713 714 665 
664 665 714 715 666 
665 666 715 716 667 
666 667 716 717 668 
667 668 717 718 669 
668 669 718 719 670 
669 670 719 720 671 
670 671 720 721 672 
671 672 721 722 673 
672 673 722 56 55 
673 17 18 723 674 
674 674 723 724 675 
675 675 724 725 676 
676 676 725 726 677 
677 677 726 727 678 
678 678 727 728 679 
679 679 728 729 680 
680 680 729 730 681 
681 681 730 731 682 
682 682 731 732 683 
683 683 732 733 684 
684 684 733 734 685 
685 685 734 735 686 
686 686 735 736 687 
687 687 736 737 688 
688 688 737 738 689 
689 689 738 739 690 
690 690 739 740 691 
691 691 740 741 692 
692 692 741 742 693 
693 693 742 743 694 
694 694 743 744 695 
695 695 744 745 696 
696 696 745 746 697 
697 697 746 747 698 
698 698 747 748 699 
699 699 748 749 700 
700 700 749 750 701 
701 701 750 751 702 
702 702 751 752 703 
703 703 752 753 704 
704 704 753 754 705 
705 705 754 755 706 
706 706 755 756 707 
707 707 756 757 708 
708 708 757 758 709 
709 709 758 759 710 
710 710 759 760 711 
711 711 760 761 712 
712 712 761 762 713 
713 713 762 763 714 
714 714 763 764 715 
715 715 764 765 716 
716 716 765 766 717 
717 717 766 767 718 
718 718 767 768 719 
719 719 768 769 720 
720 720 769 770 721 
721 721 770 771 722 
722 722 771 57 56 
723 18 19 772 723 
724 723 772 773 724 
725 724 773 774 725 
726 725 774 775 726 
727 726 775 776 727 
728 727 776 777 728 
729 728 777 778 729 
730 729 778 779 730 
731 730 779 780 731 
732 731 780 781 732 
733 732 781 782 733 
734 733 782 783 734 
735 734 783 784 735 
736 735 784 785 736 
737 736 785 786 737 
738 737 786 787 738 
739 738 787 788 739 
740 739 788 789 740 
741 740 789 790 741 
742 741 790 791 742 
743 742 791 792 743 
744 743 792 793 744 
745 744 793 794 745 
746 745 794 795 746 
747 746 795 796 747 
748 747 796 797 748 
749 748 797 798 749 
750 749 798 799 750 
751 750 799 800 751 
752 751 800 801 752 
753 752 801 802 753 
754 753 802 803 754 
755 754 803 804 755 
756 755 804 805 756 
757 756 805 806 757 
758 757 806 807 758 
759 758 807 808 759 
760 759 808 809 760 
761 760 809 810 761 
762 761 810 811 762 
763 762 811 812 763 
764 763 812 813 764 
765 764 813 814 765 
766 765 814 815 766 
767 766 815 816 767 
768 767 816 817 768 
769 768 817 818 769 
770 769 818 819 770 
771 770 819 820 771 
772 771 820 58 57 
773 19 20 821 772 
774 772 821 822 773 
775 773 822 823 774 
776 774 823 824 775 
777 775 824 825 776 
778 776 825 826 777 
779 777 826 827 778 
780 778 827 828 779 
781 779 828 829 780 
782 780 829 830 781 
783 781 830 831 782 
784 782 831 832 783 
785 783 832 833 784 
786 784 833 834 785 
787 785 834 835 786 
788 786 835 836 787 
789 787 836 837 788 
790 788 837 838 789 
791 789 838 839 790 
792 790 839 840 791 
793 791 840 841 792 
794 792 841 842 793 
795 793 842 843 794 
796 794 843 844 795 
797 795 844 845 796 
798 796 845 846 797 
799 797 846 847 798 
800 798 847 848 799 
801 799 848 849 800 
802 800 849 850 801 
803 801 850 851 802 
804 802 851 852 803 
805 803 852 853 804 
806 804 853 854 805 
807 805 854 855 806 
808 806 855 856 807 
809 807 856 857 808 
810 808 857 858 809 
811 809 858 859 810 
812 810 859 860 811 
813 811 860 861 812 
814 812 861 862 813 
815 813 862 863 814 
816 814 863 864 815 
817 815 864 865 816 
818 816 865 866 817 
819 817 866 867 818 
820 818 867 868 819 
821 819 868 869 820 
822 820 869 59 58 
823 20 21 870 821 
824 821 870 871 822 
825 822 871 872 823 
826 823 872 873 824 
827 824 873 874 825 
828 825 874 875 826 
829 826 875 876 827 
830 827 876 877 828 
831 828 877 878 829 
832 829 878 879 830 
833 830 879 880 831 
834 831 880 881 832 
835 832 881 882 833 
836 833 882 883 834 
837 834 883 884 835 
838 835 884 885 836 
839 836 885 886 837 
840 837 886 887 838 
841 838 887 888 839 
842 839 888 889 840 
843 840 889 890 841 
844 841 890 891 842 
845 842 891 892 843 
846 843 892 893 844 
847 844 893 894 845 
848 845 894 895 846 
849 846 895 896 847 
850 847 896 897 848 
851 848 897 898 849 
852 849 898 899 850 
853 850 899 900 851 
854 851 900 901 852 
855 852 901 902 853 
856 853 902 903 854 
857 854 903 904 855 
858 855 904 905 856 
859 856 905 906 857 
860 857 906 907 858 
861 858 907 908 859 
862 859 908 909 860 
863 860 909 910 861 
864 861 910 911 862 
865 862 911 912 863 
866 863 912 913 864 
867 864 913 914 865 
868 865 914 915 866 
869 866 915 916 867 
870 867 916 917 868 
871 868 917 918 869 
872 869 918 60 59 
873 21 22 919 870 
874 870 919 920 871 
875 871 920 921 872 
876 872 921 922 873 
877 873 922 923 874 
878 874 923 924 875 
879 875 924 925 876 
880 876 925 926 877 
881 877 926 927 878 
882 878 927 928 879 
883 879 928 929 880 
884 880 929 930 881 
885 881 930 931 882 
886 882 931 932 883 
887 883 932 933 884 
888 884 933 934 885 
889 885 934 935 886 
890 886 935 936 887 
891 887 936 937 888 
892 888 937 938 889 
893 889 938 939 890 
894 890 939 940 891 
895 891 940 941 892 
896 892 941 942 893 
897 893 942 943 894 
898 894 943 944 895 
899 895 944 945 896 
900 896 945 946 897 
901 897 946 947 898 
902 898 947 948 899 
903 899 948 949 900 
904 900 949 950 901 
905 901 950 951 902 
906 902 951 952 903 
907 903 952 953 904 
908 904 953 954 905 
909 905 954 955 906 
910 906 955 956 907 
911 907 956 957 908 
912 908 957 958 909 
913 909 958 959 910 
914 910 959 960 911 
915 911 960 961 912 
916 912 961 962 913 
917 913 962 963 914 
918 914 963 964 915 
919 915 964 965 916 
920 916 965 966 917 
921 917 966 967 918 
922 918 967 61 60 
923 22 23 968 919 
924 919 968 969 920 
925 920 969 970 921 
926 921 970 971 922 
927 922 971 972 923 
928 923 972 973 924 
929 924 973 974 925 
930 925 974 975 926 
931 926 975 976 927 
932 927 976 977 928 
933 928 977 978 929 
934 929 978 979 930 
935 930 979 980 931 
936 931 980 981 932 
937 932 981 982 933 
938 933 982 983 934 
939 934 983 984 935 
940 935 984 985 936 
941 936 985 986 937 
942 937 986 987 938 
943 938 987 988 939 
944 939 988 989 940 
945 940 989 990 941 
946 941 990 991 942 
947 942 991 992 943 
948 943 992 993 944 
949 944 993 994 945 
950 945 994 995 946 
951 946 995 996 947 
952 947 996 997 948 
953 948 997 998 949 
954 949 998 999 950 
955 950 999 1000 951 
956 951 1000 1001 952 
957 952 1001 1002 953 
958 953 1002 1003 954 
959 954 1003 1004 955 
960 955 1004 1005 956 
961 956 1005 1006 957 
962 957 1006 1007 958 
963 958 1007 1008 959 
964 959 1008 1009 960 
965 960 1009 1010 961 
966 961 1010 1011 962 
967 962 1011 1012 963 
968 963 1012 1013 964 
969 964 1013 1014 965 
970 965 1014 1015 966 
971 966 1015 1016 967 
972 967 1016 62 61 
973 23 24 1017 968 
974 968 1017 1018 969 
975 969 1018 1019 970 
976 970 1019 1020 971 
977 971 1020 1021 972 
978 972 1021 1022 973 
979 973 1022 1023 974 
980 974 1023 1024 975 
981 975 1024 1025 976 
982 976 1025 1026 977 
983 977 1026 1027 978 
984 978 1027 1028 979 
985 979 1028 1029 980 
986 980 1029 1030 981 
987 981 1030 1031 982 
988 982 1031 1032 983 
989 983 1032 1033 984 
990 984 1033 1034 985 
991 985 1034 1035 986 
992 986 1035 1036 987 
993 987 1036 1037 988 
994 988 1037 1038 989 
995 989 1038 1039 990 
996 990 1039 1040 991 
997 991 1040 1041 992 
998 992 1041 1042 993 
999 993 1042 1043 994 
1000 994 1043 1044 995 
1001 995 1044 1045 996 
1002 996 1045 1046 997 
1003 997 1046 1047 998 
1004 998 1047 1048 999 
1005 999 1048 1049 1000 
1006 1000 1049 1050 1001 
1007 1001 1050 1051 1002 
1008 1002 1051 1052 1003 
1009 1003 1052 1053 1004 
1010 1004 1053 1054 1005 
1011 1005 1054 1055 1006 
1012 1006 1055 1056 1007 
1013 1007 1056 1057 1008 
1014 1008 1057 1058 1009 
1015 1009 1058 1059 1010 
1016 1010 1059 1060 1011 
1017 1011 1060 1061 1012 
1018 1012 1061 1062 1013 
1019 1013 1062 1063 1014 
1020 1014 1063 1064 1015 
1021 1015 1064 1065 1016 
1022 1016 1065 63 62 
1023 24 25 1066 1017 
1024 1017 1066 1067 1018 
1025 1018 1067 1068 1019 
1026 1019 1068 1069 1020 
1027 1020 1069 1070 1021 
1028 1021 1070 1071 1022 
1029 1022 1071 1072 1023 
1030 1023 1072 1073 1024 
1031 1024 1073 1074 1025 
1032 1025 1074 1075 1026 
1033 1026 1075 1076 1027 
1034 1027 1076 1077 1028 
1035 1028 1077 1078 1029 
1036 1029 1078 1079 1030 
1037 1030 1079 1080 1031 
1038 1031 1080 1081 1032 
1039 1032 1081 1082 1033 
1040 1033 1082 1083 1034 
1041 1034 1083 1084 1035 
1042 1035 1084 1085 1036 
1043 1036 1085 1086 1037 
1044 1037 1086 1087 1038 
1045 1038 1087 1088 1039 
1046 1039 1088 1089 1040 
1047 1040 1089 1090 1041 
1048 1041 1090 1091 1042 
1049 1042 1091 1092 1043 
1050 1043 1092 1093 1044 
1051 1044 1093 1094 1045 
1052 1045 1094 1095 1046 
1053 1046 1095 1096 1047 
1054 1047 1096 1097 1048 
1055 1048 1097 1098 1049 
1056 1049 1098 1099 1050 
1057 1050 1099 1100 1051 
1058 1051 1100 1101 1052 
1059 1052 1101 1102 1053 
1060 1053 1102 1103 1054 
1061 1054 1103 1104 1055 
1062 1055 1104 1105 1056 
1063 1056 1105 1106 1057 
1064 1057 1106 1107 1058 
1065 1058 1107 1108 1059 
1066 1059 1108 1109 1060 
1067 1060 1109 1110 1061 
1068 1061 1110 1111 1062 
1069 1062 1111 1112 1063 
1070 1063 1112 1113 1064 
1071 1064 1113 1114 1065 
1072 1065 1114 64 63 
1073 25 26 1115 1066 
1074 1066 1115 1116 1067 
1075 1067 1116 1117 1068 
1076 1068 1117 1118 1069 
1077 1069 1118 1119 1070 
1078 1070 1119 1120 1071 
1079 1071 1120 1121 1072 
1080 1072 1121 1122 1073 
1081 1073 1122 1123 1074 
1082 1074 1123 1124 1075 
1083 1075 1124 1125 1076 
1084 1076 1125 1126 1077 
1085 1077 1126 1127 1078 
1086 1078 1127 1128 1079 
1087 1079 1128 1129 1080 
1088 1080 1129 1130 1081 
1089 1081 1130 1131 1082 
1090 1082 1131 1132 1083 
1091 1083 1132 1133 1084 
1092 1084 1133 1134 1085 
1093 1085 1134 1135 1086 
1094 1086 1135 1136 1087 
1095 1087 1136 1137 1088 
1096 1088 1137 1138 1089 
1097 1089 1138 1139 1090 
1098 1090 1139 1140 1091 
1099 1091 1140 1141 1092 
1100 1092 1141 1142 1093 
1101 1093 1142 1143 1094 
1102 1094 1143 1144 1095 
1103 1095 1144 1145 1096 
1104 1096 1145 1146 1097 
1105 1097 1146 1147 1098 
1106 1098 1147 1148 1099 
1107 1099 1148 1149 1100 
1108 1100 1149 1150 1101 
1109 1101 1150 1151 1102 
1110 1102 1151 1152 1103 
1111 1103 1152 1153 1104 
1112 1104 1153 1154 1105 
1113 1105 1154 1155 1106 
1114 1106 1155 1156 1107 
1115 1107 1156 1157 1108 
1116 1108 1157 1158 1109 
1117 1109 1158 1159 1110 
1118 1110 1159 1160 1111 
1119 1111 1160 1161 1112 
1120 1112 1161 1162 1113 
1121 1113 1162 1163 1114 
1122 1114 1163 65 64 
1123 26 27 1164 1115 
1124 1115 1164 1165 1116 
1125 1116 1165 1166 1117 
1126 1117 1166 1167 1118 
1127 1118 1167 1168 1119 
1128 1119 1168 1169 1120 
1129 1120 1169 1170 1121 
1130 1121 1170 1171 1122 
1131 1122 1171 1172 1123 
1132 1123 1172 1173 1124 
1133 1124 1173 1174 1125 
1134 1125 1174 1175 1126 
1135 1126 1175 1176 1127 
1136 1127 1176 1177 1128 
1137 1128 1177 1178 1129 
1138 1129 1178 1179 1130 
1139 1130 1179 1180 1131 
1140 1131 1180 1181 1132 
1141 1132 1181 1182 1133 
1142 1133 1182 1183 1134 
1143 1134 1183 1184 1135 
1144 1135 1184 1185 1136 
1145 1136 1185 1186 1137 
1146 1137 1186 1187 1138 
1147 1138 1187 1188 1139 
1148 1139 1188 1189 1140 
1149 1140 1189 1190 1141 
1150 1141 1190 1191 1142 
1151 1142 1191 1192 1143 
1152 1143 1192 1193 1144 
1153 1144 1193 1194 1145 
1154 1145 1194 1195 1146 
1155 1146 1195 1196 1147 
1156 1147 1196 1197 1148 
1157 1148 1197 1198 1149 
1158 1149 1198 1199 1150 
1159 1150 1199 1200 1151 
1160 1151 1200 1201 1152 
1161 1152 1201 1202 1153 
1162 1153 1202 1203 1154 
1163 1154 1203 1204 1155 
1164 1155 1204 1205 1156 
1165 1156 1205 1206 1157 
1166 1157 1206 1207 1158 
1167 1158 1207 1208 1159 
1168 1159 1208 1209 1160 
1169 1160 1209 1210 1161 
1170 1161 1210 1211 1162 
1171 1162 1211 1212 1163 
1172 1163 1212 66 65 
1173 27 28 1213 1164 
1174 1164 1213 1214 1165 
1175 1165 1214 1215 1166 
1176 1166 1215 1216 1167 
1177 1167 1216 1217 1168 
1178 1168 1217 1218 1169 
1179 1169 1218 1219 1170 
1180 1170 1219 1220 1171 
1181 1171 1220 1221 1172 
1182 1172 1221 1222 1173 
1183 1173 1222 1223 1174 
1184 1174 1223 1224 1175 
1185 1175 1224 1225 1176 
1186 1176 1225 1226 1177 
1187 1177 1226 1227 1178 
1188 1178 1227 1228 1179 
1189 1179 1228 1229 1180 
1190 1180 1229 1230 1181 
1191 1181 1230 1231 1182 
1192 1182 1231 1232 1183 
1193 1183 1232 1233 1184 
1194 1184 1233 1234 1185 
1195 1185 1234 1235 1186 
1196 1186 1235 1236 1187 
1197 1187 1236 1237 1188 
1198 1188 1237 1238 1189 
1199 1189 1238 1239 1190 
1200 1190 1239 1240 1191 
1201 1191 1240 1241 1192 
1202 1192 1241 1242 1193 
1203 1193 1242 1243 1194 
1204 1194 1243 1244 1195 
1205 1195 1244 1245 1196 
1206 1196 1245 1246 1197 
1207 1197 1246 1247 1198 
1208 1198 1247 1248 1199 
1209 1199 1248 1249 1200 
1210 1200 1249 1250 1201 
1211 1201 1250 1251 1202 
1212 1202 1251 1252 1203 
1213 1203 1252 1253 1204 
1214 1204 1253 1254 1205 
1215 1205 1254 1255 1206 
1216 1206 1255 1256 1207 
1217 1207 1256 1257 1208 
1218 1208 1257 1258 1209 
1219 1209 1258 1259 1210 
1220 1210 1259 1260 1211 
1221 1211 1260 1261 1212 
1222 1212 1261 67 66 
1223 28 29 1262 1213 
1224 1213 1262 1263 1214 
1225 1214 1263 1264 1215 
1226 1215 1264 1265 1216 
1227 1216 1265 1266 1217 
1228 1217 1266 1267 1218 
1229 1218 1267 1268 1219 
1230 1219 1268 1269 1220 
1231 1220 1269 1270 1221 
1232 1221 1270 1271 1222 
1233 1222 1271 1272 1223 
1234 1223 1272 1273 1224 
1235 1224 1273 1274 1225 
1236 1225 1274 1275 1226 
1237 1226 1275 1276 1227 
1238 1227 1276 1277 1228 
1239 1228 1277 1278 1229 
1240 1229 1278 1279 1230 
1241 1230 1279 1280 1231 
1242 1231 1280 1281 1232 
1243 1232 1281 1282 1233 
1244 1233 1282 1283 1234 
1245 1234 1283 1284 1235 
1246 1235 1284 1285 1236 
1247 1236 1285 1286 1237 
1248 1237 1286 1287 1238 
1249 1238 1287 1288 1239 
1250 1239 1288 1289 1240 
1251 1240 1289 1290 1241 
1252 1241 1290 1291 1242 
1253 1242 1291 1292 1243 
1254 1243 1292 1293 1244 
1255 1244 1293 1294 1245 
1256 1245 1294 1295 1246 
1257 1246 1295 1296 1247 
1258 1247 1296 1297 1248 
1259 1248 1297 1298 1249 
1260 1249 1298 1299 1250 
1261 1250 1299 1300 1251 
1262 1251 1300 1301 1252 
1263 1252 1301 1302 1253 
1264 1253 1302 1303 1254 
1265 1254 1303 1304 1255 
1266 1255 1304 1305 1256 
1267 1256 1305 1306 1257 
1268 1257 1306 1307 1258 
1269 1258 1307 1308 1259 
1270 1259 1308 1309 1260 
1271 1260 1309 1310 1261 
1272 1261 1310 68 67 
1273 29 30 1311 1262 
1274 1262 1311 1312 1263 
1275 1263 1312 1313 1264 
1276 1264 1313 1314 1265 
1277 1265 1314 1315 1266 
1278 1266 1315 1316 1267 
1279 1267 1316 1317 1268 
1280 1268 1317 1318 1269 
1281 1269 1318 1319 1270 
1282 1270 1319 1320 1271 
1283 1271 1320 1321 1272 
1284 1272 1321 1322 1273 
1285 1273 1322 1323 1274 
1286 1274 1323 1324 1275 
1287 1275 1324 1325 1276 
1288 1276 1325 1326 1277 
1289 1277 1326 1327 1278 
1290 1278 1327 1328 1279 
1291 1279 1328 1329 1280 
1292 1280 1329 1330 1281 
1293 1281 1330 1331 1282 
1294 1282 1331 1332 1283 
1295 1283 1332 1333 1284 
1296 1284 1333 1334 1285 
1297 1285 1334 1335 1286 
1298 1286 1335 1336 1287 
1299 1287 1336 1337 1288 
1300 1288 1337 1338 1289 
1301 1289 1338 1339 1290 
1302 1290 1339 1340 1291 
1303 1291 1340 1341 1292 
1304 1292 1341 1342 1293 
1305 1293 1342 1343 1294 
1306 1294 1343 1344 1295 
1307 1295 1344 1345 1296 
1308 1296 1345 1346 1297 
1309 1297 1346 1347 1298 
1310 1298 1347 1348 1299 
1311 1299 1348 1349 1300 
1312 1300 1349 1350 1301 
1313 1301 1350 1351 1302 
1314 1302 1351 1352 1303 
1315 1303 1352 1353 1304 
1316 1304 1353 1354 1305 
1317 1305 1354 1355 1306 
1318 1306 1355 1356 1307 
1319 1307 1356 1357 1308 
1320 1308 1357 1358 1309 
1321 1309 1358 1359 1310 
1322 1310 1359 69 68 
1323 30 31 1360 1311 
1324 1311 1360 1361 1312 
1325 1312 1361 1362 1313 
1326 1313 1362 1363 1314 
1327 1314 1363 1364 1315 
1328 1315 1364 1365 1316 
1329 1316 1365 1366 1317 
1330 1317 1366 1367 1318 
1331 1318 1367 1368 1319 
1332 1319 1368 1369 1320 
1333 1320 1369 1370 1321 
1334 1321 1370 1371 1322 
1335 1322 1371 1372 1323 
1336 1323 1372 1373 1324 
1337 1324 1373 1374 1325 
1338 1325 1374 1375 1326 
1339 1326 1375 1376 1327 
1340 1327 1376 1377 1328 
1341 1328 1377 1378 1329 
1342 1329 1378 1379 1330 
1343 1330 1379 1380 1331 
1344 1331 1380 1381 1332 
1345 1332 1381 1382 1333 
1346 1333 1382 1383 1334 
1347 1334 1383 1384 1335 
1348 1335 1384 1385 1336 
1349 1336 1385 1386 1337 
1350 1337 1386 1387 1338 
1351 1338 1387 1388 1339 
1352 1339 1388 1389 1340 
1353 1340 1389 1390 1341 
1354 1341 1390 1391 1342 
1355 1342 1391 1392 1343 
1356 1343 1392 1393 1344 
1357 1344 1393 1394 1345 
1358 1345 1394 1395 1346 
1359 1346 1395 1396 1347 
1360 1347 1396 1397 1348 
1361 1348 1397 1398 1349 
1362 1349 1398 1399 1350 
1363 1350 1399 1400 1351 
1364 1351 1400 1401 1352 
1365 1352 1401 1402 1353 
1366 1353 1402 1403 1354 
1367 1354 1403 1404 1355 
1368 1355 1404 1405 1356 
1369 1356 1405 1406 1357 
1370 1357 1406 1407 1358 
1371 1358 1407 1408 1359 
1372 1359 1408 70 69 
1373 31 32 1409 1360 
1374 1360 1409 1410 1361 
1375 1361 1410 1411 1362 
1376 1362 1411 1412 1363 
1377 1363 1412 1413 1364 
1378 1364 1413 1414 1365 
1379 1365 1414 1415 1366 
1380 1366 1415 1416 1367 
1381 1367 1416 1417 1368 
1382 1368 1417 1418 1369 
1383 1369 1418 1419 1370 
1384 1370 1419 1420 1371 
1385 1371 1420 1421 1372 
1386 1372 1421 1422 1373 
1387 1373 1422 1423 1374 
1388 1374 1423 1424 1375 
1389 1375 1424 1425 1376 
1390 1376 1425 1426 1377 
1391 1377 1426 1427 1378 
1392 1378 1427 1428 1379 
1393 1379 1428 1429 1380 
1394 1380 1429 1430 1381 
1395 1381 1430 1431 1382 
1396 1382 1431 1432 1383 
1397 1383 1432 1433 1384 
1398 1384 1433 1434 1385 
1399 1385 1434 1435 1386 
1400 1386 1435 1436 1387 
1401 1387 1436 1437 1388 
1402 1388 1437 1438 1389 
1403 1389 1438 1439 1390 
1404 1390 1439 1440 1391 
1405 1391 1440 1441 1392 
1406 1392 1441 1442 1393 
1407 1393 1442 1443 1394 
1408 1394 1443 1444 1395 
1409 1395 1444 1445 1396 
1410 1396 1445 1446 1397 
1411 1397 1446 1447 1398 
1412 1398 1447 1448 1399 
1413 1399 1448 1449 1400 
1414 1400 1449 1450 1401 
1415 1401 1450 1451 1402 
1416 1402 1451 1452 1403 
1417 1403 1452 1453 1404 
1418 1404 1453 1454 1405 
1419 1405 1454 1455 1406 
1420 1406 1455 1456 1407 
1421 1407 1456 1457 1408 
1422 1408 1457 71 70 
1423 32 33 1458 1409 
1424 1409 1458 1459 1410 
1425 1410 1459 1460 1411 
1426 1411 1460 1461 1412 
1427 1412 1461 1462 1413 
1428 1413 1462 1463 1414 
1429 1414 1463 1464 1415 
1430 1415 1464 1465 1416 
1431 1416 1465 1466 1417 
1432 1417 1466 1467 1418 
1433 1418 1467 1468 1419 
1434 1419 1468 1469 1420 
1435 1420 1469 1470 1421 
1436 1421 1470 1471 1422 
1437 1422 1471 1472 1423 
1438 1423 1472 1473 1424 
1439 1424 1473 1474 1425 
1440 1425 1474 1475 1426 
1441 1426 1475 1476 1427 
1442 1427 1476 1477 1428 
1443 1428 1477 1478 1429 
1444 1429 1478 1479 1430 
1445 1430 1479 1480 1431 
1446 1431 1480 1481 1432 
1447 1432 1481 1482 1433 
1448 1433 1482 1483 1434 
1449 1434 1483 1484 1435 
1450 1435 1484 1485 1436 
1451 1436 1485 1486 1437 
1452 1437 1486 1487 1438 
1453 1438 1487 1488 1439 
1454 1439 1488 1489 1440 
1455 1440 1489 1490 1441 
1456 1441 1490 1491 1442 
1457 1442 1491 1492 1443 
1458 1443 1492 1493 1444 
1459 1444 1493 1494 1445 
1460 1445 1494 1495 1446 
1461 1446 1495 1496 1447 
1462 1447 1496 1497 1448 
1463 1448 1497 1498 1449 
1464 1449 1498 1499 1450 
1465 1450 1499 1500 1451 
1466 1451 1500 1501 1452 
1467 1452 1501 1502 1453 
1468 1453 1502 1503 1454 
1469 1454 1503 1504 1455 
1470 1455 1504 1505 1456 
1471 1456 1505 1506 1457 
1472 1457 1506 72 71 
1473 33 34 1507 1458 
1474 1458 1507 1508 1459 
1475 1459 1508 1509 1460 
1476 1460 1509 1510 1461 
1477 1461 1510 1511 1462 
1478 1462 1511 1512 1463 
1479 1463 1512 1513 1464 
1480 1464 1513 1514 1465 
1481 1465 1514 1515 1466 
1482 1466 1515 1516 1467 
1483 1467 1516 1517 1468 
1484 1468 1517 1518 1469 
1485 1469 1518 1519 1470 
1486 1470 1519 1520 1471 
1487 1471 1520 1521 1472 
1488 1472 1521 1522 1473 
1489 1473 1522 1523 1474 
1490 1474 1523 1524 1475 
1491 1475 1524 1525 1476 
1492 1476 1525 1526 1477 
1493 1477 1526 1527 1478 
1494 1478 1527 1528 1479 
1495 1479 1528 1529 1480 
1496 1480 1529 1530 1481 
1497 1481 1530 1531 1482 
1498 1482 1531 1532 1483 
1499 1483 1532 1533 1484 
1500 1484 1533 1534 1485 
1501 1485 1534 1535 1486 
1502 1486 1535 1536 1487 
1503 1487 1536 1537 1488 
1504 1488 1537 1538 1489 
1505 1489 1538 1539 1490 
1506 1490 1539 1540 1491 
1507 1491 1540 1541 1492 
1508 1492 1541 1542 1493 
1509 1493 1542 1543 1494 
1510 1494 1543 1544 1495 
1511 1495 1544 1545 1496 
1512 1496 1545 1546 1497 
1513 1497 1546 1547 1498 
1514 1498 1547 1548 1499 
1515 1499 1548 1549 1500 
1516 1500 1549 1550 1501 
1517 1501 1550 1551 1502 
1518 1502 1551 1552 1503 
1519 1503 1552 1553 1504 
1520 1504 1553 1554 1505 
1521 1505 1554 1555 1506 
1522 1506 1555 73 72 
1523 34 35 1556 1507 
1524 1507 1556 1557 1508 
1525 1508 1557 1558 1509 
1526 1509 1558 1559 1510 
1527 1510 1559 1560 1511 
1528 1511 1560 1561 1512 
1529 1512 1561 1562 1513 
1530 1513 1562 1563 1514 
1531 1514 1563 1564 1515 
1532 1515 1564 1565 1516 
1533 1516 1565 1566 1517 
1534 1517 1566 1567 1518 
1535 1518 1567 1568 1519 
1536 1519 1568 1569 1520 
1537 1520 1569 1570 1521 
1538 1521 1570 1571 1522 
1539 1522 1571 1572 1523 
1540 1523 1572 1573 1524 
1541 1524 1573 1574 1525 
1542 1525 1574 1575 1526 
1543 1526 1575 1576 1527 
1544 1527 1576 1577 1528 
1545 1528 1577 1578 1529 
1546 1529 1578 1579 1530 
1547 1530 1579 1580 1531 
1548 1531 1580 1581 1532 
1549 1532 1581 1582 1533 
1550 1533 1582 1583 1534 
1551 1534 1583 1584 1535 
1552 1535 1584 1585 1536 
1553 1536 1585 1586 1537 
1554 1537 1586 1587 1538 
1555 1538 1587 1588 1539 
1556 1539 1588 1589 1540 
1557 1540 1589 1590 1541 
1558 1541 1590 1591 1542 
1559 1542 1591 1592 1543 
1560 1543 1592 1593 1544 
1561 1544 1593 1594 1545 
1562 1545 1594 1595 1546 
1563 1546 1595 1596 1547 
1564 1547 1596 1597 1548 
1565 1548 1597 1598 1549 
1566 1549 1598 1599 1550 
1567 1550 1599 1600 1551 
1568 1551 1600 1601 1552 
1569 1552 1601 1602 1553 
1570 1553 1602 1603 1554 
1571 1554 1603 1604 1555 
1572 1555 1604 74 73 
1573 35 36 1605 1556 
1574 1556 1605 1606 1557 
1575 1557 1606 1607 1558 
1576 1558 1607 1608 1559 
1577 1559 1608 1609 1560 
1578 1560 1609 1610 1561 
1579 1561 1610 1611 1562 
1580 1562 1611 1612 1563 
1581 1563 1612 1613 1564 
1582 1564 1613 1614 1565 
1583 1565 1614 1615 1566 
1584 1566 1615 1616 1567 
1585 1567 1616 1617 1568 
1586 1568 1617 1618 1569 
1587 1569 1618 1619 1570 
1588 1570 1619 1620 1571 
1589 1571 1620 1621 1572 
1590 1572 1621 1622 1573 
1591 1573 1622 1623 1574 
1592 1574 1623 1624 1575 
1593 1575 1624 1625 1576 
1594 1576 1625 1626 1577 
1595 1577 1626 1627 1578 
1596 1578 1627 1628 1579 
1597 1579 1628 1629 1580 
1598 1580 1629 1630 1581 
1599 1581 1630 1631 1582 
1600 1582 1631 1632 1583 
1601 1583 1632 1633 1584 
1602 1584 1633 1634 1585 
1603 1585 1634 1635 1586 
1604 1586 1635 1636 1587 
1605 1587 1636 1637 1588 
1606 1588 1637 1638 1589 
1607 1589 1638 1639 1590 
1608 1590 1639 1640 1591 
1609 1591 1640 1641 1592 
1610 1592 1641 1642 1593 
1611 1593 1642 1643 1594 
1612 1594 1643 1644 1595 
1613 1595 1644 1645 1596 
1614 1596 1645 1646 1597 
1615 1597 1646 1647 1598 
1616 1598 1647 1648 1599 
1617 1599 1648 1649 1600 
1618 1600 1649 1650 1601 
1619 1601 1650 1651 1602 
1620 1602 1651 1652 1603 
1621 1603 1652 1653 1604 
1622 1604 1653 75 74 
1623 36 37 1654 1605 
1624 1605 1654 1655 1606 
1625 1606 1655 1656 1607 
1626 1607 1656 1657 1608 
1627 1608 1657 1658 1609 
1628 1609 1658 1659 1610 
1629 1610 1659 1660 1611 
1630 1611 1660 1661 1612 
1631 1612 1661 1662 1613 
1632 1613 1662 1663 1614 
1633 1614 1663 1664 1615 
1634 1615 1664 1665 1616 
1635 1616 1665 1666 1617 
1636 1617 1666 1667 1618 
1637 1618 1667 1668 1619 
1638 1619 1668 1669 1620 
1639 1620 1669 1670 1621 
1640 1621 1670 1671 1622 
1641 1622 1671 1672 1623 
1642 1623 1672 1673 1624 
1643 1624 1673 1674 1625 
1644 1625 1674 1675 1626 
1645 1626 1675 1676 1627 
1646 1627 1676 1677 1628 
1647 1628 1677 1678 1629 
1648 1629 1678 1679 1630 
1649 1630 1679 1680 1631 
1650 1631 1680 1681 1632 
1651 1632 1681 1682 1633 
1652 1633 1682 1683 1634 
1653 1634 1683 1684 1635 
1654 1635 1684 1685 1636 
1655 1636 1685 1686 1637 
1656 1637 1686 1687 1638 
1657 1638 1687 1688 1639 
1658 1639 1688 1689 1640 
1659 1640 1689 1690 1641 
1660 1641 1690 1691 1642 
1661 1642 1691 1692 1643 
1662 1643 1692 1693 1644 
1663 1644 1693 1694 1645 
1664 1645 1694 1695 1646 
1665 1646 1695 1696 1647 
1666 1647 1696 1697 1648 
1667 1648 1697 1698 1649 
1668 1649 1698 1699 1650 
1669 1650 1699 1700 1651 
1670 1651 1700 1701 1652 
1671 1652 1701 1702 1653 
1672 1653 1702 76 75 
1673 37 38 1703 1654 
1674 1654 1703 1704 1655 
1675 1655 1704 1705 1656 
1676 1656 1705 1706 1657 
1677 1657 1706 1707 1658 
1678 1658 1707 1708 1659 
1679 1659 1708 1709 1660 
1680 1660 1709 1710 1661 
1681 1661 1710 1711 1662 
1682 1662 1711 1712 1663 
1683 1663 1712 1713 1664 
1684 1664 1713 1714 1665 
1685 1665 1714 1715 1666 
1686 1666 1715 1716 1667 
1687 1667 1716 1717 1668 
1688 1668 1717 1718 1669 
1689 1669 1718 1719 1670 
1690 1670 1719 1720 1671 
1691 1671 1720 1721 1672 
1692 1672 1721 1722 1673 
1693 1673 1722 1723 1674 
1694 1674 1723 1724 1675 
1695 1675 1724 1725 1676 
1696 1676 1725 1726 1677 
1697 1677 1726 1727 1678 
1698 1678 1727 1728 1679 
1699 1679 1728 1729 1680 
1700 1680 1729 1730 1681 
1701 1681 1730 1731 1682 
1702 1682 1731 1732 1683 
1703 1683 1732 1733 1684 
1704 1684 1733 1734 1685 
1705 1685 1734 1735 1686 
1706 1686 1735 1736 1687 
1707 1687 1736 1737 1688 
1708 1688 1737 1738 1689 
1709 1689 1738 1739 1690 
1710 1690 1739 1740 1691 
1711 1691 1740 1741 1692 
1712 1692 1741 1742 1693 
1713 1693 1742 1743 1694 
1714 1694 1743 1744 1695 
1715 1695 1744 1745 1696 
1716 1696 1745 1746 1697 
1717 1697 1746 1747 1698 
1718 1698 1747 1748 1699 
1719 1699 1748 1749 1700 
1720 1700 1749 1750 1701 
1721 1701 1750 1751 1702 
1722 1702 1751 77 76 
1723 38 39 1752 1703 
1724 1703 1752 1753 1704 
1725 1704 1753 1754 1705 
1726 1705 1754 1755 1706 
1727 1706 1755 1756 1707 
1728 1707 1756 1757 1708 
1729 1708 1757 1758 1709 
1730 1709 1758 1759 1710 
1731 1710 1759 1760 1711 
1732 1711 1760 1761 1712 
1733 1712 1761 1762 1713 
1734 1713 1762 1763 1714 
1735 1714 1763 1764 1715 
1736 1715 1764 1765 1716 
1737 1716 1765 1766 1717 
1738 1717 1766 1767 1718 
1739 1718 1767 1768 1719 
1740 1719 1768 1769 1720 
1741 1720 1769 1770 1721 
1742 1721 1770 1771 1722 
1743 1722 1771 1772 1723 
1744 1723 1772 1773 1724 
1745 1724 1773 1774 1725 
1746 1725 1774 1775 1726 
1747 1726 1775 1776 1727 
1748 1727 1776 1777 1728 
1749 1728 1777 1778 1729 
1750 1729 1778 1779 1730 
1751 1730 1779 1780 1731 
1752 1731 1780 1781 1732 
1753 1732 1781 1782 1733 
1754 1733 1782 1783 1734 
1755 1734 1783 1784 1735 
1756 1735 1784 1785 1736 
1757 1736 1785 1786 1737 
1758 1737 1786 1787 1738 
1759 1738 1787 1788 1739 
1760 1739 1788 1789 1740 
1761 1740 1789 1790 1741 
1762 1741 1790 1791 1742 
1763 1742 1791 1792 1743 
1764 1743 1792 1793 1744 
1765 1744 1793 1794 1745 
1766 1745 1794 1795 1746 
1767 1746 1795 1796 1747 
1768 1747 1796 1797 1748 
1769 1748 1797 1798 1749 
1770 1749 1798 1799 1750 
1771 1750 1799 1800 1751 
1772 1751 1800 78 77 
1773 39 40 1801 1752 
1774 1752 1801 1802 1753 
1775 1753 1802 1803 1754 
1776 1754 1803 1804 1755 
1777 1755 1804 1805 1756 
1778 1756 1805 1806 1757 
1779 1757 1806 1807 1758 
1780 1758 1807 1808 1759 
1781 1759 1808 1809 1760 
1782 1760 1809 1810 1761 
1783 1761 1810 1811 1762 
1784 1762 1811 1812 1763 
1785 1763 1812 1813 1764 
1786 1764 1813 1814 1765 
1787 1765 1814 1815 1766 
1788 1766 1815 1816 1767 
1789 1767 1816 1817 1768 
1790 1768 1817 1818 1769 
1791 1769 1818 1819 1770 
1792 1770 1819 1820 1771 
1793 1771 1820 1821 1772 
1794 1772 1821 1822 1773 
1795 1773 1822 1823 1774 
1796 1774 1823 1824 1775 
1797 1775 1824 1825 1776 
1798 1776 1825 1826 1777 
1799 1777 1826 1827 1778 
1800 1778 1827 1828 1779 
1801 1779 1828 1829 1780 
1802 1780 1829 1830 1781 
1803 1781 1830 1831 1782 
1804 1782 1831 1832 1783 
1805 1783 1832 1833 1784 
1806 1784 1833 1834 1785 
1807 1785 1834 1835 1786 
1808 1786 1835 1836 1787 
1809 1787 1836 1837 1788 
1810 1788 1837 1838 1789 
1811 1789 1838 1839 1790 
1812 1790 1839 1840 1791 
1813 1791 1840 1841 1792 
1814 1792 1841 1842 1793 
1815 1793 1842 1843 1794 
1816 1794 1843 1844 1795 
1817 1795 1844 1845 1796 
1818 1796 1845 1846 1797 
1819 1797 1846 1847 1798 
1820 1798 1847 1848 1799 
1821 1799 1848 1849 1800 
1822 1800 1849 79 78 
1823 40 41 1850 1801 
1824 1801 1850 1851 1802 
1825 1802 1851 1852 1803 
1826 1803 1852 1853 1804 
1827 1804 1853 1854 1805 
1828 1805 1854 1855 1806 
1829 1806 1855 1856 1807 
1830 1807 1856 1857 1808 
1831 1808 1857 1858 1809 
1832 1809 1858 1859 1810 
1833 1810 1859 1860 1811 
1834 1811 1860 1861 1812 
1835 1812 1861 1862 1813 
1836 1813 1862 1863 1814 
1837 1814 1863 1864 1815 
1838 1815 1864 1865 1816 
1839 1816 1865 1866 1817 
1840 1817 1866 1867 1818 
1841 1818 1867 1868 1819 
1842 1819 1868 1869 1820 
1843 1820 1869 1870 1821 
1844 1821 1870 1871 1822 
1845 1822 1871 1872 1823 
1846 1823 1872 1873 1824 
1847 1824 1873 1874 1825 
1848 1825 1874 1875 1826 
1849 1826 1875 1876 1827 
1850 1827 1876 1877 1828 
1851 1828 1877 1878 1829 
1852 1829 1878 1879 1830 
1853 1830 1879 1880 1831 
1854 1831 1880 1881 1832 
1855 1832 1881 1882 1833 
1856 1833 1882 1883 1834 
1857 1834 1883 1884 1835 
1858 1835 1884 1885 1836 
1859 1836 1885 1886 1837 
1860 1837 1886 1887 1838 
1861 1838 1887 1888 1839 
1862 1839 1888 1889 1840 
1863 1840 1889 1890 1841 
1864 1841 1890 1891 1842 
1865 1842 1891 1892 1843 
1866 1843 1892 1893 1844 
1867 1844 1893 1894 1845 
1868 1845 1894 1895 1846 
1869 1846 1895 1896 1847 
1870 1847 1896 1897 1848 
1871 1848 1897 1898 1849 
1872 1849 1898 80 79 
1873 41 42 1899 1850 
1874 1850 1899 1900 1851 
1875 1851 1900 1901 1852 
1876 1852 1901 1902 1853 
1877 1853 1902 1903 1854 
1878 1854 1903 1904 1855 
1879 1855 1904 1905 1856 
1880 1856 1905 1906 1857 
1881 1857 1906 1907 1858 
1882 1858 1907 1908 1859 
1883 1859 1908 1909 1860 
1884 1860 1909 1910 1861 
1885 1861 1910 1911 1862 
1886 1862 1911 1912 1863 
1887 1863 1912 1913 1864 
1888 1864 1913 1914 1865 
1889 1865 1914 1915 1866 
1890 1866 1915 1916 1867 
1891 1867 1916 1917 1868 
1892 1868 1917 1918 1869 
1893 1869 1918 1919 1870 
1894 1870 1919 1920 1871 
1895 1871 1920 1921 1872 
1896 1872 1921 1922 1873 
1897 1873 1922 1923 1874 
1898 1874 1923 1924 1875 
1899 1875 1924 1925 1876 
1900 1876 1925 1926 1877 
1901 1877 1926 1927 1878 
1902 1878 1927 1928 1879 
1903 1879 1928 1929 1880 
1904 1880 1929 1930 1881 
1905 1881 1930 1931 1882 
1906 1882 1931 1932 1883 
1907 1883 1932 1933 1884 
1908 1884 1933 1934 1885 
1909 1885 1934 1935 1886 
1910 1886 1935 1936 1887 
1911 1887 1936 1937 1888 
1912 1888 1937 1938 1889 
1913 1889 1938 1939 1890 
1914 1890 1939 1940 1891 
1915 1891 1940 1941 1892 
1916 1892 1941 1942 1893 
1917 1893 1942 1943 1894 
1918 1894 1943 1944 1895 
1919 1895 1944 1945 1896 
1920 1896 1945 1946 1897 
1921 1897 1946 1947 1898 
1922 1898 1947 81 80 
1923 42 43 1948 1899 
1924 1899 1948 1949 1900 
1925 1900 1949 1950 1901 
1926 1901 1950 1951 1902 
1927 1902 1951 1952 1903 
1928 1903 1952 1953 1904 
1929 1904 1953 1954 1905 
1930 1905 1954 1955 1906 
1931 1906 1955 1956 1907 
1932 1907 1956 1957 1908 
1933 1908 1957 1958 1909 
1934 1909 1958 1959 1910 
1935 1910 1959 1960 1911 
1936 1911 1960 1961 1912 
1937 1912 1961 1962 1913 
1938 1913 1962 1963 1914 
1939 1914 1963 1964 1915 
1940 1915 1964 1965 1916 
1941 1916 1965 1966 1917 
1942 1917 1966 1967 1918 
1943 1918 1967 1968 1919 
1944 1919 1968 1969 1920 
1945 1920 1969 1970 1921 
1946 1921 1970 1971 1922 
1947 1922 1971 1972 1923 
1948 1923 1972 1973 1924 
1949 1924 1973 1974 1925 
1950 1925 1974 1975 1926 
1951 1926 1975 1976 1927 
1952 1927 1976 1977 1928 
1953 1928 1977 1978 1929 
1954 1929 1978 1979 1930 
1955 1930 1979 1980 1931 
1956 1931 1980 1981 1932 
1957 1932 1981 1982 1933 
1958 1933 1982 1983 1934 
1959 1934 1983 1984 1935 
1960 1935 1984 1985 1936 
1961 1936 1985 1986 1937 
1962 1937 1986 1987 1938 
1963 1938 1987 1988 1939 
1964 1939 1988 1989 1940 
1965 1940 1989 1990 1941 
1966 1941 1990 1991 1942 
1967 1942 1991 1992 1943 
1968 1943 1992 1993 1944 
1969 1944 1993 1994 1945 
1970 1945 1994 1995 1946 
1971 1946 1995 1996 1947 
1972 1947 1996 82 81 
1973 43 44 1997 1948 
1974 1948 1997 1998 1949 
1975 1949 1998 1999 1950 
1976 1950 1999 2000 1951 
1977 1951 2000 2001 1952 
1978 1952 2001 2002 1953 
1979 1953 2002 2003 1954 
1980 1954 2003 2004 1955 
1981 1955 2004 2005 1956 
1982 1956 2005 2006 1957 
1983 1957 2006 2007 1958 
1984 1958 2007 2008 1959 
1985 1959 2008 2009 1960 
1986 1960 2009 2010 1961 
1987 1961 2010 2011 1962 
1988 1962 2011 2012 1963 
1989 1963 2012 2013 1964 
1990 1964 2013 2014 1965 
1991 1965 2014 2015 1966 
1992 1966 2015 2016 1967 
1993 1967 2016 2017 1968 
1994 1968 2017 2018 1969 
1995 1969 2018 2019 1970 
1996 1970 2019 2020 1971 
1997 1971 2020 2021 1972 
1998 1972 2021 2022 1973 
1999 1973 2022 2023 1974 
2000 1974 2023 2024 1975 
2001 1975 2024 2025 1976 
2002 1976 2025 2026 1977 
2003 1977 2026 2027 1978 
2004 1978 2027 2028 1979 
2005 1979 2028 2029 1980 
2006 1980 2029 2030 1981 
2007 1981 2030 2031 1982 
2008 1982 2031 2032 1983 
2009 1983 2032 2033 1984 
2010 1984 2033 2034 1985 
2011 1985 2034 2035 1986 
2012 1986 2035 2036 1987 
2013 1987 2036 2037 1988 
2014 1988 2037 2038 1989 
2015 1989 2038 2039 1990 
2016 1990 2039 2040 1991 
2017 1991 2040 2041 1992 
2018 1992 2041 2042 1993 
2019 1993 2042 2043 1994 
2020 1994 2043 2044 1995 
2021 1995 2044 2045 1996 
2022 1996 2045 83 82 
2023 44 45 2046 1997 
2024 1997 2046 2047 1998 
2025 1998 2047 2048 1999 
2026 1999 2048 2049 2000 
2027 2000 2049 2050 2001 
2028 2001 2050 2051 2002 
2029 2002 2051 2052 2003 
2030 2003 2052 2053 2004 
2031 2004 2053 2054 2005 
2032 2005 2054 2055 2006 
2033 2006 2055 2056 2007 
2034 2007 2056 2057 2008 
2035 2008 2057 2058 2009 
2036 2009 2058 2059 2010 
2037 2010 2059 2060 2011 
2038 2011 2060 2061 2012 
2039 2012 2061 2062 2013 
2040 2013 2062 2063 2014 
2041 2014 2063 2064 2015 
2042 2015 2064 2065 2016 
2043 2016 2065 2066 2017 
2044 2017 2066 2067 2018 
2045 2018 2067 2068 2019 
2046 2019 2068 2069 2020 
2047 2020 2069 2070 2021 
2048 2021 2070 2071 2022 
2049 2022 2071 2072 2023 
2050 2023 2072 2073 2024 
2051 2024 2073 2074 2025 
2052 2025 2074 2075 2026 
2053 2026 2075 2076 2027 
2054 2027 2076 2077 2028 
2055 2028 2077 2078 2029 
2056 2029 2078 2079 2030 
2057 2030 2079 2080 2031 
2058 2031 2080 2081 2032 
2059 2032 2081 2082 2033 
2060 2033 2082 2083 2034 
2061 2034 2083 2084 2035 
2062 2035 2084 2085 2036 
2063 2036 2085 2086 2037 
2064 2037 2086 2087 2038 
2065 2038 2087 2088 2039 
2066 2039 2088 2089 2040 
2067 2040 2089 2090 2041 
2068 2041 2090 2091 2042 
2069 2042 2091 2092 2043 
2070 2043 2092 2093 2044 
2071 2044 2093 2094 2045 
2072 2045 2094 84 83 
2073 45 46 2095 2046 
2074 2046 2095 2096 2047 
2075 2047 2096 2097 2048 
2076 2048 2097 2098 2049 
2077 2049 2098 2099 2050 
2078 2050 2099 2100 2051 
2079 2051 2100 2101 2052 
2080 2052 2101 2102 2053 
2081 2053 2102 2103 2054 
2082 2054 2103 2104 2055 
2083 2055 2104 2105 2056 
2084 2056 2105 2106 2057 
2085 2057 2106 2107 2058 
2086 2058 2107 2108 2059 
2087 2059 2108 2109 2060 
2088 2060 2109 2110 2061 
2089 2061 2110 2111 2062 
2090 2062 2111 2112 2063 
2091 2063 2112 2113 2064 
2092 2064 2113 2114 2065 
2093 2065 2114 2115 2066 
2094 2066 2115 2116 2067 
2095 2067 2116 2117 2068 
2096 2068 2117 2118 2069 
2097 2069 2118 2119 2070 
2098 2070 2119 2120 2071 
2099 2071 2120 2121 2072 
2100 2072 2121 2122 2073 
2101 2073 2122 2123 2074 
2102 2074 2123 2124 2075 
2103 2075 2124 2125 2076 
2104 2076 2125 2126 2077 
2105 2077 2126 2127 2078 
2106 2078 2127 2128 2079 
2107 2079 2128 2129 2080 
2108 2080 2129 2130 2081 
2109 2081 2130 2131 2082 
2110 2082 2131 2132 2083 
2111 2083 2132 2133 2084 
2112 2084 2133 2134 2085 
2113 2085 2134 2135 2086 
2114 2086 2135 2136 2087 
2115 2087 2136 2137 2088 
2116 2088 2137 2138 2089 
2117 2089 2138 2139 2090 
2118 2090 2139 2140 2091 
2119 2091 2140 2141 2092 
2120 2092 2141 2142 2093 
2121 2093 2142 2143 2094 
2122 2094 2143 85 84 
2123 46 47 2144 2095 
2124 2095 2144 2145 2096 
2125 2096 2145 2146 2097 
2126 2097 2146 2147 2098 
2127 2098 2147 2148 2099 
2128 2099 2148 2149 2100 
2129 2100 2149 2150 2101 
2130 2101 2150 2151 2102 
2131 2102 2151 2152 2103 
2132 2103 2152 2153 2104 
2133 2104 2153 2154 2105 
2134 2105 2154 2155 2106 
2135 2106 2155 2156 2107 
2136 2107 2156 2157 2108 
2137 2108 2157 2158 2109 
2138 2109 2158 2159 2110 
2139 2110 2159 2160 2111 
2140 2111 2160 2161 2112 
2141 2112 2161 2162 2113 
2142 2113 2162 2163 2114 
2143 2114 2163 2164 2115 
2144 2115 2164 2165 2116 
2145 2116 2165 2166 2117 
2146 2117 2166 2167 2118 
2147 2118 2167 2168 2119 
2148 2119 2168 2169 2120 
2149 2120 2169 2170 2121 
2150 2121 2170 2171 2122 
2151 2122 2171 2172 2123 
2152 2123 2172 2173 2124 
2153 2124 2173 2174 2125 
2154 2125 2174 2175 2126 
2155 2126 2175 2176 2127 
2156 2127 2176 2177 2128 
2157 2128 2177 2178 2129 
2158 2129 2178 2179 2130 
2159 2130 2179 2180 2131 
2160 2131 2180 2181 2132 
2161 2132 2181 2182 2133 
2162 2133 2182 2183 2134 
2163 2134 2183 2184 2135 
2164 2135 2184 2185 2136 
2165 2136 2185 2186 2137 
2166 2137 2186 2187 2138 
2167 2138 2187 2188 2139 
2168 2139 2188 2189 2140 
2169 2140 2189 2190 2141 
2170 2141 2190 2191 2142 
2171 2142 2191 2192 2143 
2172 2143 2192 86 85 
2173 47 48 2193 2144 
2174 2144 2193 2194 2145 
2175 2145 2194 2195 2146 
2176 2146 2195 2196 2147 
2177 2147 2196 2197 2148 
2178 2148 2197 2198 2149 
2179 2149 2198 2199 2150 
2180 2150 2199 2200 2151 
2181 2151 2200 2201 2152 
2182 2152 2201 2202 2153 
2183 2153 2202 2203 2154 
2184 2154 2203 2204 2155 
2185 2155 2204 2205 2156 
2186 2156 2205 2206 2157 
2187 2157 2206 2207 2158 
2188 2158 2207 2208 2159 
2189 2159 2208 2209 2160 
2190 2160 2209 2210 2161 
2191 2161 2210 2211 2162 
2192 2162 2211 2212 2163 
2193 2163 2212 2213 2164 
2194 2164 2213 2214 2165 
2195 2165 2214 2215 2166 
2196 2166 2215 2216 2167 
2197 2167 2216 2217 2168 
2198 2168 2217 2218 2169 
2199 2169 2218 2219 2170 
2200 2170 2219 2220 2171 
2201 2171 2220 2221 2172 
2202 2172 2221 2222 2173 
2203 2173 2222 2223 2174 
2204 2174 2223 2224 2175 
2205 2175 2224 2225 2176 
2206 2176 2225 2226 2177 
2207 2177 2226 2227 2178 
2208 2178 2227 2228 2179 
2209 2179 2228 2229 2180 
2210 2180 2229 2230 2181 
2211 2181 2230 2231 2182 
2212 2182 2231 2232 2183 
2213 2183 2232 2233 2184 
2214 2184 2233 2234 2185 
2215 2185 2234 2235 2186 
2216 2186 2235 2236 2187 
2217 2187 2236 2237 2188 
2218 2188 2237 2238 2189 
2219 2189 2238 2239 2190 
2220 2190 2239 2240 2191 
2221 2191 2240 2241 2192 
2222 2192 2241 87 86 
2223 48 3 225 2193 
2224 2193 225 226 2194 
2225 2194 226 227 2195 
2226 2195 227 228 2196 
2227 2196 228 229 2197 
2228 2197 229 230 2198 
2229 2198 230 231 2199 
2230 2199 231 232 2200 
2231 2200 232 233 2201 
2232 2201 233 234 2202 
2233 2202 234 235 2203 
2234 2203 235 236 2204 
2235 2204 236 237 2205 
2236 2205 237 238 2206 
2237 2206 238 239 2207 
2238 2207 239 240 2208 
2239 2208 240 241 2209 
2240 2209 241 242 2210 
2241 2210 242 243 2211 
2242 2211 243 244 2212 
2243 2212 244 245 2213 
2244 2213 245 246 2214 
2245 2214 246 247 2215 
2246 2215 247 248 2216 
2247 2216 248 249 2217 
2248 2217 249 250 2218 
2249 2218 250 251 2219 
2250 2219 251 252 2220 
2251 2220 252 253 2221 
2252 2221 253 254 2222 
2253 2222 254 255 2223 
2254 2223 255 256 2224 
2255 2224 256 257 2225 
2256 2225 257 258 2226 
2257 2226 258 259 2227 
2258 2227 259 260 2228 
2259 2228 260 261 2229 
2260 2229 261 262 2230 
2261 2230 262 263 2231 
2262 2231 263 264 2232 
2263 2232 264 265 2233 
2264 2233 265 266 2234 
2265 2234 266 267 2235 
2266 2235 267 268 2236 
2267 2236 268 269 2237 
2268 2237 269 270 2238 
2269 2238 270 271 2239 
2270 2239 271 272 2240 
2271 2240 272 273 2241 
2272 2241 273 6 87 
2 3 3 20
2273 4 5 293 274 
2274 274 293 294 275 
2275 275 294 295 276 
2276 276 295 296 277 
2277 277 296 297 278 
2278 278 297 298 279 
2279 279 298 299 280 
2280 280 299 300 281 
2281 281 300 301 282 
2282 282 301 302 283 
2283 283 302 303 284 
2284 284 303 304 285 
2285 285 304 305 286 
2286 286 305 306 287 
2287 287 306 307 288 
2288 288 307 308 289 
2289 289 308 309 290 
2290 290 309 310 291 
2291 291 310 311 292 
2292 292 311 8 7 
2 4 3 800
2293 5 49 2242 293 
2294 293 2242 2243 294 
2295 294 2243 2244 295 
2296 295 2244 2245 296 
2297 296 2245 2246 297 
2298 297 2246 2247 298 
2299 298 2247 2248 299 
2300 299 2248 2249 300 
2301 300 2249 2250 301 
2302 301 2250 2251 302 
2303 302 2251 2252 303 
2304 303 2252 2253 304 
2305 304 2253 2254 305 
2306 305 2254 2255 306 
2307 306 2255 2256 307 
2308 307 2256 2257 308 
2309 308 2257 2258 309 
2310 309 2258 2259 310 
2311 310 2259 2260 311 
2312 311 2260 88 8 
2313 49 50 2261 2242 
2314 2242 2261 2262 2243 
2315 2243 2262 2263 2244 
2316 2244 2263 2264 2245 
2317 2245 2264 2265 2246 
2318 2246 2265 2266 2247 
2319 2247 2266 2267 2248 
2320 2248 2267 2268 2249 
2321 2249 2268 2269 2250 
2322 2250 2269 2270 2251 
2323 2251 2270 2271 2252 
2324 2252 2271 2272 2253 
2325 2253 2272 2273 2254 
2326 2254 2273 2274 2255 
2327 2255 2274 2275 2256 
2328 2256 2275 2276 2257 
2329 2257 2276 2277 2258 
2330 2258 2277 2278 2259 
2331 2259 2278 2279 2260 
2332 2260 2279 89 88 
2333 50 51 2280 2261 
2334 2261 2280 2281 2262 
2335 2262 2281 2282 2263 
2336 2263 2282 2283 2264 
2337 2264 2283 2284 2265 
2338 2265 2284 2285 2266 
2339 2266 2285 2286 2267 
2340 2267 2286 2287 2268 
2341 2268 2287 2288 2269 
2342 2269 2288 2289 2270 
2343 2270 2289 2290 2271 
2344 2271 2290 2291 2272 
2345 2272 2291 2292 2273 
2346 2273 2292 2293 2274 
2347 2274 2293 2294 2275 
2348 2275 2294 2295 2276 
2349 2276 2295 2296 2277 
2350 2277 2296 2297 2278 
2351 2278 2297 2298 2279 
2352 2279 2298 90 89 
2353 51 52 2299 2280 
2354 2280 2299 2300 2281 
2355 2281 2300 2301 2282 
2356 2282 2301 2302 2283 
2357 2283 2302 2303 2284 
2358 2284 2303 2304 2285 
2359 2285 2304 2305 2286 
2360 2286 2305 2306 2287 
2361 2287 2306 2307 2288 
2362 2288 2307 2308 2289 
2363 2289 2308 2309 2290 
2364 2290 2309 2310 2291 
2365 2291 2310 2311 2292 
2366 2292 2311 2312 2293 
2367 2293 2312 2313 2294 
2368 2294 2313 2314 2295 
2369 2295 2314 2315 2296 
2370 2296 2315 2316 2297 
2371 2297 2316 2317 2298 
2372 2298 2317 91 90 
2373 52 53 2318 2299 
2374 2299 2318 2319 2300 
2375 2300 2319 2320 2301 
2376 2301 2320 2321 2302 
2377 2302 2321 2322 2303 
2378 2303 2322 2323 2304 
2379 2304 2323 2324 2305 
2380 2305 2324 2325 2306 
2381 2306 2325 2326 2307 
2382 2307 2326 2327 2308 
2383 2308 2327 2328 2309 
2384 2309 2328 2329 2310 
2385 2310 2329 2330 2311 
2386 2311 2330 2331 2312 
2387 2312 2331 2332 2313 
2388 2313 2332 2333 2314 
2389 2314 2333 2334 2315 
2390 2315 2334 2335 2316 
2391 2316 2335 2336 2317 
2392 2317 2336 92 91 
2393 53 54 2337 2318 
2394 2318 2337 2338 2319 
2395 2319 2338 2339 2320 
2396 2320 2339 2340 2321 
2397 2321 2340 2341 2322 
2398 2322 2341 2342 2323 
2399 2323 2342 2343 2324 
2400 2324 2343 2344 2325 
2401 2325 2344 2345 2326 
2402 2326 2345 2346 2327 
2403 2327 2346 2347 2328 
2404 2328 2347 2348 2329 
2405 2329 2348 2349 2330 
2406 2330 2349 2350 2331 
2407 2331 2350 2351 2332 
2408 2332 2351 2352 2333 
2409 2333 2352 2353 2334 
2410 2334 2353 2354 2335 
2411 2335 2354 2355 2336 
2412 2336 2355 93 92 
2413 54 55 2356 2337 
2414 2337 2356 2357 2338 
2415 2338 2357 2358 2339 
2416 2339 2358 2359 2340 
2417 2340 2359 2360 2341 
2418 2341 2360 2361 2342 
2419 2342 2361 2362 2343 
2420 2343 2362 2363 2344 
2421 2344 2363 2364 2345 
2422 2345 2364 2365 2346 
2423 2346 2365 2366 2347 
2424 2347 2366 2367 2348 
2425 2348 2367 2368 2349 
2426 2349 2368 2369 2350 
2427 2350 2369 2370 2351 
2428 2351 2370 2371 2352 
2429 2352 2371 2372 2353 
2430 2353 2372 2373 2354 
2431 2354 2373 2374 2355 
2432 2355 2374 94 93 
2433 55 56 2375 2356 
2434 2356 2375 2376 2357 
2435 2357 2376 2377 2358 
2436 2358 2377 2378 2359 
2437 2359 2378 2379 2360 
2438 2360 2379 2380 2361 
2439 2361 2380 2381 2362 
2440 2362 2381 2382 2363 
2441 2363 2382 2383 2364 
2442 2364 2383 2384 2365 
2443 2365 2384 2385 2366 
2444 2366 2385 2386 2367 
2445 2367 2386 2387 2368 
2446 2368 2387 2388 2369 
2447 2369 2388 2389 2370 
2448 2370 2389 2390 2371 
2449 2371 2390 2391 2372 
2450 2372 2391 2392 2373 
2451 2373 2392 2393 2374 
2452 2374 2393 95 94 
2453 56 57 2394 2375 
2454 2375 2394 2395 2376 
2455 2376 2395 2396 2377 
2456 2377 2396 2397 2378 
2457 2378 2397 2398 2379 
2458 2379 2398 2399 2380 
2459 2380 2399 2400 2381 
2460 2381 2400 2401 2382 
2461 2382 2401 2402 2383 
2462 2383 2402 2403 2384 
2463 2384 2403 2404 2385 
2464 2385 2404 2405 2386 
2465 2386 2405 2406 2387 
2466 2387 2406 2407 2388 
2467 2388 2407 2408 2389 
2468 2389 2408 2409 2390 
2469 2390 2409 2410 2391 
2470 2391 2410 2411 2392 
2471 2392 2411 2412 2393 
2472 2393 2412 96 95 
2473 57 58 2413 2394 
2474 2394 2413 2414 2395 
2475 2395 2414 2415 2396 
2476 2396 2415 2416 2397 
2477 2397 2416 2417 2398 
2478 2398 2417 2418 2399 
2479 2399 2418 2419 2400 
2480 2400 2419 2420 2401 
2481 2401 2420 2421 2402 
2482 2402 2421 2422 2403 
2483 2403 2422 2423 2404 
2484 2404 2423 2424 2405 
2485 2405 2424 2425 2406 
2486 2406 2425 2426 2407 
2487 2407 2426 2427 2408 
2488 2408 2427 2428 2409 
2489 2409 2428 2429 2410 
2490 2410 2429 2430 2411 
2491 2411 2430 2431 2412 
2492 2412 2431 97 96 
2493 58 59 2432 2413 
2494 2413 2432 2433 2414 
2495 2414 2433 2434 2415 
2496 2415 2434 2435 2416 
2497 2416 2435 2436 2417 
2498 2417 2436 2437 2418 
2499 2418 2437 2438 2419 
2500 2419 2438 2439 2420 
2501 2420 2439 2440 2421 
2502 2421 2440 2441 2422 
2503 2422 2441 2442 2423 
2504 2423 2442 2443 2424 
2505 2424 2443 2444 2425 
2506 2425 2444 2445 2426 
2507 2426 2445 2446 2427 
2508 2427 2446 2447 2428 
2509 2428 2447 2448 2429 
2510 2429 2448 2449 2430 
2511 2430 2449 2450 2431 
2512 2431 2450 98 97 
2513 59 60 2451 2432 
2514 2432 2451 2452 2433 
2515 2433 2452 2453 2434 
2516 2434 2453 2454 2435 
2517 2435 2454 2455 2436 
2518 2436 2455 2456 2437 
2519 2437 2456 2457 2438 
2520 2438 2457 2458 2439 
2521 2439 2458 2459 2440 
2522 2440 2459 2460 2441 
2523 2441 2460 2461 2442 
2524 2442 2461 2462 2443 
2525 2443 2462 2463 2444 
2526 2444 2463 2464 2445 
2527 2445 2464 2465 2446 
2528 2446 2465 2466 2447 
2529 2447 2466 2467 2448 
2530 2448 2467 2468 2449 
2531 2449 2468 2469 2450 
2532 2450 2469 99 98 
2533 60 61 2470 2451 
2534 2451 2470 2471 2452 
2535 2452 2471 2472 2453 
2536 2453 2472 2473 2454 
2537 2454 2473 2474 2455 
2538 2455 2474 2475 2456 
2539 2456 2475 2476 2457 
2540 2457 2476 2477 2458 
2541 2458 2477 2478 2459 
2542 2459 2478 2479 2460 
2543 2460 2479 2480 2461 
2544 2461 2480 2481 2462 
2545 2462 2481 2482 2463 
2546 2463 2482 2483 2464 
2547 2464 2483 2484 2465 
2548 2465 2484 2485 2466 
2549 2466 2485 2486 2467 
2550 2467 2486 2487 2468 
2551 2468 2487 2488 2469 
2552 2469 2488 100 99 
2553 61 62 2489 2470 
2554 2470 2489 2490 2471 
2555 2471 2490 2491 2472 
2556 2472 2491 2492 2473 
2557 2473 2492 2493 2474 
2558 2474 2493 2494 2475 
2559 2475 2494 2495 2476 
2560 2476 2495 2496 2477 
2561 2477 2496 2497 2478 
2562 2478 2497 2498 2479 
2563 2479 2498 2499 2480 
2564 2480 2499 2500 2481 
2565 2481 2500 2501 2482 
2566 2482 2501 2502 2483 
2567 2483 2502 2503 2484 
2568 2484 2503 2504 2485 
2569 2485 2504 2505 2486 
2570 2486 2505 2506 2487 
2571 2487 2506 2507 2488 
2572 2488 2507 101 100 
2573 62 63 2508 2489 
2574 2489 2508 2509 2490 
2575 2490 2509 2510 2491 
2576 2491 2510 2511 2492 
2577 2492 2511 2512 2493 
2578 2493 2512 2513 2494 
2579 2494 2513 2514 2495 
2580 2495 2514 2515 2496 
2581 2496 2515 2516 2497 
2582 2497 2516 2517 2498 
2583 2498 2517 2518 2499 
2584 2499 2518 2519 2500 
2585 2500 2519 2520 2501 
2586 2501 2520 2521 2502 
2587 2502 2521 2522 2503 
2588 2503 2522 2523 2504 
2589 2504 2523 2524 2505 
2590 2505 2524 2525 2506 
2591 2506 2525 2526 2507 
2592 2507 2526 102 101 
2593 63 64 2527 2508 
2594 2508 2527 2528 2509 
2595 2509 2528 2529 2510 
2596 2510 2529 2530 2511 
2597 2511 2530 2531 2512 
2598 2512 2531 2532 2513 
2599 2513 2532 2533 2514 
2600 2514 2533 2534 2515 
2601 2515 2534 2535 2516 
2602 2516 2535 2536 2517 
2603 2517 2536 2537 2518 
2604 2518 2537 2538 2519 
2605 2519 2538 2539 2520 
2606 2520 2539 2540 2521 
2607 2521 2540 2541 2522 
2608 2522 2541 2542 2523 
2609 2523 2542 2543 2524 
2610 2524 2543 2544 2525 
2611 2525 2544 2545 2526 
2612 2526 2545 103 102 
2613 64 65 2546 2527 
2614 2527 2546 2547 2528 
2615 2528 2547 2548 2529 
2616 2529 2548 2549 2530 
2617 2530 2549 2550 2531 
2618 2531 2550 2551 2532 
2619 2532 2551 2552 2533 
2620 2533 2552 2553 2534 
2621 2534 2553 2554 2535 
2622 2535 2554 2555 2536 
2623 2536 2555 2556 2537 
2624 2537 2556 2557 2538 
2625 2538 2557 2558 2539 
2626 2539 2558 2559 2540 
2627 2540 2559 2560 2541 
2628 2541 2560 2561 2542 
2629 2542 2561 2562 2543 
2630 2543 2562 2563 2544 
2631 2544 2563 2564 2545 
2632 2545 2564 104 103 
2633 65 66 2565 2546 
2634 2546 2565 2566 2547 
2635 2547 2566 2567 2548 
2636 2548 2567 2568 2549 
2637 2549 2568 2569 2550 
2638 2550 2569 2570 2551 
2639 2551 2570 2571 2552 
2640 2552 2571 2572 2553 
2641 2553 2572 2573 2554 
2642 2554 2573 2574 2555 
2643 2555 2574 2575 2556 
2644 2556 2575 2576 2557 
2645 2557 2576 2577 2558 
2646 2558 2577 2578 2559 
2647 2559 2578 2579 2560 
2648 2560 2579 2580 2561 
2649 2561 2580 2581 2562 
2650 2562 2581 2582 2563 
2651 2563 2582 2583 2564 
2652 2564 2583 105 104 
2653 66 67 2584 2565 
2654 2565 2584 2585 2566 
2655 2566 2585 2586 2567 
2656 2567 2586 2587 2568 
2657 2568 2587 2588 2569 
2658 2569 2588 2589 2570 
2659 2570 2589 2590 2571 
2660 2571 2590 2591 2572 
2661 2572 2591 2592 2573 
2662 2573 2592 2593 2574 
2663 2574 2593 2594 2575 
2664 2575 2594 2595 2576 
2665 2576 2595 2596 2577 
2666 2577 2596 2597 2578 
2667 2578 2597 2598 2579 
2668 2579 2598 2599 2580 
2669 2580 2599 2600 2581 
2670 2581 2600 2601 2582 
2671 2582 2601 2602 2583 
2672 2583 2602 106 105 
2673 67 68 2603 2584 
2674 2584 2603 2604 2585 
2675 2585 2604 2605 2586 
2676 2586 2605 2606 2587 
2677 2587 2606 2607 2588 
2678 2588 2607 2608 2589 
2679 2589 2608 2609 2590 
2680 2590 2609 2610 2591 
2681 2591 2610 2611 2592 
2682 2592 2611 2612 2593 
2683 2593 2612 2613 2594 
2684 2594 2613 2614 2595 
2685 2595 2614 2615 2596 
2686 2596 2615 2616 2597 
2687 2597 2616 2617 2598 
2688 2598 2617 2618 2599 
2689 2599 2618 2619 2600 
2690 2600 2619 2620 2601 
2691 2601 2620 2621 2602 
2692 2602 2621 107 106 
2693 68 69 2622 2603 
2694 2603 2622 2623 2604 
2695 2604 2623 2624 2605 
2696 2605 2624 2625 2606 
2697 2606 2625 2626 2607 
2698 2607 2626 2627 2608 
2699 2608 2627 2628 2609 
2700 2609 2628 2629 2610 
2701 2610 2629 2630 2611 
2702 2611 2630 2631 2612 
2703 2612 2631 2632 2613 
2704 2613 2632 2633 2614 
2705 2614 2633 2634 2615 
2706 2615 2634 2635 2616 
2707 2616 2635 2636 2617 
2708 2617 2636 2637 2618 
2709 2618 2637 2638 2619 
2710 2619 2638 2639 2620 
2711 2620 2639 2640 2621 
2712 2621 2640 108 107 
2713 69 70 2641 2622 
2714 2622 2641 2642 2623 
2715 2623 2642 2643 2624 
2716 2624 2643 2644 2625 
2717 2625 2644 2645 2626 
2718 2626 2645 2646 2627 
2719 2627 2646 2647 2628 
2720 2628 2647 2648 2629 
2721 2629 2648 2649 2630 
2722 2630 2649 2650 2631 
2723 2631 2650 2651 2632 
2724 2632 2651 2652 2633 
2725 2633 2652 2653 2634 
2726 2634 2653 2654 2635 
2727 2635 2654 2655 2636 
2728 2636 2655 2656 2637 
2729 2637 2656 2657 2638 
2730 2638 2657 2658 2639 
2731 2639 2658 2659 2640 
2732 2640 2659 109 108 
2733 70 71 2660 2641 
2734 2641 2660 2661 2642 
2735 2642 2661 2662 2643 
2736 2643 2662 2663 2644 
2737 2644 2663 2664 2645 
2738 2645 2664 2665 2646 
2739 2646 2665 2666 2647 
2740 2647 2666 2667 2648 
2741 2648 2667 2668 2649 
2742 2649 2668 2669 2650 
2743 2650 2669 2670 2651 
2744 2651 2670 2671 2652 
2745 2652 2671 2672 2653 
2746 2653 2672 2673 2654 
2747 2654 2673 2674 2655 
2748 2655 2674 2675 2656 
2749 2656 2675 2676 2657 
2750 2657 2676 2677 2658 
2751 2658 2677 2678 2659 
2752 2659 2678 110 109 
2753 71 72 2679 2660 
2754 2660 2679 2680 2661 
2755 2661 2680 2681 2662 
2756 2662 2681 2682 2663 
2757 2663 2682 2683 2664 
2758 2664 2683 2684 2665 
2759 2665 2684 2685 2666 
2760 2666 2685 2686 2667 
2761 2667 2686 2687 2668 
2762 2668 2687 2688 2669 
2763 2669 2688 2689 2670 
2764 2670 2689 2690 2671 
2765 2671 2690 2691 2672 
2766 2672 2691 2692 2673 
2767 2673 2692 2693 2674 
2768 2674 2693 2694 2675 
2769 2675 2694 2695 2676 
2770 2676 2695 2696 2677 
2771 2677 2696 2697 2678 
2772 2678 2697 111 110 
2773 72 73 2698 2679 
2774 2679 2698 2699 2680 
2775 2680 2699 2700 2681 
2776 2681 2700 2701 2682 
2777 2682 2701 2702 2683 
2778 2683 2702 2703 2684 
2779 2684 2703 2704 2685 
2780 2685 2704 2705 2686 
2781 2686 2705 2706 2687 
2782 2687 2706 2707 2688 
2783 2688 2707 2708 2689 
2784 2689 2708 2709 2690 
2785 2690 2709 2710 2691 
2786 2691 2710 2711 2692 
2787 2692 2711 2712 2693 
2788 2693 2712 2713 2694 
2789 2694 2713 2714 2695 
2790 2695 2714 2715 2696 
2791 2696 2715 2716 2697 
2792 2697 2716 112 111 
2793 73 74 2717 2698 
2794 2698 2717 2718 2699 
2795 2699 2718 2719 2700 
2796 2700 2719 2720 2701 
2797 2701 2720 2721 2702 
2798 2702 2721 2722 2703 
2799 2703 2722 2723 2704 
2800 2704 2723 2724 2705 
2801 2705 2724 2725 2706 
2802 2706 2725 2726 2707 
2803 2707 2726 2727 2708 
2804 2708 2727 2728 2709 
2805 2709 2728 2729 2710 
2806 2710 2729 2730 2711 
2807 2711 2730 2731 2712 
2808 2712 2731 2732 2713 
2809 2713 2732 2733 2714 
2810 2714 2733 2734 2715 
2811 2715 2734 2735 2716 
2812 2716 2735 113 112 
2813 74 75 2736 2717 
2814 2717 2736 2737 2718 
2815 2718 2737 2738 2719 
2816 2719 2738 2739 2720 
2817 2720 2739 2740 2721 
2818 2721 2740 2741 2722 
2819 2722 2741 2742 2723 
2820 2723 2742 2743 2724 
2821 2724 2743 2744 2725 
2822 2725 2744 2745 2726 
2823 2726 2745 2746 2727 
2824 2727 2746 2747 2728 
2825 2728 2747 2748 2729 
2826 2729 2748 2749 2730 
2827 2730 2749 2750 2731 
2828 2731 2750 2751 2732 
2829 2732 2751 2752 2733 
2830 2733 2752 2753 2734 
2831 2734 2753 2754 2735 
2832 2735 2754 114 113 
2833 75 76 2755 2736 
2834 2736 2755 2756 2737 
2835 2737 2756 2757 2738 
2836 2738 2757 2758 2739 
2837 2739 2758 2759 2740 
2838 2740 2759 2760 2741 
2839 2741 2760 2761 2742 
2840 2742 2761 2762 2743 
2841 2743 2762 2763 2744 
2842 2744 2763 2764 2745 
2843 2745 2764 2765 2746 
2844 2746 2765 2766 2747 
2845 2747 2766 2767 2748 
2846 2748 2767 2768 2749 
2847 2749 2768 2769 2750 
2848 2750 2769 2770 2751 
2849 2751 2770 2771 2752 
2850 2752 2771 2772 2753 
2851 2753 2772 2773 2754 
2852 2754 2773 115 114 
2853 76 77 2774 2755 
2854 2755 2774 2775 2756 
2855 2756 2775 2776 2757 
2856 2757 2776 2777 2758 
2857 2758 2777 2778 2759 
2858 2759 2778 2779 2760 
2859 2760 2779 2780 2761 
2860 2761 2780 2781 2762 
2861 2762 2781 2782 2763 
2862 2763 2782 2783 2764 
2863 2764 2783 2784 2765 
2864 2765 2784 2785 2766 
2865 2766 2785 2786 2767 
2866 2767 2786 2787 2768 
2867 2768 2787 2788 2769 
2868 2769 2788 2789 2770 
2869 2770 2789 2790 2771 
2870 2771 2790 2791 2772 
2871 2772 2791 2792 2773 
2872 2773 2792 116 115 
2873 77 78 2793 2774 
2874 2774 2793 2794 2775 
2875 2775 2794 2795 2776 
2876 2776 2795 2796 2777 
2877 2777 2796 2797 2778 
2878 2778 2797 2798 2779 
2879 2779 2798 2799 2780 
2880 2780 2799 2800 2781 
2881 2781 2800 2801 2782 
2882 2782 2801 2802 2783 
2883 2783 2802 2803 2784 
2884 2784 2803 2804 2785 
2885 2785 2804 2805 2786 
2886 2786 2805 2806 2787 
2887 2787 2806 2807 2788 
2888 2788 2807 2808 2789 
2889 2789 2808 2809 2790 
2890 2790 2809 2810 2791 
2891 2791 2810 2811 2792 
2892 2792 2811 117 116 
2893 78 79 2812 2793 
2894 2793 2812 2813 2794 
2895 2794 2813 2814 2795 
2896 2795 2814 2815 2796 
2897 2796 2815 2816 2797 
2898 2797 2816 2817 2798 
2899 2798 2817 2818 2799 
2900 2799 2818 2819 2800 
2901 2800 2819 2820 2801 
2902 2801 2820 2821 2802 
2903 2802 2821 2822 2803 
2904 2803 2822 2823 2804 
2905 2804 2823 2824 2805 
2906 2805 2824 2825 2806 
2907 2806 2825 2826 2807 
2908 2807 2826 2827 2808 
2909 2808 2827 2828 2809 
2910 2809 2828 2829 2810 
2911 2810 2829 2830 2811 
2912 2811 2830 118 117 
2913 79 80 2831 2812 
2914 2812 2831 2832 2813 
2915 2813 2832 2833 2814 
2916 2814 2833 2834 2815 
2917 2815 2834 2835 2816 
2918 2816 2835 2836 2817 
2919 2817 2836 2837 2818 
2920 2818 2837 2838 2819 
2921 2819 2838 2839 2820 
2922 2820 2839 2840 2821 
2923 2821 2840 2841 2822 
2924 2822 2841 2842 2823 
2925 2823 2842 2843 2824 
2926 2824 2843 2844 2825 
2927 2825 2844 2845 2826 
2928 2826 2845 2846 2827 
2929 2827 2846 2847 2828 
2930 2828 2847 2848 2829 
2931 2829 2848 2849 2830 
2932 2830 2849 119 118 
2933 80 81 2850 2831 
2934 2831 2850 2851 2832 
2935 2832 2851 2852 2833 
2936 2833 2852 2853 2834 
2937 2834 2853 2854 2835 
2938 2835 2854 2855 2836 
2939 2836 2855 2856 2837 
2940 2837 2856 2857 2838 
2941 2838 2857 2858 2839 
2942 2839 2858 2859 2840 
2943 2840 2859 2860 2841 
2944 2841 2860 2861 2842 
2945 2842 2861 2862 2843 
2946 2843 2862 2863 2844 
2947 2844 2863 2864 2845 
2948 2845 2864 2865 2846 
2949 2846 2865 2866 2847 
2950 2847 2866 2867 2848 
2951 2848 2867 2868 2849 
2952 2849 2868 120 119 
2953 81 82 2869 2850 
2954 2850 2869 2870 2851 
2955 2851 2870 2871 2852 
2956 2852 2871 2872 2853 
2957 2853 2872 2873 2854 
2958 2854 2873 2874 2855 
2959 2855 2874 2875 2856 
2960 2856 2875 2876 2857 
2961 2857 2876 2877 2858 
2962 2858 2877 2878 2859 
2963 2859 2878 2879 2860 
2964 2860 2879 2880 2861 
2965 2861 2880 2881 2862 
2966 2862 2881 2882 2863 
2967 2863 2882 2883 2864 
2968 2864 2883 2884 2865 
2969 2865 2884 2885 2866 
2970 2866 2885 2886 2867 
2971 2867 2886 2887 2868 
2972 2868 2887 121 120 
2973 82 83 2888 2869 
2974 2869 2888 2889 2870 
2975 2870 2889 2890 2871 
2976 2871 2890 2891 2872 
2977 2872 2891 2892 2873 
2978 2873 2892 2893 2874 
2979 2874 2893 2894 2875 
2980 2875 2894 2895 2876 
2981 2876 2895 2896 2877 
2982 2877 2896 2897 2878 
2983 2878 2897 2898 2879 
2984 2879 2898 2899 2880 
2985 2880 2899 2900 2881 
2986 2881 2900 2901 2882 
2987 2882 2901 2902 2883 
2988 2883 2902 2903 2884 
2989 2884 2903 2904 2885 
2990 2885 2904 2905 2886 
2991 2886 2905 2906 2887 
2992 2887 2906 122 121 
2993 83 84 2907 2888 
2994 2888 2907 2908 2889 
2995 2889 2908 2909 2890 
2996 2890 2909 2910 2891 
2997 2891 2910 2911 2892 
2998 2892 2911 2912 2893 
2999 2893 2912 2913 2894 
3000 2894 2913 2914 2895 
3001 2895 2914 2915 2896 
3002 2896 2915 2916 2897 
3003 2897 2916 2917 2898 
3004 2898 2917 2918 2899 
3005 2899 2918 2919 2900 
3006 2900 2919 2920 2901 
3007 2901 2920 2921 2902 
3008 2902 2921 2922 2903 
3009 2903 2922 2923 2904 
3010 2904 2923 2924 2905 
3011 2905 2924 2925 2906 
3012 2906 2925 123 122 
3013 84 85 2926 2907 
3014 2907 2926 2927 2908 
3015 2908 2927 2928 2909 
3016 2909 2928 2929 2910 
3017 2910 2929 2930 2911 
3018 2911 2930 2931 2912 
3019 2912 2931 2932 2913 
3020 2913 2932 2933 2914 
3021 2914 2933 2934 2915 
3022 2915 2934 2935 2916 
3023 2916 2935 2936 2917 
3024 2917 2936 2937 2918 
3025 2918 2937 2938 2919 
3026 2919 2938 2939 2920 
3027 2920 2939 2940 2921 
3028 2921 2940 2941 2922 
3029 2922 2941 2942 2923 
3030 2923 2942 2943 2924 
3031 2924 2943 2944 2925 
3032 2925 2944 124 123 
3033 85 86 2945 2926 
3034 2926 2945 2946 2927 
3035 2927 2946 2947 2928 
3036 2928 2947 2948 2929 
3037 2929 2948 2949 2930 
3038 2930 2949 2950 2931 
3039 2931 2950 2951 2932 
3040 2932 2951 2952 2933 
3041 2933 2952 2953 2934 
3042 2934 2953 2954 2935 
3043 2935 2954 2955 2936 
3044 2936 2955 2956 2937 
3045 2937 2956 2957 2938 
3046 2938 2957 2958 2939 
3047 2939 2958 2959 2940 
3048 2940 2959 2960 2941 
3049 2941 2960 2961 2942 
3050 2942 2961 2962 2943 
3051 2943 2962 2963 2944 
3052 2944 2963 125 124 
3053 86 87 2964 2945 
3054 2945 2964 2965 2946 
3055 2946 2965 2966 2947 
3056 2947 2966 2967 2948 
3057 2948 2967 2968 2949 
3058 2949 2968 2969 2950 
3059 2950 2969 2970 2951 
3060 2951 2970 2971 2952 
3061 2952 2971 2972 2953 
3062 2953 2972 2973 2954 
3063 2954 2973 2974 2955 
3064 2955 2974 2975 2956 
3065 2956 2975 2976 2957 
3066 2957 2976 2977 2958 
3067 2958 2977 2978 2959 
3068 2959 2978 2979 2960 
3069 2960 2979 2980 2961 
3070 2961 2980 2981 2962 
3071 2962 2981 2982 2963 
3072 2963 2982 126 125 
3073 87 6 312 2964 
3074 2964 312 313 2965 
3075 2965 313 314 2966 
3076 2966 314 315 2967 
3077 2967 315 316 2968 
3078 2968 316 317 2969 
3079 2969 317 318 2970 
3080 2970 318 319 2971 
3081 2971 319 320 2972 
3082 2972 320 321 2973 
3083 2973 321 322 2974 
3084 2974 322 323 2975 
3085 2975 323 324 2976 
3086 2976 324 325 2977 
3087 2977 325 326 2978 
3088 2978 326 327 2979 
3089 2979 327 328 2980 
3090 2980 328 329 2981 
3091 2981 329 330 2982 
3092 2982 330 9 126 
$EndElements
